Date,Product,Base_Price_LKR,Units_Produced,Units_Sold,Leftover,Day_of_Week,Month,Season,Is_Weekend,Temperature_C,Rainfall_mm,Weather_Code,Weather_Condition,Is_Holiday,Holiday_Name,Day_Before_Holiday,Day_After_Holiday
2024-01-01,Chicken Bun,130,54,49,5,Monday,1,Northeast Monsoon,False,23.5,11.8,63,Rain,False,,False,False
2024-01-01,Chicken Pastry,180,69,66,3,Monday,1,Northeast Monsoon,False,23.5,11.8,63,Rain,False,,False,False
2024-01-01,Chicken Samosa,90,63,58,5,Monday,1,Northeast Monsoon,False,23.5,11.8,63,Rain,False,,False,False
2024-01-01,Cream Bun,120,39,35,4,Monday,1,Northeast Monsoon,False,23.5,11.8,63,Rain,False,,False,False
2024-01-01,Egg Roll,100,38,37,1,Monday,1,Northeast Monsoon,False,23.5,11.8,63,Rain,False,,False,False
2024-01-01,Fish Bun,120,66,59,7,Monday,1,Northeast Monsoon,False,23.5,11.8,63,Rain,False,,False,False
2024-01-01,Fish Patty,110,42,40,2,Monday,1,Northeast Monsoon,False,23.5,11.8,63,Rain,False,,False,False
2024-01-01,Mini Pizza,220,35,33,2,Monday,1,Northeast Monsoon,False,23.5,11.8,63,Rain,False,,False,False
2024-01-01,Sausage Bun,140,46,44,2,Monday,1,Northeast Monsoon,False,23.5,11.8,63,Rain,False,,False,False
2024-01-01,Vegetable Roti,100,47,44,3,Monday,1,Northeast Monsoon,False,23.5,11.8,63,Rain,False,,False,False
2024-01-02,Chicken Bun,130,58,54,4,Tuesday,1,Northeast Monsoon,False,23.5,10.0,61,Rain,False,,False,False
2024-01-02,Chicken Pastry,180,67,63,4,Tuesday,1,Northeast Monsoon,False,23.5,10.0,61,Rain,False,,False,False
2024-01-02,Chicken Samosa,90,58,53,5,Tuesday,1,Northeast Monsoon,False,23.5,10.0,61,Rain,False,,False,False
2024-01-02,Cream Bun,120,36,34,2,Tuesday,1,Northeast Monsoon,False,23.5,10.0,61,Rain,False,,False,False
2024-01-02,Egg Roll,100,47,44,3,Tuesday,1,Northeast Monsoon,False,23.5,10.0,61,Rain,False,,False,False
2024-01-02,Fish Bun,120,68,63,5,Tuesday,1,Northeast Monsoon,False,23.5,10.0,61,Rain,False,,False,False
2024-01-02,Fish Patty,110,47,43,4,Tuesday,1,Northeast Monsoon,False,23.5,10.0,61,Rain,False,,False,False
2024-01-02,Mini Pizza,220,34,32,2,Tuesday,1,Northeast Monsoon,False,23.5,10.0,61,Rain,False,,False,False
2024-01-02,Sausage Bun,140,49,44,5,Tuesday,1,Northeast Monsoon,False,23.5,10.0,61,Rain,False,,False,False
2024-01-02,Vegetable Roti,100,52,48,4,Tuesday,1,Northeast Monsoon,False,23.5,10.0,61,Rain,False,,False,False
2024-01-03,Chicken Bun,130,72,65,7,Wednesday,1,Northeast Monsoon,False,24.2,0.4,51,Drizzle,False,,False,False
2024-01-03,Chicken Pastry,180,101,92,9,Wednesday,1,Northeast Monsoon,False,24.2,0.4,51,Drizzle,False,,False,False
2024-01-03,Chicken Samosa,90,68,61,7,Wednesday,1,Northeast Monsoon,False,24.2,0.4,51,Drizzle,False,,False,False
2024-01-03,Cream Bun,120,45,42,3,Wednesday,1,Northeast Monsoon,False,24.2,0.4,51,Drizzle,False,,False,False
2024-01-03,Egg Roll,100,65,60,5,Wednesday,1,Northeast Monsoon,False,24.2,0.4,51,Drizzle,False,,False,False
2024-01-03,Fish Bun,120,74,68,6,Wednesday,1,Northeast Monsoon,False,24.2,0.4,51,Drizzle,False,,False,False
2024-01-03,Fish Patty,110,61,56,5,Wednesday,1,Northeast Monsoon,False,24.2,0.4,51,Drizzle,False,,False,False
2024-01-03,Mini Pizza,220,48,42,6,Wednesday,1,Northeast Monsoon,False,24.2,0.4,51,Drizzle,False,,False,False
2024-01-03,Sausage Bun,140,59,56,3,Wednesday,1,Northeast Monsoon,False,24.2,0.4,51,Drizzle,False,,False,False
2024-01-03,Vegetable Roti,100,64,59,5,Wednesday,1,Northeast Monsoon,False,24.2,0.4,51,Drizzle,False,,False,False
2024-01-04,Chicken Bun,130,59,57,2,Thursday,1,Northeast Monsoon,False,24.4,0.6,51,Drizzle,False,,False,False
2024-01-04,Chicken Pastry,180,81,76,5,Thursday,1,Northeast Monsoon,False,24.4,0.6,51,Drizzle,False,,False,False
2024-01-04,Chicken Samosa,90,73,68,5,Thursday,1,Northeast Monsoon,False,24.4,0.6,51,Drizzle,False,,False,False
2024-01-04,Cream Bun,120,48,44,4,Thursday,1,Northeast Monsoon,False,24.4,0.6,51,Drizzle,False,,False,False
2024-01-04,Egg Roll,100,69,62,7,Thursday,1,Northeast Monsoon,False,24.4,0.6,51,Drizzle,False,,False,False
2024-01-04,Fish Bun,120,79,72,7,Thursday,1,Northeast Monsoon,False,24.4,0.6,51,Drizzle,False,,False,False
2024-01-04,Fish Patty,110,60,56,4,Thursday,1,Northeast Monsoon,False,24.4,0.6,51,Drizzle,False,,False,False
2024-01-04,Mini Pizza,220,45,41,4,Thursday,1,Northeast Monsoon,False,24.4,0.6,51,Drizzle,False,,False,False
2024-01-04,Sausage Bun,140,64,58,6,Thursday,1,Northeast Monsoon,False,24.4,0.6,51,Drizzle,False,,False,False
2024-01-04,Vegetable Roti,100,57,54,3,Thursday,1,Northeast Monsoon,False,24.4,0.6,51,Drizzle,False,,False,False
2024-01-05,Chicken Bun,130,67,62,5,Friday,1,Northeast Monsoon,False,24.1,3.0,61,Rain,False,,False,False
2024-01-05,Chicken Pastry,180,87,82,5,Friday,1,Northeast Monsoon,False,24.1,3.0,61,Rain,False,,False,False
2024-01-05,Chicken Samosa,90,68,65,3,Friday,1,Northeast Monsoon,False,24.1,3.0,61,Rain,False,,False,False
2024-01-05,Cream Bun,120,44,41,3,Friday,1,Northeast Monsoon,False,24.1,3.0,61,Rain,False,,False,False
2024-01-05,Egg Roll,100,55,50,5,Friday,1,Northeast Monsoon,False,24.1,3.0,61,Rain,False,,False,False
2024-01-05,Fish Bun,120,70,66,4,Friday,1,Northeast Monsoon,False,24.1,3.0,61,Rain,False,,False,False
2024-01-05,Fish Patty,110,57,52,5,Friday,1,Northeast Monsoon,False,24.1,3.0,61,Rain,False,,False,False
2024-01-05,Mini Pizza,220,34,33,1,Friday,1,Northeast Monsoon,False,24.1,3.0,61,Rain,False,,False,False
2024-01-05,Sausage Bun,140,48,47,1,Friday,1,Northeast Monsoon,False,24.1,3.0,61,Rain,False,,False,False
2024-01-05,Vegetable Roti,100,55,51,4,Friday,1,Northeast Monsoon,False,24.1,3.0,61,Rain,False,,False,False
2024-01-06,Chicken Bun,130,58,53,5,Saturday,1,Northeast Monsoon,True,23.5,14.7,63,Rain,False,,False,False
2024-01-06,Chicken Pastry,180,79,70,9,Saturday,1,Northeast Monsoon,True,23.5,14.7,63,Rain,False,,False,False
2024-01-06,Chicken Samosa,90,68,63,5,Saturday,1,Northeast Monsoon,True,23.5,14.7,63,Rain,False,,False,False
2024-01-06,Cream Bun,120,39,38,1,Saturday,1,Northeast Monsoon,True,23.5,14.7,63,Rain,False,,False,False
2024-01-06,Egg Roll,100,46,43,3,Saturday,1,Northeast Monsoon,True,23.5,14.7,63,Rain,False,,False,False
2024-01-06,Fish Bun,120,62,56,6,Saturday,1,Northeast Monsoon,True,23.5,14.7,63,Rain,False,,False,False
2024-01-06,Fish Patty,110,46,45,1,Saturday,1,Northeast Monsoon,True,23.5,14.7,63,Rain,False,,False,False
2024-01-06,Mini Pizza,220,42,39,3,Saturday,1,Northeast Monsoon,True,23.5,14.7,63,Rain,False,,False,False
2024-01-06,Sausage Bun,140,50,47,3,Saturday,1,Northeast Monsoon,True,23.5,14.7,63,Rain,False,,False,False
2024-01-06,Vegetable Roti,100,44,41,3,Saturday,1,Northeast Monsoon,True,23.5,14.7,63,Rain,False,,False,False
2024-01-07,Chicken Bun,130,67,65,2,Sunday,1,Northeast Monsoon,True,23.4,1.9,53,Drizzle,False,,False,False
2024-01-07,Chicken Pastry,180,93,86,7,Sunday,1,Northeast Monsoon,True,23.4,1.9,53,Drizzle,False,,False,False
2024-01-07,Chicken Samosa,90,96,81,15,Sunday,1,Northeast Monsoon,True,23.4,1.9,53,Drizzle,False,,False,False
2024-01-07,Cream Bun,120,57,53,4,Sunday,1,Northeast Monsoon,True,23.4,1.9,53,Drizzle,False,,False,False
2024-01-07,Egg Roll,100,72,66,6,Sunday,1,Northeast Monsoon,True,23.4,1.9,53,Drizzle,False,,False,False
2024-01-07,Fish Bun,120,88,78,10,Sunday,1,Northeast Monsoon,True,23.4,1.9,53,Drizzle,False,,False,False
2024-01-07,Fish Patty,110,56,53,3,Sunday,1,Northeast Monsoon,True,23.4,1.9,53,Drizzle,False,,False,False
2024-01-07,Mini Pizza,220,54,49,5,Sunday,1,Northeast Monsoon,True,23.4,1.9,53,Drizzle,False,,False,False
2024-01-07,Sausage Bun,140,57,55,2,Sunday,1,Northeast Monsoon,True,23.4,1.9,53,Drizzle,False,,False,False
2024-01-07,Vegetable Roti,100,66,64,2,Sunday,1,Northeast Monsoon,True,23.4,1.9,53,Drizzle,False,,False,False
2024-01-08,Chicken Bun,130,59,57,2,Monday,1,Northeast Monsoon,False,23.4,3.5,53,Drizzle,False,,False,False
2024-01-08,Chicken Pastry,180,85,81,4,Monday,1,Northeast Monsoon,False,23.4,3.5,53,Drizzle,False,,False,False
2024-01-08,Chicken Samosa,90,63,61,2,Monday,1,Northeast Monsoon,False,23.4,3.5,53,Drizzle,False,,False,False
2024-01-08,Cream Bun,120,38,36,2,Monday,1,Northeast Monsoon,False,23.4,3.5,53,Drizzle,False,,False,False
2024-01-08,Egg Roll,100,55,52,3,Monday,1,Northeast Monsoon,False,23.4,3.5,53,Drizzle,False,,False,False
2024-01-08,Fish Bun,120,62,57,5,Monday,1,Northeast Monsoon,False,23.4,3.5,53,Drizzle,False,,False,False
2024-01-08,Fish Patty,110,59,54,5,Monday,1,Northeast Monsoon,False,23.4,3.5,53,Drizzle,False,,False,False
2024-01-08,Mini Pizza,220,40,36,4,Monday,1,Northeast Monsoon,False,23.4,3.5,53,Drizzle,False,,False,False
2024-01-08,Sausage Bun,140,61,53,8,Monday,1,Northeast Monsoon,False,23.4,3.5,53,Drizzle,False,,False,False
2024-01-08,Vegetable Roti,100,54,50,4,Monday,1,Northeast Monsoon,False,23.4,3.5,53,Drizzle,False,,False,False
2024-01-09,Chicken Bun,130,55,50,5,Tuesday,1,Northeast Monsoon,False,22.8,6.6,55,Drizzle,False,,False,False
2024-01-09,Chicken Pastry,180,67,64,3,Tuesday,1,Northeast Monsoon,False,22.8,6.6,55,Drizzle,False,,False,False
2024-01-09,Chicken Samosa,90,64,59,5,Tuesday,1,Northeast Monsoon,False,22.8,6.6,55,Drizzle,False,,False,False
2024-01-09,Cream Bun,120,35,34,1,Tuesday,1,Northeast Monsoon,False,22.8,6.6,55,Drizzle,False,,False,False
2024-01-09,Egg Roll,100,57,54,3,Tuesday,1,Northeast Monsoon,False,22.8,6.6,55,Drizzle,False,,False,False
2024-01-09,Fish Bun,120,77,73,4,Tuesday,1,Northeast Monsoon,False,22.8,6.6,55,Drizzle,False,,False,False
2024-01-09,Fish Patty,110,50,46,4,Tuesday,1,Northeast Monsoon,False,22.8,6.6,55,Drizzle,False,,False,False
2024-01-09,Mini Pizza,220,39,36,3,Tuesday,1,Northeast Monsoon,False,22.8,6.6,55,Drizzle,False,,False,False
2024-01-09,Sausage Bun,140,47,43,4,Tuesday,1,Northeast Monsoon,False,22.8,6.6,55,Drizzle,False,,False,False
2024-01-09,Vegetable Roti,100,58,53,5,Tuesday,1,Northeast Monsoon,False,22.8,6.6,55,Drizzle,False,,False,False
2024-01-10,Chicken Bun,130,56,52,4,Wednesday,1,Northeast Monsoon,False,22.8,20.6,63,Rain,False,,False,False
2024-01-10,Chicken Pastry,180,77,71,6,Wednesday,1,Northeast Monsoon,False,22.8,20.6,63,Rain,False,,False,False
2024-01-10,Chicken Samosa,90,52,48,4,Wednesday,1,Northeast Monsoon,False,22.8,20.6,63,Rain,False,,False,False
2024-01-10,Cream Bun,120,38,34,4,Wednesday,1,Northeast Monsoon,False,22.8,20.6,63,Rain,False,,False,False
2024-01-10,Egg Roll,100,51,45,6,Wednesday,1,Northeast Monsoon,False,22.8,20.6,63,Rain,False,,False,False
2024-01-10,Fish Bun,120,57,51,6,Wednesday,1,Northeast Monsoon,False,22.8,20.6,63,Rain,False,,False,False
2024-01-10,Fish Patty,110,40,35,5,Wednesday,1,Northeast Monsoon,False,22.8,20.6,63,Rain,False,,False,False
2024-01-10,Mini Pizza,220,36,34,2,Wednesday,1,Northeast Monsoon,False,22.8,20.6,63,Rain,False,,False,False
2024-01-10,Sausage Bun,140,41,39,2,Wednesday,1,Northeast Monsoon,False,22.8,20.6,63,Rain,False,,False,False
2024-01-10,Vegetable Roti,100,43,41,2,Wednesday,1,Northeast Monsoon,False,22.8,20.6,63,Rain,False,,False,False
2024-01-11,Chicken Bun,130,54,52,2,Thursday,1,Northeast Monsoon,False,23.7,8.8,61,Rain,False,,False,False
2024-01-11,Chicken Pastry,180,75,66,9,Thursday,1,Northeast Monsoon,False,23.7,8.8,61,Rain,False,,False,False
2024-01-11,Chicken Samosa,90,60,57,3,Thursday,1,Northeast Monsoon,False,23.7,8.8,61,Rain,False,,False,False
2024-01-11,Cream Bun,120,37,35,2,Thursday,1,Northeast Monsoon,False,23.7,8.8,61,Rain,False,,False,False
2024-01-11,Egg Roll,100,43,40,3,Thursday,1,Northeast Monsoon,False,23.7,8.8,61,Rain,False,,False,False
2024-01-11,Fish Bun,120,66,60,6,Thursday,1,Northeast Monsoon,False,23.7,8.8,61,Rain,False,,False,False
2024-01-11,Fish Patty,110,44,41,3,Thursday,1,Northeast Monsoon,False,23.7,8.8,61,Rain,False,,False,False
2024-01-11,Mini Pizza,220,37,33,4,Thursday,1,Northeast Monsoon,False,23.7,8.8,61,Rain,False,,False,False
2024-01-11,Sausage Bun,140,47,42,5,Thursday,1,Northeast Monsoon,False,23.7,8.8,61,Rain,False,,False,False
2024-01-11,Vegetable Roti,100,46,44,2,Thursday,1,Northeast Monsoon,False,23.7,8.8,61,Rain,False,,False,False
2024-01-12,Chicken Bun,130,60,57,3,Friday,1,Northeast Monsoon,False,23.6,0.0,3,Cloudy,False,,False,False
2024-01-12,Chicken Pastry,180,96,88,8,Friday,1,Northeast Monsoon,False,23.6,0.0,3,Cloudy,False,,False,False
2024-01-12,Chicken Samosa,90,65,61,4,Friday,1,Northeast Monsoon,False,23.6,0.0,3,Cloudy,False,,False,False
2024-01-12,Cream Bun,120,56,50,6,Friday,1,Northeast Monsoon,False,23.6,0.0,3,Cloudy,False,,False,False
2024-01-12,Egg Roll,100,65,60,5,Friday,1,Northeast Monsoon,False,23.6,0.0,3,Cloudy,False,,False,False
2024-01-12,Fish Bun,120,76,73,3,Friday,1,Northeast Monsoon,False,23.6,0.0,3,Cloudy,False,,False,False
2024-01-12,Fish Patty,110,53,50,3,Friday,1,Northeast Monsoon,False,23.6,0.0,3,Cloudy,False,,False,False
2024-01-12,Mini Pizza,220,40,37,3,Friday,1,Northeast Monsoon,False,23.6,0.0,3,Cloudy,False,,False,False
2024-01-12,Sausage Bun,140,59,56,3,Friday,1,Northeast Monsoon,False,23.6,0.0,3,Cloudy,False,,False,False
2024-01-12,Vegetable Roti,100,76,66,10,Friday,1,Northeast Monsoon,False,23.6,0.0,3,Cloudy,False,,False,False
2024-01-13,Chicken Bun,130,74,68,6,Saturday,1,Northeast Monsoon,True,23.2,0.2,51,Drizzle,False,,False,False
2024-01-13,Chicken Pastry,180,100,93,7,Saturday,1,Northeast Monsoon,True,23.2,0.2,51,Drizzle,False,,False,False
2024-01-13,Chicken Samosa,90,73,71,2,Saturday,1,Northeast Monsoon,True,23.2,0.2,51,Drizzle,False,,False,False
2024-01-13,Cream Bun,120,65,62,3,Saturday,1,Northeast Monsoon,True,23.2,0.2,51,Drizzle,False,,False,False
2024-01-13,Egg Roll,100,78,75,3,Saturday,1,Northeast Monsoon,True,23.2,0.2,51,Drizzle,False,,False,False
2024-01-13,Fish Bun,120,71,69,2,Saturday,1,Northeast Monsoon,True,23.2,0.2,51,Drizzle,False,,False,False
2024-01-13,Fish Patty,110,74,71,3,Saturday,1,Northeast Monsoon,True,23.2,0.2,51,Drizzle,False,,False,False
2024-01-13,Mini Pizza,220,59,55,4,Saturday,1,Northeast Monsoon,True,23.2,0.2,51,Drizzle,False,,False,False
2024-01-13,Sausage Bun,140,71,64,7,Saturday,1,Northeast Monsoon,True,23.2,0.2,51,Drizzle,False,,False,False
2024-01-13,Vegetable Roti,100,63,55,8,Saturday,1,Northeast Monsoon,True,23.2,0.2,51,Drizzle,False,,False,False
2024-01-14,Chicken Bun,130,72,66,6,Sunday,1,Northeast Monsoon,True,23.1,0.4,51,Drizzle,False,,True,False
2024-01-14,Chicken Pastry,180,104,97,7,Sunday,1,Northeast Monsoon,True,23.1,0.4,51,Drizzle,False,,True,False
2024-01-14,Chicken Samosa,90,85,78,7,Sunday,1,Northeast Monsoon,True,23.1,0.4,51,Drizzle,False,,True,False
2024-01-14,Cream Bun,120,62,54,8,Sunday,1,Northeast Monsoon,True,23.1,0.4,51,Drizzle,False,,True,False
2024-01-14,Egg Roll,100,75,67,8,Sunday,1,Northeast Monsoon,True,23.1,0.4,51,Drizzle,False,,True,False
2024-01-14,Fish Bun,120,86,81,5,Sunday,1,Northeast Monsoon,True,23.1,0.4,51,Drizzle,False,,True,False
2024-01-14,Fish Patty,110,63,58,5,Sunday,1,Northeast Monsoon,True,23.1,0.4,51,Drizzle,False,,True,False
2024-01-14,Mini Pizza,220,51,49,2,Sunday,1,Northeast Monsoon,True,23.1,0.4,51,Drizzle,False,,True,False
2024-01-14,Sausage Bun,140,79,72,7,Sunday,1,Northeast Monsoon,True,23.1,0.4,51,Drizzle,False,,True,False
2024-01-14,Vegetable Roti,100,66,60,6,Sunday,1,Northeast Monsoon,True,23.1,0.4,51,Drizzle,False,,True,False
2024-01-15,Chicken Bun,130,77,71,6,Monday,1,Northeast Monsoon,False,21.9,0.0,3,Cloudy,True,Tamil Thai Pongal Day,False,False
2024-01-15,Chicken Pastry,180,107,105,2,Monday,1,Northeast Monsoon,False,21.9,0.0,3,Cloudy,True,Tamil Thai Pongal Day,False,False
2024-01-15,Chicken Samosa,90,70,64,6,Monday,1,Northeast Monsoon,False,21.9,0.0,3,Cloudy,True,Tamil Thai Pongal Day,False,False
2024-01-15,Cream Bun,120,63,63,0,Monday,1,Northeast Monsoon,False,21.9,0.0,3,Cloudy,True,Tamil Thai Pongal Day,False,False
2024-01-15,Egg Roll,100,65,61,4,Monday,1,Northeast Monsoon,False,21.9,0.0,3,Cloudy,True,Tamil Thai Pongal Day,False,False
2024-01-15,Fish Bun,120,95,87,8,Monday,1,Northeast Monsoon,False,21.9,0.0,3,Cloudy,True,Tamil Thai Pongal Day,False,False
2024-01-15,Fish Patty,110,64,59,5,Monday,1,Northeast Monsoon,False,21.9,0.0,3,Cloudy,True,Tamil Thai Pongal Day,False,False
2024-01-15,Mini Pizza,220,58,54,4,Monday,1,Northeast Monsoon,False,21.9,0.0,3,Cloudy,True,Tamil Thai Pongal Day,False,False
2024-01-15,Sausage Bun,140,71,65,6,Monday,1,Northeast Monsoon,False,21.9,0.0,3,Cloudy,True,Tamil Thai Pongal Day,False,False
2024-01-15,Vegetable Roti,100,67,62,5,Monday,1,Northeast Monsoon,False,21.9,0.0,3,Cloudy,True,Tamil Thai Pongal Day,False,False
2024-01-16,Chicken Bun,130,77,70,7,Tuesday,1,Northeast Monsoon,False,22.2,0.0,3,Cloudy,False,,False,True
2024-01-16,Chicken Pastry,180,104,101,3,Tuesday,1,Northeast Monsoon,False,22.2,0.0,3,Cloudy,False,,False,True
2024-01-16,Chicken Samosa,90,75,72,3,Tuesday,1,Northeast Monsoon,False,22.2,0.0,3,Cloudy,False,,False,True
2024-01-16,Cream Bun,120,60,55,5,Tuesday,1,Northeast Monsoon,False,22.2,0.0,3,Cloudy,False,,False,True
2024-01-16,Egg Roll,100,63,60,3,Tuesday,1,Northeast Monsoon,False,22.2,0.0,3,Cloudy,False,,False,True
2024-01-16,Fish Bun,120,83,78,5,Tuesday,1,Northeast Monsoon,False,22.2,0.0,3,Cloudy,False,,False,True
2024-01-16,Fish Patty,110,65,57,8,Tuesday,1,Northeast Monsoon,False,22.2,0.0,3,Cloudy,False,,False,True
2024-01-16,Mini Pizza,220,48,45,3,Tuesday,1,Northeast Monsoon,False,22.2,0.0,3,Cloudy,False,,False,True
2024-01-16,Sausage Bun,140,67,63,4,Tuesday,1,Northeast Monsoon,False,22.2,0.0,3,Cloudy,False,,False,True
2024-01-16,Vegetable Roti,100,62,55,7,Tuesday,1,Northeast Monsoon,False,22.2,0.0,3,Cloudy,False,,False,True
2024-01-17,Chicken Bun,130,79,72,7,Wednesday,1,Northeast Monsoon,False,23.1,0.0,3,Cloudy,False,,False,False
2024-01-17,Chicken Pastry,180,102,95,7,Wednesday,1,Northeast Monsoon,False,23.1,0.0,3,Cloudy,False,,False,False
2024-01-17,Chicken Samosa,90,79,72,7,Wednesday,1,Northeast Monsoon,False,23.1,0.0,3,Cloudy,False,,False,False
2024-01-17,Cream Bun,120,48,46,2,Wednesday,1,Northeast Monsoon,False,23.1,0.0,3,Cloudy,False,,False,False
2024-01-17,Egg Roll,100,75,68,7,Wednesday,1,Northeast Monsoon,False,23.1,0.0,3,Cloudy,False,,False,False
2024-01-17,Fish Bun,120,87,79,8,Wednesday,1,Northeast Monsoon,False,23.1,0.0,3,Cloudy,False,,False,False
2024-01-17,Fish Patty,110,52,49,3,Wednesday,1,Northeast Monsoon,False,23.1,0.0,3,Cloudy,False,,False,False
2024-01-17,Mini Pizza,220,46,42,4,Wednesday,1,Northeast Monsoon,False,23.1,0.0,3,Cloudy,False,,False,False
2024-01-17,Sausage Bun,140,61,59,2,Wednesday,1,Northeast Monsoon,False,23.1,0.0,3,Cloudy,False,,False,False
2024-01-17,Vegetable Roti,100,53,49,4,Wednesday,1,Northeast Monsoon,False,23.1,0.0,3,Cloudy,False,,False,False
2024-01-18,Chicken Bun,130,72,65,7,Thursday,1,Northeast Monsoon,False,24.2,0.3,51,Drizzle,False,,False,False
2024-01-18,Chicken Pastry,180,80,73,7,Thursday,1,Northeast Monsoon,False,24.2,0.3,51,Drizzle,False,,False,False
2024-01-18,Chicken Samosa,90,66,61,5,Thursday,1,Northeast Monsoon,False,24.2,0.3,51,Drizzle,False,,False,False
2024-01-18,Cream Bun,120,51,46,5,Thursday,1,Northeast Monsoon,False,24.2,0.3,51,Drizzle,False,,False,False
2024-01-18,Egg Roll,100,68,67,1,Thursday,1,Northeast Monsoon,False,24.2,0.3,51,Drizzle,False,,False,False
2024-01-18,Fish Bun,120,79,72,7,Thursday,1,Northeast Monsoon,False,24.2,0.3,51,Drizzle,False,,False,False
2024-01-18,Fish Patty,110,53,47,6,Thursday,1,Northeast Monsoon,False,24.2,0.3,51,Drizzle,False,,False,False
2024-01-18,Mini Pizza,220,48,44,4,Thursday,1,Northeast Monsoon,False,24.2,0.3,51,Drizzle,False,,False,False
2024-01-18,Sausage Bun,140,69,63,6,Thursday,1,Northeast Monsoon,False,24.2,0.3,51,Drizzle,False,,False,False
2024-01-18,Vegetable Roti,100,58,53,5,Thursday,1,Northeast Monsoon,False,24.2,0.3,51,Drizzle,False,,False,False
2024-01-19,Chicken Bun,130,70,62,8,Friday,1,Northeast Monsoon,False,23.5,1.0,51,Drizzle,False,,False,False
2024-01-19,Chicken Pastry,180,93,85,8,Friday,1,Northeast Monsoon,False,23.5,1.0,51,Drizzle,False,,False,False
2024-01-19,Chicken Samosa,90,78,73,5,Friday,1,Northeast Monsoon,False,23.5,1.0,51,Drizzle,False,,False,False
2024-01-19,Cream Bun,120,54,49,5,Friday,1,Northeast Monsoon,False,23.5,1.0,51,Drizzle,False,,False,False
2024-01-19,Egg Roll,100,66,58,8,Friday,1,Northeast Monsoon,False,23.5,1.0,51,Drizzle,False,,False,False
2024-01-19,Fish Bun,120,79,76,3,Friday,1,Northeast Monsoon,False,23.5,1.0,51,Drizzle,False,,False,False
2024-01-19,Fish Patty,110,59,53,6,Friday,1,Northeast Monsoon,False,23.5,1.0,51,Drizzle,False,,False,False
2024-01-19,Mini Pizza,220,41,41,0,Friday,1,Northeast Monsoon,False,23.5,1.0,51,Drizzle,False,,False,False
2024-01-19,Sausage Bun,140,70,60,10,Friday,1,Northeast Monsoon,False,23.5,1.0,51,Drizzle,False,,False,False
2024-01-19,Vegetable Roti,100,55,52,3,Friday,1,Northeast Monsoon,False,23.5,1.0,51,Drizzle,False,,False,False
2024-01-20,Chicken Bun,130,58,54,4,Saturday,1,Northeast Monsoon,True,23.9,2.9,53,Drizzle,False,,False,False
2024-01-20,Chicken Pastry,180,101,90,11,Saturday,1,Northeast Monsoon,True,23.9,2.9,53,Drizzle,False,,False,False
2024-01-20,Chicken Samosa,90,76,72,4,Saturday,1,Northeast Monsoon,True,23.9,2.9,53,Drizzle,False,,False,False
2024-01-20,Cream Bun,120,50,46,4,Saturday,1,Northeast Monsoon,True,23.9,2.9,53,Drizzle,False,,False,False
2024-01-20,Egg Roll,100,56,53,3,Saturday,1,Northeast Monsoon,True,23.9,2.9,53,Drizzle,False,,False,False
2024-01-20,Fish Bun,120,68,66,2,Saturday,1,Northeast Monsoon,True,23.9,2.9,53,Drizzle,False,,False,False
2024-01-20,Fish Patty,110,57,55,2,Saturday,1,Northeast Monsoon,True,23.9,2.9,53,Drizzle,False,,False,False
2024-01-20,Mini Pizza,220,51,47,4,Saturday,1,Northeast Monsoon,True,23.9,2.9,53,Drizzle,False,,False,False
2024-01-20,Sausage Bun,140,67,62,5,Saturday,1,Northeast Monsoon,True,23.9,2.9,53,Drizzle,False,,False,False
2024-01-20,Vegetable Roti,100,64,58,6,Saturday,1,Northeast Monsoon,True,23.9,2.9,53,Drizzle,False,,False,False
2024-01-21,Chicken Bun,130,62,62,0,Sunday,1,Northeast Monsoon,True,24.4,0.0,3,Cloudy,False,,False,False
2024-01-21,Chicken Pastry,180,107,98,9,Sunday,1,Northeast Monsoon,True,24.4,0.0,3,Cloudy,False,,False,False
2024-01-21,Chicken Samosa,90,81,72,9,Sunday,1,Northeast Monsoon,True,24.4,0.0,3,Cloudy,False,,False,False
2024-01-21,Cream Bun,120,58,52,6,Sunday,1,Northeast Monsoon,True,24.4,0.0,3,Cloudy,False,,False,False
2024-01-21,Egg Roll,100,72,67,5,Sunday,1,Northeast Monsoon,True,24.4,0.0,3,Cloudy,False,,False,False
2024-01-21,Fish Bun,120,90,84,6,Sunday,1,Northeast Monsoon,True,24.4,0.0,3,Cloudy,False,,False,False
2024-01-21,Fish Patty,110,51,49,2,Sunday,1,Northeast Monsoon,True,24.4,0.0,3,Cloudy,False,,False,False
2024-01-21,Mini Pizza,220,65,58,7,Sunday,1,Northeast Monsoon,True,24.4,0.0,3,Cloudy,False,,False,False
2024-01-21,Sausage Bun,140,68,63,5,Sunday,1,Northeast Monsoon,True,24.4,0.0,3,Cloudy,False,,False,False
2024-01-21,Vegetable Roti,100,65,59,6,Sunday,1,Northeast Monsoon,True,24.4,0.0,3,Cloudy,False,,False,False
2024-01-22,Chicken Bun,130,65,59,6,Monday,1,Northeast Monsoon,False,24.4,0.0,3,Cloudy,False,,False,False
2024-01-22,Chicken Pastry,180,94,89,5,Monday,1,Northeast Monsoon,False,24.4,0.0,3,Cloudy,False,,False,False
2024-01-22,Chicken Samosa,90,69,63,6,Monday,1,Northeast Monsoon,False,24.4,0.0,3,Cloudy,False,,False,False
2024-01-22,Cream Bun,120,49,48,1,Monday,1,Northeast Monsoon,False,24.4,0.0,3,Cloudy,False,,False,False
2024-01-22,Egg Roll,100,60,56,4,Monday,1,Northeast Monsoon,False,24.4,0.0,3,Cloudy,False,,False,False
2024-01-22,Fish Bun,120,71,69,2,Monday,1,Northeast Monsoon,False,24.4,0.0,3,Cloudy,False,,False,False
2024-01-22,Fish Patty,110,52,48,4,Monday,1,Northeast Monsoon,False,24.4,0.0,3,Cloudy,False,,False,False
2024-01-22,Mini Pizza,220,45,43,2,Monday,1,Northeast Monsoon,False,24.4,0.0,3,Cloudy,False,,False,False
2024-01-22,Sausage Bun,140,67,63,4,Monday,1,Northeast Monsoon,False,24.4,0.0,3,Cloudy,False,,False,False
2024-01-22,Vegetable Roti,100,67,59,8,Monday,1,Northeast Monsoon,False,24.4,0.0,3,Cloudy,False,,False,False
2024-01-23,Chicken Bun,130,69,63,6,Tuesday,1,Northeast Monsoon,False,23.7,0.1,51,Drizzle,False,,False,False
2024-01-23,Chicken Pastry,180,95,87,8,Tuesday,1,Northeast Monsoon,False,23.7,0.1,51,Drizzle,False,,False,False
2024-01-23,Chicken Samosa,90,73,68,5,Tuesday,1,Northeast Monsoon,False,23.7,0.1,51,Drizzle,False,,False,False
2024-01-23,Cream Bun,120,65,56,9,Tuesday,1,Northeast Monsoon,False,23.7,0.1,51,Drizzle,False,,False,False
2024-01-23,Egg Roll,100,60,58,2,Tuesday,1,Northeast Monsoon,False,23.7,0.1,51,Drizzle,False,,False,False
2024-01-23,Fish Bun,120,83,74,9,Tuesday,1,Northeast Monsoon,False,23.7,0.1,51,Drizzle,False,,False,False
2024-01-23,Fish Patty,110,63,58,5,Tuesday,1,Northeast Monsoon,False,23.7,0.1,51,Drizzle,False,,False,False
2024-01-23,Mini Pizza,220,50,48,2,Tuesday,1,Northeast Monsoon,False,23.7,0.1,51,Drizzle,False,,False,False
2024-01-23,Sausage Bun,140,64,59,5,Tuesday,1,Northeast Monsoon,False,23.7,0.1,51,Drizzle,False,,False,False
2024-01-23,Vegetable Roti,100,64,60,4,Tuesday,1,Northeast Monsoon,False,23.7,0.1,51,Drizzle,False,,False,False
2024-01-24,Chicken Bun,130,70,66,4,Wednesday,1,Northeast Monsoon,False,22.7,0.0,2,Cloudy,False,,True,False
2024-01-24,Chicken Pastry,180,97,92,5,Wednesday,1,Northeast Monsoon,False,22.7,0.0,2,Cloudy,False,,True,False
2024-01-24,Chicken Samosa,90,78,67,11,Wednesday,1,Northeast Monsoon,False,22.7,0.0,2,Cloudy,False,,True,False
2024-01-24,Cream Bun,120,52,48,4,Wednesday,1,Northeast Monsoon,False,22.7,0.0,2,Cloudy,False,,True,False
2024-01-24,Egg Roll,100,59,55,4,Wednesday,1,Northeast Monsoon,False,22.7,0.0,2,Cloudy,False,,True,False
2024-01-24,Fish Bun,120,64,64,0,Wednesday,1,Northeast Monsoon,False,22.7,0.0,2,Cloudy,False,,True,False
2024-01-24,Fish Patty,110,62,59,3,Wednesday,1,Northeast Monsoon,False,22.7,0.0,2,Cloudy,False,,True,False
2024-01-24,Mini Pizza,220,50,48,2,Wednesday,1,Northeast Monsoon,False,22.7,0.0,2,Cloudy,False,,True,False
2024-01-24,Sausage Bun,140,66,62,4,Wednesday,1,Northeast Monsoon,False,22.7,0.0,2,Cloudy,False,,True,False
2024-01-24,Vegetable Roti,100,63,55,8,Wednesday,1,Northeast Monsoon,False,22.7,0.0,2,Cloudy,False,,True,False
2024-01-25,Chicken Bun,130,85,78,7,Thursday,1,Northeast Monsoon,False,22.3,0.0,3,Cloudy,True,Duruthu Full Moon Poya Day,False,False
2024-01-25,Chicken Pastry,180,116,103,13,Thursday,1,Northeast Monsoon,False,22.3,0.0,3,Cloudy,True,Duruthu Full Moon Poya Day,False,False
2024-01-25,Chicken Samosa,90,64,62,2,Thursday,1,Northeast Monsoon,False,22.3,0.0,3,Cloudy,True,Duruthu Full Moon Poya Day,False,False
2024-01-25,Cream Bun,120,61,56,5,Thursday,1,Northeast Monsoon,False,22.3,0.0,3,Cloudy,True,Duruthu Full Moon Poya Day,False,False
2024-01-25,Egg Roll,100,71,66,5,Thursday,1,Northeast Monsoon,False,22.3,0.0,3,Cloudy,True,Duruthu Full Moon Poya Day,False,False
2024-01-25,Fish Bun,120,90,82,8,Thursday,1,Northeast Monsoon,False,22.3,0.0,3,Cloudy,True,Duruthu Full Moon Poya Day,False,False
2024-01-25,Fish Patty,110,62,56,6,Thursday,1,Northeast Monsoon,False,22.3,0.0,3,Cloudy,True,Duruthu Full Moon Poya Day,False,False
2024-01-25,Mini Pizza,220,49,46,3,Thursday,1,Northeast Monsoon,False,22.3,0.0,3,Cloudy,True,Duruthu Full Moon Poya Day,False,False
2024-01-25,Sausage Bun,140,71,64,7,Thursday,1,Northeast Monsoon,False,22.3,0.0,3,Cloudy,True,Duruthu Full Moon Poya Day,False,False
2024-01-25,Vegetable Roti,100,62,57,5,Thursday,1,Northeast Monsoon,False,22.3,0.0,3,Cloudy,True,Duruthu Full Moon Poya Day,False,False
2024-01-26,Chicken Bun,130,61,57,4,Friday,1,Northeast Monsoon,False,23.2,0.0,3,Cloudy,False,,False,True
2024-01-26,Chicken Pastry,180,109,98,11,Friday,1,Northeast Monsoon,False,23.2,0.0,3,Cloudy,False,,False,True
2024-01-26,Chicken Samosa,90,81,71,10,Friday,1,Northeast Monsoon,False,23.2,0.0,3,Cloudy,False,,False,True
2024-01-26,Cream Bun,120,53,49,4,Friday,1,Northeast Monsoon,False,23.2,0.0,3,Cloudy,False,,False,True
2024-01-26,Egg Roll,100,51,48,3,Friday,1,Northeast Monsoon,False,23.2,0.0,3,Cloudy,False,,False,True
2024-01-26,Fish Bun,120,71,69,2,Friday,1,Northeast Monsoon,False,23.2,0.0,3,Cloudy,False,,False,True
2024-01-26,Fish Patty,110,57,52,5,Friday,1,Northeast Monsoon,False,23.2,0.0,3,Cloudy,False,,False,True
2024-01-26,Mini Pizza,220,50,47,3,Friday,1,Northeast Monsoon,False,23.2,0.0,3,Cloudy,False,,False,True
2024-01-26,Sausage Bun,140,69,63,6,Friday,1,Northeast Monsoon,False,23.2,0.0,3,Cloudy,False,,False,True
2024-01-26,Vegetable Roti,100,72,66,6,Friday,1,Northeast Monsoon,False,23.2,0.0,3,Cloudy,False,,False,True
2024-01-27,Chicken Bun,130,72,69,3,Saturday,1,Northeast Monsoon,True,23.7,0.0,3,Cloudy,False,,False,False
2024-01-27,Chicken Pastry,180,97,92,5,Saturday,1,Northeast Monsoon,True,23.7,0.0,3,Cloudy,False,,False,False
2024-01-27,Chicken Samosa,90,62,59,3,Saturday,1,Northeast Monsoon,True,23.7,0.0,3,Cloudy,False,,False,False
2024-01-27,Cream Bun,120,59,54,5,Saturday,1,Northeast Monsoon,True,23.7,0.0,3,Cloudy,False,,False,False
2024-01-27,Egg Roll,100,77,72,5,Saturday,1,Northeast Monsoon,True,23.7,0.0,3,Cloudy,False,,False,False
2024-01-27,Fish Bun,120,94,88,6,Saturday,1,Northeast Monsoon,True,23.7,0.0,3,Cloudy,False,,False,False
2024-01-27,Fish Patty,110,67,59,8,Saturday,1,Northeast Monsoon,True,23.7,0.0,3,Cloudy,False,,False,False
2024-01-27,Mini Pizza,220,57,51,6,Saturday,1,Northeast Monsoon,True,23.7,0.0,3,Cloudy,False,,False,False
2024-01-27,Sausage Bun,140,63,57,6,Saturday,1,Northeast Monsoon,True,23.7,0.0,3,Cloudy,False,,False,False
2024-01-27,Vegetable Roti,100,72,66,6,Saturday,1,Northeast Monsoon,True,23.7,0.0,3,Cloudy,False,,False,False
2024-01-28,Chicken Bun,130,79,72,7,Sunday,1,Northeast Monsoon,True,24.4,0.3,51,Drizzle,False,,False,False
2024-01-28,Chicken Pastry,180,90,86,4,Sunday,1,Northeast Monsoon,True,24.4,0.3,51,Drizzle,False,,False,False
2024-01-28,Chicken Samosa,90,68,65,3,Sunday,1,Northeast Monsoon,True,24.4,0.3,51,Drizzle,False,,False,False
2024-01-28,Cream Bun,120,64,56,8,Sunday,1,Northeast Monsoon,True,24.4,0.3,51,Drizzle,False,,False,False
2024-01-28,Egg Roll,100,68,63,5,Sunday,1,Northeast Monsoon,True,24.4,0.3,51,Drizzle,False,,False,False
2024-01-28,Fish Bun,120,86,80,6,Sunday,1,Northeast Monsoon,True,24.4,0.3,51,Drizzle,False,,False,False
2024-01-28,Fish Patty,110,67,61,6,Sunday,1,Northeast Monsoon,True,24.4,0.3,51,Drizzle,False,,False,False
2024-01-28,Mini Pizza,220,51,49,2,Sunday,1,Northeast Monsoon,True,24.4,0.3,51,Drizzle,False,,False,False
2024-01-28,Sausage Bun,140,68,64,4,Sunday,1,Northeast Monsoon,True,24.4,0.3,51,Drizzle,False,,False,False
2024-01-28,Vegetable Roti,100,63,60,3,Sunday,1,Northeast Monsoon,True,24.4,0.3,51,Drizzle,False,,False,False
2024-01-29,Chicken Bun,130,60,56,4,Monday,1,Northeast Monsoon,False,24.1,0.9,51,Drizzle,False,,False,False
2024-01-29,Chicken Pastry,180,94,86,8,Monday,1,Northeast Monsoon,False,24.1,0.9,51,Drizzle,False,,False,False
2024-01-29,Chicken Samosa,90,70,64,6,Monday,1,Northeast Monsoon,False,24.1,0.9,51,Drizzle,False,,False,False
2024-01-29,Cream Bun,120,49,47,2,Monday,1,Northeast Monsoon,False,24.1,0.9,51,Drizzle,False,,False,False
2024-01-29,Egg Roll,100,69,62,7,Monday,1,Northeast Monsoon,False,24.1,0.9,51,Drizzle,False,,False,False
2024-01-29,Fish Bun,120,75,71,4,Monday,1,Northeast Monsoon,False,24.1,0.9,51,Drizzle,False,,False,False
2024-01-29,Fish Patty,110,60,55,5,Monday,1,Northeast Monsoon,False,24.1,0.9,51,Drizzle,False,,False,False
2024-01-29,Mini Pizza,220,52,46,6,Monday,1,Northeast Monsoon,False,24.1,0.9,51,Drizzle,False,,False,False
2024-01-29,Sausage Bun,140,60,58,2,Monday,1,Northeast Monsoon,False,24.1,0.9,51,Drizzle,False,,False,False
2024-01-29,Vegetable Roti,100,57,54,3,Monday,1,Northeast Monsoon,False,24.1,0.9,51,Drizzle,False,,False,False
2024-01-30,Chicken Bun,130,52,48,4,Tuesday,1,Northeast Monsoon,False,24.4,6.4,55,Drizzle,False,,False,False
2024-01-30,Chicken Pastry,180,58,56,2,Tuesday,1,Northeast Monsoon,False,24.4,6.4,55,Drizzle,False,,False,False
2024-01-30,Chicken Samosa,90,62,61,1,Tuesday,1,Northeast Monsoon,False,24.4,6.4,55,Drizzle,False,,False,False
2024-01-30,Cream Bun,120,41,40,1,Tuesday,1,Northeast Monsoon,False,24.4,6.4,55,Drizzle,False,,False,False
2024-01-30,Egg Roll,100,61,53,8,Tuesday,1,Northeast Monsoon,False,24.4,6.4,55,Drizzle,False,,False,False
2024-01-30,Fish Bun,120,65,62,3,Tuesday,1,Northeast Monsoon,False,24.4,6.4,55,Drizzle,False,,False,False
2024-01-30,Fish Patty,110,53,47,6,Tuesday,1,Northeast Monsoon,False,24.4,6.4,55,Drizzle,False,,False,False
2024-01-30,Mini Pizza,220,34,31,3,Tuesday,1,Northeast Monsoon,False,24.4,6.4,55,Drizzle,False,,False,False
2024-01-30,Sausage Bun,140,46,43,3,Tuesday,1,Northeast Monsoon,False,24.4,6.4,55,Drizzle,False,,False,False
2024-01-30,Vegetable Roti,100,47,45,2,Tuesday,1,Northeast Monsoon,False,24.4,6.4,55,Drizzle,False,,False,False
2024-01-31,Chicken Bun,130,47,43,4,Wednesday,1,Northeast Monsoon,False,23.1,11.3,63,Rain,False,,False,False
2024-01-31,Chicken Pastry,180,71,67,4,Wednesday,1,Northeast Monsoon,False,23.1,11.3,63,Rain,False,,False,False
2024-01-31,Chicken Samosa,90,60,53,7,Wednesday,1,Northeast Monsoon,False,23.1,11.3,63,Rain,False,,False,False
2024-01-31,Cream Bun,120,34,31,3,Wednesday,1,Northeast Monsoon,False,23.1,11.3,63,Rain,False,,False,False
2024-01-31,Egg Roll,100,45,41,4,Wednesday,1,Northeast Monsoon,False,23.1,11.3,63,Rain,False,,False,False
2024-01-31,Fish Bun,120,66,62,4,Wednesday,1,Northeast Monsoon,False,23.1,11.3,63,Rain,False,,False,False
2024-01-31,Fish Patty,110,38,35,3,Wednesday,1,Northeast Monsoon,False,23.1,11.3,63,Rain,False,,False,False
2024-01-31,Mini Pizza,220,37,34,3,Wednesday,1,Northeast Monsoon,False,23.1,11.3,63,Rain,False,,False,False
2024-01-31,Sausage Bun,140,41,40,1,Wednesday,1,Northeast Monsoon,False,23.1,11.3,63,Rain,False,,False,False
2024-01-31,Vegetable Roti,100,51,47,4,Wednesday,1,Northeast Monsoon,False,23.1,11.3,63,Rain,False,,False,False
2024-02-01,Chicken Bun,130,58,50,8,Thursday,2,Northeast Monsoon,False,23.6,18.1,65,Rain,False,,False,False
2024-02-01,Chicken Pastry,180,65,60,5,Thursday,2,Northeast Monsoon,False,23.6,18.1,65,Rain,False,,False,False
2024-02-01,Chicken Samosa,90,54,49,5,Thursday,2,Northeast Monsoon,False,23.6,18.1,65,Rain,False,,False,False
2024-02-01,Cream Bun,120,33,33,0,Thursday,2,Northeast Monsoon,False,23.6,18.1,65,Rain,False,,False,False
2024-02-01,Egg Roll,100,46,43,3,Thursday,2,Northeast Monsoon,False,23.6,18.1,65,Rain,False,,False,False
2024-02-01,Fish Bun,120,55,52,3,Thursday,2,Northeast Monsoon,False,23.6,18.1,65,Rain,False,,False,False
2024-02-01,Fish Patty,110,35,35,0,Thursday,2,Northeast Monsoon,False,23.6,18.1,65,Rain,False,,False,False
2024-02-01,Mini Pizza,220,32,31,1,Thursday,2,Northeast Monsoon,False,23.6,18.1,65,Rain,False,,False,False
2024-02-01,Sausage Bun,140,43,40,3,Thursday,2,Northeast Monsoon,False,23.6,18.1,65,Rain,False,,False,False
2024-02-01,Vegetable Roti,100,43,38,5,Thursday,2,Northeast Monsoon,False,23.6,18.1,65,Rain,False,,False,False
2024-02-02,Chicken Bun,130,73,68,5,Friday,2,Northeast Monsoon,False,24.6,1.1,51,Drizzle,False,,False,False
2024-02-02,Chicken Pastry,180,81,73,8,Friday,2,Northeast Monsoon,False,24.6,1.1,51,Drizzle,False,,False,False
2024-02-02,Chicken Samosa,90,74,69,5,Friday,2,Northeast Monsoon,False,24.6,1.1,51,Drizzle,False,,False,False
2024-02-02,Cream Bun,120,52,50,2,Friday,2,Northeast Monsoon,False,24.6,1.1,51,Drizzle,False,,False,False
2024-02-02,Egg Roll,100,59,55,4,Friday,2,Northeast Monsoon,False,24.6,1.1,51,Drizzle,False,,False,False
2024-02-02,Fish Bun,120,86,79,7,Friday,2,Northeast Monsoon,False,24.6,1.1,51,Drizzle,False,,False,False
2024-02-02,Fish Patty,110,54,51,3,Friday,2,Northeast Monsoon,False,24.6,1.1,51,Drizzle,False,,False,False
2024-02-02,Mini Pizza,220,41,38,3,Friday,2,Northeast Monsoon,False,24.6,1.1,51,Drizzle,False,,False,False
2024-02-02,Sausage Bun,140,63,58,5,Friday,2,Northeast Monsoon,False,24.6,1.1,51,Drizzle,False,,False,False
2024-02-02,Vegetable Roti,100,56,55,1,Friday,2,Northeast Monsoon,False,24.6,1.1,51,Drizzle,False,,False,False
2024-02-03,Chicken Bun,130,78,72,6,Saturday,2,Northeast Monsoon,True,24.6,0.0,3,Cloudy,False,,True,False
2024-02-03,Chicken Pastry,180,91,84,7,Saturday,2,Northeast Monsoon,True,24.6,0.0,3,Cloudy,False,,True,False
2024-02-03,Chicken Samosa,90,77,72,5,Saturday,2,Northeast Monsoon,True,24.6,0.0,3,Cloudy,False,,True,False
2024-02-03,Cream Bun,120,53,51,2,Saturday,2,Northeast Monsoon,True,24.6,0.0,3,Cloudy,False,,True,False
2024-02-03,Egg Roll,100,63,62,1,Saturday,2,Northeast Monsoon,True,24.6,0.0,3,Cloudy,False,,True,False
2024-02-03,Fish Bun,120,77,72,5,Saturday,2,Northeast Monsoon,True,24.6,0.0,3,Cloudy,False,,True,False
2024-02-03,Fish Patty,110,54,54,0,Saturday,2,Northeast Monsoon,True,24.6,0.0,3,Cloudy,False,,True,False
2024-02-03,Mini Pizza,220,67,61,6,Saturday,2,Northeast Monsoon,True,24.6,0.0,3,Cloudy,False,,True,False
2024-02-03,Sausage Bun,140,73,67,6,Saturday,2,Northeast Monsoon,True,24.6,0.0,3,Cloudy,False,,True,False
2024-02-03,Vegetable Roti,100,56,51,5,Saturday,2,Northeast Monsoon,True,24.6,0.0,3,Cloudy,False,,True,False
2024-02-04,Chicken Bun,130,80,75,5,Sunday,2,Northeast Monsoon,True,23.8,1.7,55,Drizzle,True,Independence Day,False,False
2024-02-04,Chicken Pastry,180,120,109,11,Sunday,2,Northeast Monsoon,True,23.8,1.7,55,Drizzle,True,Independence Day,False,False
2024-02-04,Chicken Samosa,90,75,70,5,Sunday,2,Northeast Monsoon,True,23.8,1.7,55,Drizzle,True,Independence Day,False,False
2024-02-04,Cream Bun,120,62,62,0,Sunday,2,Northeast Monsoon,True,23.8,1.7,55,Drizzle,True,Independence Day,False,False
2024-02-04,Egg Roll,100,68,64,4,Sunday,2,Northeast Monsoon,True,23.8,1.7,55,Drizzle,True,Independence Day,False,False
2024-02-04,Fish Bun,120,97,91,6,Sunday,2,Northeast Monsoon,True,23.8,1.7,55,Drizzle,True,Independence Day,False,False
2024-02-04,Fish Patty,110,62,58,4,Sunday,2,Northeast Monsoon,True,23.8,1.7,55,Drizzle,True,Independence Day,False,False
2024-02-04,Mini Pizza,220,47,45,2,Sunday,2,Northeast Monsoon,True,23.8,1.7,55,Drizzle,True,Independence Day,False,False
2024-02-04,Sausage Bun,140,65,62,3,Sunday,2,Northeast Monsoon,True,23.8,1.7,55,Drizzle,True,Independence Day,False,False
2024-02-04,Vegetable Roti,100,72,64,8,Sunday,2,Northeast Monsoon,True,23.8,1.7,55,Drizzle,True,Independence Day,False,False
2024-02-05,Chicken Bun,130,66,60,6,Monday,2,Northeast Monsoon,False,24.4,1.1,53,Drizzle,False,,False,True
2024-02-05,Chicken Pastry,180,96,90,6,Monday,2,Northeast Monsoon,False,24.4,1.1,53,Drizzle,False,,False,True
2024-02-05,Chicken Samosa,90,64,61,3,Monday,2,Northeast Monsoon,False,24.4,1.1,53,Drizzle,False,,False,True
2024-02-05,Cream Bun,120,44,41,3,Monday,2,Northeast Monsoon,False,24.4,1.1,53,Drizzle,False,,False,True
2024-02-05,Egg Roll,100,64,61,3,Monday,2,Northeast Monsoon,False,24.4,1.1,53,Drizzle,False,,False,True
2024-02-05,Fish Bun,120,68,63,5,Monday,2,Northeast Monsoon,False,24.4,1.1,53,Drizzle,False,,False,True
2024-02-05,Fish Patty,110,55,50,5,Monday,2,Northeast Monsoon,False,24.4,1.1,53,Drizzle,False,,False,True
2024-02-05,Mini Pizza,220,39,35,4,Monday,2,Northeast Monsoon,False,24.4,1.1,53,Drizzle,False,,False,True
2024-02-05,Sausage Bun,140,56,54,2,Monday,2,Northeast Monsoon,False,24.4,1.1,53,Drizzle,False,,False,True
2024-02-05,Vegetable Roti,100,54,49,5,Monday,2,Northeast Monsoon,False,24.4,1.1,53,Drizzle,False,,False,True
2024-02-06,Chicken Bun,130,69,64,5,Tuesday,2,Northeast Monsoon,False,24.2,0.0,3,Cloudy,False,,False,False
2024-02-06,Chicken Pastry,180,96,86,10,Tuesday,2,Northeast Monsoon,False,24.2,0.0,3,Cloudy,False,,False,False
2024-02-06,Chicken Samosa,90,56,56,0,Tuesday,2,Northeast Monsoon,False,24.2,0.0,3,Cloudy,False,,False,False
2024-02-06,Cream Bun,120,53,49,4,Tuesday,2,Northeast Monsoon,False,24.2,0.0,3,Cloudy,False,,False,False
2024-02-06,Egg Roll,100,61,54,7,Tuesday,2,Northeast Monsoon,False,24.2,0.0,3,Cloudy,False,,False,False
2024-02-06,Fish Bun,120,60,58,2,Tuesday,2,Northeast Monsoon,False,24.2,0.0,3,Cloudy,False,,False,False
2024-02-06,Fish Patty,110,50,48,2,Tuesday,2,Northeast Monsoon,False,24.2,0.0,3,Cloudy,False,,False,False
2024-02-06,Mini Pizza,220,51,46,5,Tuesday,2,Northeast Monsoon,False,24.2,0.0,3,Cloudy,False,,False,False
2024-02-06,Sausage Bun,140,63,58,5,Tuesday,2,Northeast Monsoon,False,24.2,0.0,3,Cloudy,False,,False,False
2024-02-06,Vegetable Roti,100,61,55,6,Tuesday,2,Northeast Monsoon,False,24.2,0.0,3,Cloudy,False,,False,False
2024-02-07,Chicken Bun,130,67,63,4,Wednesday,2,Northeast Monsoon,False,23.3,0.0,3,Cloudy,False,,False,False
2024-02-07,Chicken Pastry,180,104,93,11,Wednesday,2,Northeast Monsoon,False,23.3,0.0,3,Cloudy,False,,False,False
2024-02-07,Chicken Samosa,90,74,68,6,Wednesday,2,Northeast Monsoon,False,23.3,0.0,3,Cloudy,False,,False,False
2024-02-07,Cream Bun,120,51,44,7,Wednesday,2,Northeast Monsoon,False,23.3,0.0,3,Cloudy,False,,False,False
2024-02-07,Egg Roll,100,66,59,7,Wednesday,2,Northeast Monsoon,False,23.3,0.0,3,Cloudy,False,,False,False
2024-02-07,Fish Bun,120,66,65,1,Wednesday,2,Northeast Monsoon,False,23.3,0.0,3,Cloudy,False,,False,False
2024-02-07,Fish Patty,110,53,51,2,Wednesday,2,Northeast Monsoon,False,23.3,0.0,3,Cloudy,False,,False,False
2024-02-07,Mini Pizza,220,44,40,4,Wednesday,2,Northeast Monsoon,False,23.3,0.0,3,Cloudy,False,,False,False
2024-02-07,Sausage Bun,140,73,65,8,Wednesday,2,Northeast Monsoon,False,23.3,0.0,3,Cloudy,False,,False,False
2024-02-07,Vegetable Roti,100,68,62,6,Wednesday,2,Northeast Monsoon,False,23.3,0.0,3,Cloudy,False,,False,False
2024-02-08,Chicken Bun,130,79,70,9,Thursday,2,Northeast Monsoon,False,23.7,0.0,3,Cloudy,False,,False,False
2024-02-08,Chicken Pastry,180,105,95,10,Thursday,2,Northeast Monsoon,False,23.7,0.0,3,Cloudy,False,,False,False
2024-02-08,Chicken Samosa,90,67,65,2,Thursday,2,Northeast Monsoon,False,23.7,0.0,3,Cloudy,False,,False,False
2024-02-08,Cream Bun,120,54,48,6,Thursday,2,Northeast Monsoon,False,23.7,0.0,3,Cloudy,False,,False,False
2024-02-08,Egg Roll,100,61,60,1,Thursday,2,Northeast Monsoon,False,23.7,0.0,3,Cloudy,False,,False,False
2024-02-08,Fish Bun,120,82,74,8,Thursday,2,Northeast Monsoon,False,23.7,0.0,3,Cloudy,False,,False,False
2024-02-08,Fish Patty,110,54,47,7,Thursday,2,Northeast Monsoon,False,23.7,0.0,3,Cloudy,False,,False,False
2024-02-08,Mini Pizza,220,44,40,4,Thursday,2,Northeast Monsoon,False,23.7,0.0,3,Cloudy,False,,False,False
2024-02-08,Sausage Bun,140,62,57,5,Thursday,2,Northeast Monsoon,False,23.7,0.0,3,Cloudy,False,,False,False
2024-02-08,Vegetable Roti,100,58,55,3,Thursday,2,Northeast Monsoon,False,23.7,0.0,3,Cloudy,False,,False,False
2024-02-09,Chicken Bun,130,61,59,2,Friday,2,Northeast Monsoon,False,23.3,0.0,3,Cloudy,False,,False,False
2024-02-09,Chicken Pastry,180,93,86,7,Friday,2,Northeast Monsoon,False,23.3,0.0,3,Cloudy,False,,False,False
2024-02-09,Chicken Samosa,90,75,69,6,Friday,2,Northeast Monsoon,False,23.3,0.0,3,Cloudy,False,,False,False
2024-02-09,Cream Bun,120,54,49,5,Friday,2,Northeast Monsoon,False,23.3,0.0,3,Cloudy,False,,False,False
2024-02-09,Egg Roll,100,63,58,5,Friday,2,Northeast Monsoon,False,23.3,0.0,3,Cloudy,False,,False,False
2024-02-09,Fish Bun,120,89,80,9,Friday,2,Northeast Monsoon,False,23.3,0.0,3,Cloudy,False,,False,False
2024-02-09,Fish Patty,110,52,48,4,Friday,2,Northeast Monsoon,False,23.3,0.0,3,Cloudy,False,,False,False
2024-02-09,Mini Pizza,220,53,47,6,Friday,2,Northeast Monsoon,False,23.3,0.0,3,Cloudy,False,,False,False
2024-02-09,Sausage Bun,140,54,50,4,Friday,2,Northeast Monsoon,False,23.3,0.0,3,Cloudy,False,,False,False
2024-02-09,Vegetable Roti,100,59,55,4,Friday,2,Northeast Monsoon,False,23.3,0.0,3,Cloudy,False,,False,False
2024-02-10,Chicken Bun,130,71,67,4,Saturday,2,Northeast Monsoon,True,24.1,0.0,3,Cloudy,False,,False,False
2024-02-10,Chicken Pastry,180,94,90,4,Saturday,2,Northeast Monsoon,True,24.1,0.0,3,Cloudy,False,,False,False
2024-02-10,Chicken Samosa,90,74,71,3,Saturday,2,Northeast Monsoon,True,24.1,0.0,3,Cloudy,False,,False,False
2024-02-10,Cream Bun,120,58,55,3,Saturday,2,Northeast Monsoon,True,24.1,0.0,3,Cloudy,False,,False,False
2024-02-10,Egg Roll,100,77,69,8,Saturday,2,Northeast Monsoon,True,24.1,0.0,3,Cloudy,False,,False,False
2024-02-10,Fish Bun,120,86,79,7,Saturday,2,Northeast Monsoon,True,24.1,0.0,3,Cloudy,False,,False,False
2024-02-10,Fish Patty,110,60,55,5,Saturday,2,Northeast Monsoon,True,24.1,0.0,3,Cloudy,False,,False,False
2024-02-10,Mini Pizza,220,54,50,4,Saturday,2,Northeast Monsoon,True,24.1,0.0,3,Cloudy,False,,False,False
2024-02-10,Sausage Bun,140,65,60,5,Saturday,2,Northeast Monsoon,True,24.1,0.0,3,Cloudy,False,,False,False
2024-02-10,Vegetable Roti,100,59,57,2,Saturday,2,Northeast Monsoon,True,24.1,0.0,3,Cloudy,False,,False,False
2024-02-11,Chicken Bun,130,79,70,9,Sunday,2,Northeast Monsoon,True,24.1,0.0,3,Cloudy,False,,False,False
2024-02-11,Chicken Pastry,180,105,93,12,Sunday,2,Northeast Monsoon,True,24.1,0.0,3,Cloudy,False,,False,False
2024-02-11,Chicken Samosa,90,85,80,5,Sunday,2,Northeast Monsoon,True,24.1,0.0,3,Cloudy,False,,False,False
2024-02-11,Cream Bun,120,52,49,3,Sunday,2,Northeast Monsoon,True,24.1,0.0,3,Cloudy,False,,False,False
2024-02-11,Egg Roll,100,58,54,4,Sunday,2,Northeast Monsoon,True,24.1,0.0,3,Cloudy,False,,False,False
2024-02-11,Fish Bun,120,70,70,0,Sunday,2,Northeast Monsoon,True,24.1,0.0,3,Cloudy,False,,False,False
2024-02-11,Fish Patty,110,61,61,0,Sunday,2,Northeast Monsoon,True,24.1,0.0,3,Cloudy,False,,False,False
2024-02-11,Mini Pizza,220,56,50,6,Sunday,2,Northeast Monsoon,True,24.1,0.0,3,Cloudy,False,,False,False
2024-02-11,Sausage Bun,140,62,59,3,Sunday,2,Northeast Monsoon,True,24.1,0.0,3,Cloudy,False,,False,False
2024-02-11,Vegetable Roti,100,62,58,4,Sunday,2,Northeast Monsoon,True,24.1,0.0,3,Cloudy,False,,False,False
2024-02-12,Chicken Bun,130,64,60,4,Monday,2,Northeast Monsoon,False,24.3,0.1,51,Drizzle,False,,False,False
2024-02-12,Chicken Pastry,180,106,98,8,Monday,2,Northeast Monsoon,False,24.3,0.1,51,Drizzle,False,,False,False
2024-02-12,Chicken Samosa,90,61,55,6,Monday,2,Northeast Monsoon,False,24.3,0.1,51,Drizzle,False,,False,False
2024-02-12,Cream Bun,120,54,50,4,Monday,2,Northeast Monsoon,False,24.3,0.1,51,Drizzle,False,,False,False
2024-02-12,Egg Roll,100,63,58,5,Monday,2,Northeast Monsoon,False,24.3,0.1,51,Drizzle,False,,False,False
2024-02-12,Fish Bun,120,85,79,6,Monday,2,Northeast Monsoon,False,24.3,0.1,51,Drizzle,False,,False,False
2024-02-12,Fish Patty,110,55,49,6,Monday,2,Northeast Monsoon,False,24.3,0.1,51,Drizzle,False,,False,False
2024-02-12,Mini Pizza,220,48,44,4,Monday,2,Northeast Monsoon,False,24.3,0.1,51,Drizzle,False,,False,False
2024-02-12,Sausage Bun,140,63,58,5,Monday,2,Northeast Monsoon,False,24.3,0.1,51,Drizzle,False,,False,False
2024-02-12,Vegetable Roti,100,74,67,7,Monday,2,Northeast Monsoon,False,24.3,0.1,51,Drizzle,False,,False,False
2024-02-13,Chicken Bun,130,65,62,3,Tuesday,2,Northeast Monsoon,False,24.8,0.9,53,Drizzle,False,,False,False
2024-02-13,Chicken Pastry,180,79,77,2,Tuesday,2,Northeast Monsoon,False,24.8,0.9,53,Drizzle,False,,False,False
2024-02-13,Chicken Samosa,90,68,63,5,Tuesday,2,Northeast Monsoon,False,24.8,0.9,53,Drizzle,False,,False,False
2024-02-13,Cream Bun,120,51,47,4,Tuesday,2,Northeast Monsoon,False,24.8,0.9,53,Drizzle,False,,False,False
2024-02-13,Egg Roll,100,60,54,6,Tuesday,2,Northeast Monsoon,False,24.8,0.9,53,Drizzle,False,,False,False
2024-02-13,Fish Bun,120,74,68,6,Tuesday,2,Northeast Monsoon,False,24.8,0.9,53,Drizzle,False,,False,False
2024-02-13,Fish Patty,110,53,49,4,Tuesday,2,Northeast Monsoon,False,24.8,0.9,53,Drizzle,False,,False,False
2024-02-13,Mini Pizza,220,44,41,3,Tuesday,2,Northeast Monsoon,False,24.8,0.9,53,Drizzle,False,,False,False
2024-02-13,Sausage Bun,140,49,48,1,Tuesday,2,Northeast Monsoon,False,24.8,0.9,53,Drizzle,False,,False,False
2024-02-13,Vegetable Roti,100,51,48,3,Tuesday,2,Northeast Monsoon,False,24.8,0.9,53,Drizzle,False,,False,False
2024-02-14,Chicken Bun,130,60,57,3,Wednesday,2,Northeast Monsoon,False,25.0,0.7,51,Drizzle,False,,False,False
2024-02-14,Chicken Pastry,180,95,85,10,Wednesday,2,Northeast Monsoon,False,25.0,0.7,51,Drizzle,False,,False,False
2024-02-14,Chicken Samosa,90,67,65,2,Wednesday,2,Northeast Monsoon,False,25.0,0.7,51,Drizzle,False,,False,False
2024-02-14,Cream Bun,120,48,44,4,Wednesday,2,Northeast Monsoon,False,25.0,0.7,51,Drizzle,False,,False,False
2024-02-14,Egg Roll,100,57,52,5,Wednesday,2,Northeast Monsoon,False,25.0,0.7,51,Drizzle,False,,False,False
2024-02-14,Fish Bun,120,65,63,2,Wednesday,2,Northeast Monsoon,False,25.0,0.7,51,Drizzle,False,,False,False
2024-02-14,Fish Patty,110,42,41,1,Wednesday,2,Northeast Monsoon,False,25.0,0.7,51,Drizzle,False,,False,False
2024-02-14,Mini Pizza,220,41,39,2,Wednesday,2,Northeast Monsoon,False,25.0,0.7,51,Drizzle,False,,False,False
2024-02-14,Sausage Bun,140,60,54,6,Wednesday,2,Northeast Monsoon,False,25.0,0.7,51,Drizzle,False,,False,False
2024-02-14,Vegetable Roti,100,62,58,4,Wednesday,2,Northeast Monsoon,False,25.0,0.7,51,Drizzle,False,,False,False
2024-02-15,Chicken Bun,130,63,58,5,Thursday,2,Northeast Monsoon,False,25.1,0.1,51,Drizzle,False,,False,False
2024-02-15,Chicken Pastry,180,95,88,7,Thursday,2,Northeast Monsoon,False,25.1,0.1,51,Drizzle,False,,False,False
2024-02-15,Chicken Samosa,90,71,70,1,Thursday,2,Northeast Monsoon,False,25.1,0.1,51,Drizzle,False,,False,False
2024-02-15,Cream Bun,120,52,49,3,Thursday,2,Northeast Monsoon,False,25.1,0.1,51,Drizzle,False,,False,False
2024-02-15,Egg Roll,100,63,55,8,Thursday,2,Northeast Monsoon,False,25.1,0.1,51,Drizzle,False,,False,False
2024-02-15,Fish Bun,120,78,69,9,Thursday,2,Northeast Monsoon,False,25.1,0.1,51,Drizzle,False,,False,False
2024-02-15,Fish Patty,110,54,52,2,Thursday,2,Northeast Monsoon,False,25.1,0.1,51,Drizzle,False,,False,False
2024-02-15,Mini Pizza,220,52,47,5,Thursday,2,Northeast Monsoon,False,25.1,0.1,51,Drizzle,False,,False,False
2024-02-15,Sausage Bun,140,68,61,7,Thursday,2,Northeast Monsoon,False,25.1,0.1,51,Drizzle,False,,False,False
2024-02-15,Vegetable Roti,100,55,53,2,Thursday,2,Northeast Monsoon,False,25.1,0.1,51,Drizzle,False,,False,False
2024-02-16,Chicken Bun,130,66,60,6,Friday,2,Northeast Monsoon,False,24.7,0.9,51,Drizzle,False,,False,False
2024-02-16,Chicken Pastry,180,85,81,4,Friday,2,Northeast Monsoon,False,24.7,0.9,51,Drizzle,False,,False,False
2024-02-16,Chicken Samosa,90,76,68,8,Friday,2,Northeast Monsoon,False,24.7,0.9,51,Drizzle,False,,False,False
2024-02-16,Cream Bun,120,56,49,7,Friday,2,Northeast Monsoon,False,24.7,0.9,51,Drizzle,False,,False,False
2024-02-16,Egg Roll,100,64,56,8,Friday,2,Northeast Monsoon,False,24.7,0.9,51,Drizzle,False,,False,False
2024-02-16,Fish Bun,120,73,69,4,Friday,2,Northeast Monsoon,False,24.7,0.9,51,Drizzle,False,,False,False
2024-02-16,Fish Patty,110,54,50,4,Friday,2,Northeast Monsoon,False,24.7,0.9,51,Drizzle,False,,False,False
2024-02-16,Mini Pizza,220,40,37,3,Friday,2,Northeast Monsoon,False,24.7,0.9,51,Drizzle,False,,False,False
2024-02-16,Sausage Bun,140,63,57,6,Friday,2,Northeast Monsoon,False,24.7,0.9,51,Drizzle,False,,False,False
2024-02-16,Vegetable Roti,100,57,52,5,Friday,2,Northeast Monsoon,False,24.7,0.9,51,Drizzle,False,,False,False
2024-02-17,Chicken Bun,130,65,59,6,Saturday,2,Northeast Monsoon,True,25.2,0.0,3,Cloudy,False,,False,False
2024-02-17,Chicken Pastry,180,108,97,11,Saturday,2,Northeast Monsoon,True,25.2,0.0,3,Cloudy,False,,False,False
2024-02-17,Chicken Samosa,90,76,69,7,Saturday,2,Northeast Monsoon,True,25.2,0.0,3,Cloudy,False,,False,False
2024-02-17,Cream Bun,120,57,55,2,Saturday,2,Northeast Monsoon,True,25.2,0.0,3,Cloudy,False,,False,False
2024-02-17,Egg Roll,100,68,64,4,Saturday,2,Northeast Monsoon,True,25.2,0.0,3,Cloudy,False,,False,False
2024-02-17,Fish Bun,120,89,79,10,Saturday,2,Northeast Monsoon,True,25.2,0.0,3,Cloudy,False,,False,False
2024-02-17,Fish Patty,110,58,58,0,Saturday,2,Northeast Monsoon,True,25.2,0.0,3,Cloudy,False,,False,False
2024-02-17,Mini Pizza,220,58,50,8,Saturday,2,Northeast Monsoon,True,25.2,0.0,3,Cloudy,False,,False,False
2024-02-17,Sausage Bun,140,67,59,8,Saturday,2,Northeast Monsoon,True,25.2,0.0,3,Cloudy,False,,False,False
2024-02-17,Vegetable Roti,100,59,59,0,Saturday,2,Northeast Monsoon,True,25.2,0.0,3,Cloudy,False,,False,False
2024-02-18,Chicken Bun,130,72,67,5,Sunday,2,Northeast Monsoon,True,24.7,0.0,3,Cloudy,False,,False,False
2024-02-18,Chicken Pastry,180,117,108,9,Sunday,2,Northeast Monsoon,True,24.7,0.0,3,Cloudy,False,,False,False
2024-02-18,Chicken Samosa,90,68,62,6,Sunday,2,Northeast Monsoon,True,24.7,0.0,3,Cloudy,False,,False,False
2024-02-18,Cream Bun,120,59,54,5,Sunday,2,Northeast Monsoon,True,24.7,0.0,3,Cloudy,False,,False,False
2024-02-18,Egg Roll,100,64,62,2,Sunday,2,Northeast Monsoon,True,24.7,0.0,3,Cloudy,False,,False,False
2024-02-18,Fish Bun,120,76,71,5,Sunday,2,Northeast Monsoon,True,24.7,0.0,3,Cloudy,False,,False,False
2024-02-18,Fish Patty,110,65,60,5,Sunday,2,Northeast Monsoon,True,24.7,0.0,3,Cloudy,False,,False,False
2024-02-18,Mini Pizza,220,60,56,4,Sunday,2,Northeast Monsoon,True,24.7,0.0,3,Cloudy,False,,False,False
2024-02-18,Sausage Bun,140,61,58,3,Sunday,2,Northeast Monsoon,True,24.7,0.0,3,Cloudy,False,,False,False
2024-02-18,Vegetable Roti,100,60,57,3,Sunday,2,Northeast Monsoon,True,24.7,0.0,3,Cloudy,False,,False,False
2024-02-19,Chicken Bun,130,75,66,9,Monday,2,Northeast Monsoon,False,25.1,0.0,3,Cloudy,False,,False,False
2024-02-19,Chicken Pastry,180,91,89,2,Monday,2,Northeast Monsoon,False,25.1,0.0,3,Cloudy,False,,False,False
2024-02-19,Chicken Samosa,90,71,64,7,Monday,2,Northeast Monsoon,False,25.1,0.0,3,Cloudy,False,,False,False
2024-02-19,Cream Bun,120,60,53,7,Monday,2,Northeast Monsoon,False,25.1,0.0,3,Cloudy,False,,False,False
2024-02-19,Egg Roll,100,65,59,6,Monday,2,Northeast Monsoon,False,25.1,0.0,3,Cloudy,False,,False,False
2024-02-19,Fish Bun,120,79,71,8,Monday,2,Northeast Monsoon,False,25.1,0.0,3,Cloudy,False,,False,False
2024-02-19,Fish Patty,110,54,51,3,Monday,2,Northeast Monsoon,False,25.1,0.0,3,Cloudy,False,,False,False
2024-02-19,Mini Pizza,220,49,45,4,Monday,2,Northeast Monsoon,False,25.1,0.0,3,Cloudy,False,,False,False
2024-02-19,Sausage Bun,140,61,56,5,Monday,2,Northeast Monsoon,False,25.1,0.0,3,Cloudy,False,,False,False
2024-02-19,Vegetable Roti,100,52,48,4,Monday,2,Northeast Monsoon,False,25.1,0.0,3,Cloudy,False,,False,False
2024-02-20,Chicken Bun,130,62,55,7,Tuesday,2,Northeast Monsoon,False,25.7,0.7,51,Drizzle,False,,False,False
2024-02-20,Chicken Pastry,180,88,83,5,Tuesday,2,Northeast Monsoon,False,25.7,0.7,51,Drizzle,False,,False,False
2024-02-20,Chicken Samosa,90,67,61,6,Tuesday,2,Northeast Monsoon,False,25.7,0.7,51,Drizzle,False,,False,False
2024-02-20,Cream Bun,120,44,43,1,Tuesday,2,Northeast Monsoon,False,25.7,0.7,51,Drizzle,False,,False,False
2024-02-20,Egg Roll,100,62,57,5,Tuesday,2,Northeast Monsoon,False,25.7,0.7,51,Drizzle,False,,False,False
2024-02-20,Fish Bun,120,73,66,7,Tuesday,2,Northeast Monsoon,False,25.7,0.7,51,Drizzle,False,,False,False
2024-02-20,Fish Patty,110,59,54,5,Tuesday,2,Northeast Monsoon,False,25.7,0.7,51,Drizzle,False,,False,False
2024-02-20,Mini Pizza,220,44,41,3,Tuesday,2,Northeast Monsoon,False,25.7,0.7,51,Drizzle,False,,False,False
2024-02-20,Sausage Bun,140,53,51,2,Tuesday,2,Northeast Monsoon,False,25.7,0.7,51,Drizzle,False,,False,False
2024-02-20,Vegetable Roti,100,60,56,4,Tuesday,2,Northeast Monsoon,False,25.7,0.7,51,Drizzle,False,,False,False
2024-02-21,Chicken Bun,130,73,67,6,Wednesday,2,Northeast Monsoon,False,26.4,0.0,3,Cloudy,False,,False,False
2024-02-21,Chicken Pastry,180,95,87,8,Wednesday,2,Northeast Monsoon,False,26.4,0.0,3,Cloudy,False,,False,False
2024-02-21,Chicken Samosa,90,74,67,7,Wednesday,2,Northeast Monsoon,False,26.4,0.0,3,Cloudy,False,,False,False
2024-02-21,Cream Bun,120,49,45,4,Wednesday,2,Northeast Monsoon,False,26.4,0.0,3,Cloudy,False,,False,False
2024-02-21,Egg Roll,100,51,48,3,Wednesday,2,Northeast Monsoon,False,26.4,0.0,3,Cloudy,False,,False,False
2024-02-21,Fish Bun,120,78,71,7,Wednesday,2,Northeast Monsoon,False,26.4,0.0,3,Cloudy,False,,False,False
2024-02-21,Fish Patty,110,57,51,6,Wednesday,2,Northeast Monsoon,False,26.4,0.0,3,Cloudy,False,,False,False
2024-02-21,Mini Pizza,220,49,46,3,Wednesday,2,Northeast Monsoon,False,26.4,0.0,3,Cloudy,False,,False,False
2024-02-21,Sausage Bun,140,58,54,4,Wednesday,2,Northeast Monsoon,False,26.4,0.0,3,Cloudy,False,,False,False
2024-02-21,Vegetable Roti,100,49,45,4,Wednesday,2,Northeast Monsoon,False,26.4,0.0,3,Cloudy,False,,False,False
2024-02-22,Chicken Bun,130,60,56,4,Thursday,2,Northeast Monsoon,False,26.0,0.0,3,Cloudy,False,,True,False
2024-02-22,Chicken Pastry,180,88,79,9,Thursday,2,Northeast Monsoon,False,26.0,0.0,3,Cloudy,False,,True,False
2024-02-22,Chicken Samosa,90,70,64,6,Thursday,2,Northeast Monsoon,False,26.0,0.0,3,Cloudy,False,,True,False
2024-02-22,Cream Bun,120,55,47,8,Thursday,2,Northeast Monsoon,False,26.0,0.0,3,Cloudy,False,,True,False
2024-02-22,Egg Roll,100,57,54,3,Thursday,2,Northeast Monsoon,False,26.0,0.0,3,Cloudy,False,,True,False
2024-02-22,Fish Bun,120,79,73,6,Thursday,2,Northeast Monsoon,False,26.0,0.0,3,Cloudy,False,,True,False
2024-02-22,Fish Patty,110,53,48,5,Thursday,2,Northeast Monsoon,False,26.0,0.0,3,Cloudy,False,,True,False
2024-02-22,Mini Pizza,220,47,43,4,Thursday,2,Northeast Monsoon,False,26.0,0.0,3,Cloudy,False,,True,False
2024-02-22,Sausage Bun,140,58,51,7,Thursday,2,Northeast Monsoon,False,26.0,0.0,3,Cloudy,False,,True,False
2024-02-22,Vegetable Roti,100,56,51,5,Thursday,2,Northeast Monsoon,False,26.0,0.0,3,Cloudy,False,,True,False
2024-02-23,Chicken Bun,130,70,67,3,Friday,2,Northeast Monsoon,False,26.9,0.3,51,Drizzle,True,Nawam Full Moon Poya Day,False,False
2024-02-23,Chicken Pastry,180,106,94,12,Friday,2,Northeast Monsoon,False,26.9,0.3,51,Drizzle,True,Nawam Full Moon Poya Day,False,False
2024-02-23,Chicken Samosa,90,75,66,9,Friday,2,Northeast Monsoon,False,26.9,0.3,51,Drizzle,True,Nawam Full Moon Poya Day,False,False
2024-02-23,Cream Bun,120,53,52,1,Friday,2,Northeast Monsoon,False,26.9,0.3,51,Drizzle,True,Nawam Full Moon Poya Day,False,False
2024-02-23,Egg Roll,100,64,59,5,Friday,2,Northeast Monsoon,False,26.9,0.3,51,Drizzle,True,Nawam Full Moon Poya Day,False,False
2024-02-23,Fish Bun,120,83,74,9,Friday,2,Northeast Monsoon,False,26.9,0.3,51,Drizzle,True,Nawam Full Moon Poya Day,False,False
2024-02-23,Fish Patty,110,67,62,5,Friday,2,Northeast Monsoon,False,26.9,0.3,51,Drizzle,True,Nawam Full Moon Poya Day,False,False
2024-02-23,Mini Pizza,220,64,54,10,Friday,2,Northeast Monsoon,False,26.9,0.3,51,Drizzle,True,Nawam Full Moon Poya Day,False,False
2024-02-23,Sausage Bun,140,63,58,5,Friday,2,Northeast Monsoon,False,26.9,0.3,51,Drizzle,True,Nawam Full Moon Poya Day,False,False
2024-02-23,Vegetable Roti,100,58,53,5,Friday,2,Northeast Monsoon,False,26.9,0.3,51,Drizzle,True,Nawam Full Moon Poya Day,False,False
2024-02-24,Chicken Bun,130,70,65,5,Saturday,2,Northeast Monsoon,True,25.8,0.0,3,Cloudy,False,,False,True
2024-02-24,Chicken Pastry,180,104,97,7,Saturday,2,Northeast Monsoon,True,25.8,0.0,3,Cloudy,False,,False,True
2024-02-24,Chicken Samosa,90,83,74,9,Saturday,2,Northeast Monsoon,True,25.8,0.0,3,Cloudy,False,,False,True
2024-02-24,Cream Bun,120,61,56,5,Saturday,2,Northeast Monsoon,True,25.8,0.0,3,Cloudy,False,,False,True
2024-02-24,Egg Roll,100,67,63,4,Saturday,2,Northeast Monsoon,True,25.8,0.0,3,Cloudy,False,,False,True
2024-02-24,Fish Bun,120,85,79,6,Saturday,2,Northeast Monsoon,True,25.8,0.0,3,Cloudy,False,,False,True
2024-02-24,Fish Patty,110,62,58,4,Saturday,2,Northeast Monsoon,True,25.8,0.0,3,Cloudy,False,,False,True
2024-02-24,Mini Pizza,220,63,57,6,Saturday,2,Northeast Monsoon,True,25.8,0.0,3,Cloudy,False,,False,True
2024-02-24,Sausage Bun,140,66,59,7,Saturday,2,Northeast Monsoon,True,25.8,0.0,3,Cloudy,False,,False,True
2024-02-24,Vegetable Roti,100,52,51,1,Saturday,2,Northeast Monsoon,True,25.8,0.0,3,Cloudy,False,,False,True
2024-02-25,Chicken Bun,130,81,76,5,Sunday,2,Northeast Monsoon,True,25.1,0.0,1,Cloudy,False,,False,False
2024-02-25,Chicken Pastry,180,115,104,11,Sunday,2,Northeast Monsoon,True,25.1,0.0,1,Cloudy,False,,False,False
2024-02-25,Chicken Samosa,90,74,71,3,Sunday,2,Northeast Monsoon,True,25.1,0.0,1,Cloudy,False,,False,False
2024-02-25,Cream Bun,120,53,49,4,Sunday,2,Northeast Monsoon,True,25.1,0.0,1,Cloudy,False,,False,False
2024-02-25,Egg Roll,100,63,57,6,Sunday,2,Northeast Monsoon,True,25.1,0.0,1,Cloudy,False,,False,False
2024-02-25,Fish Bun,120,88,80,8,Sunday,2,Northeast Monsoon,True,25.1,0.0,1,Cloudy,False,,False,False
2024-02-25,Fish Patty,110,68,61,7,Sunday,2,Northeast Monsoon,True,25.1,0.0,1,Cloudy,False,,False,False
2024-02-25,Mini Pizza,220,60,56,4,Sunday,2,Northeast Monsoon,True,25.1,0.0,1,Cloudy,False,,False,False
2024-02-25,Sausage Bun,140,68,63,5,Sunday,2,Northeast Monsoon,True,25.1,0.0,1,Cloudy,False,,False,False
2024-02-25,Vegetable Roti,100,55,52,3,Sunday,2,Northeast Monsoon,True,25.1,0.0,1,Cloudy,False,,False,False
2024-02-26,Chicken Bun,130,61,57,4,Monday,2,Northeast Monsoon,False,25.7,0.2,51,Drizzle,False,,False,False
2024-02-26,Chicken Pastry,180,95,88,7,Monday,2,Northeast Monsoon,False,25.7,0.2,51,Drizzle,False,,False,False
2024-02-26,Chicken Samosa,90,68,63,5,Monday,2,Northeast Monsoon,False,25.7,0.2,51,Drizzle,False,,False,False
2024-02-26,Cream Bun,120,50,44,6,Monday,2,Northeast Monsoon,False,25.7,0.2,51,Drizzle,False,,False,False
2024-02-26,Egg Roll,100,61,57,4,Monday,2,Northeast Monsoon,False,25.7,0.2,51,Drizzle,False,,False,False
2024-02-26,Fish Bun,120,70,65,5,Monday,2,Northeast Monsoon,False,25.7,0.2,51,Drizzle,False,,False,False
2024-02-26,Fish Patty,110,50,50,0,Monday,2,Northeast Monsoon,False,25.7,0.2,51,Drizzle,False,,False,False
2024-02-26,Mini Pizza,220,45,42,3,Monday,2,Northeast Monsoon,False,25.7,0.2,51,Drizzle,False,,False,False
2024-02-26,Sausage Bun,140,63,56,7,Monday,2,Northeast Monsoon,False,25.7,0.2,51,Drizzle,False,,False,False
2024-02-26,Vegetable Roti,100,66,61,5,Monday,2,Northeast Monsoon,False,25.7,0.2,51,Drizzle,False,,False,False
2024-02-27,Chicken Bun,130,69,62,7,Tuesday,2,Northeast Monsoon,False,25.5,0.1,51,Drizzle,False,,False,False
2024-02-27,Chicken Pastry,180,96,96,0,Tuesday,2,Northeast Monsoon,False,25.5,0.1,51,Drizzle,False,,False,False
2024-02-27,Chicken Samosa,90,54,52,2,Tuesday,2,Northeast Monsoon,False,25.5,0.1,51,Drizzle,False,,False,False
2024-02-27,Cream Bun,120,50,47,3,Tuesday,2,Northeast Monsoon,False,25.5,0.1,51,Drizzle,False,,False,False
2024-02-27,Egg Roll,100,64,58,6,Tuesday,2,Northeast Monsoon,False,25.5,0.1,51,Drizzle,False,,False,False
2024-02-27,Fish Bun,120,63,59,4,Tuesday,2,Northeast Monsoon,False,25.5,0.1,51,Drizzle,False,,False,False
2024-02-27,Fish Patty,110,62,56,6,Tuesday,2,Northeast Monsoon,False,25.5,0.1,51,Drizzle,False,,False,False
2024-02-27,Mini Pizza,220,48,42,6,Tuesday,2,Northeast Monsoon,False,25.5,0.1,51,Drizzle,False,,False,False
2024-02-27,Sausage Bun,140,64,59,5,Tuesday,2,Northeast Monsoon,False,25.5,0.1,51,Drizzle,False,,False,False
2024-02-27,Vegetable Roti,100,59,55,4,Tuesday,2,Northeast Monsoon,False,25.5,0.1,51,Drizzle,False,,False,False
2024-02-28,Chicken Bun,130,56,55,1,Wednesday,2,Northeast Monsoon,False,25.2,0.6,51,Drizzle,False,,False,False
2024-02-28,Chicken Pastry,180,81,76,5,Wednesday,2,Northeast Monsoon,False,25.2,0.6,51,Drizzle,False,,False,False
2024-02-28,Chicken Samosa,90,71,65,6,Wednesday,2,Northeast Monsoon,False,25.2,0.6,51,Drizzle,False,,False,False
2024-02-28,Cream Bun,120,47,45,2,Wednesday,2,Northeast Monsoon,False,25.2,0.6,51,Drizzle,False,,False,False
2024-02-28,Egg Roll,100,56,53,3,Wednesday,2,Northeast Monsoon,False,25.2,0.6,51,Drizzle,False,,False,False
2024-02-28,Fish Bun,120,70,68,2,Wednesday,2,Northeast Monsoon,False,25.2,0.6,51,Drizzle,False,,False,False
2024-02-28,Fish Patty,110,53,50,3,Wednesday,2,Northeast Monsoon,False,25.2,0.6,51,Drizzle,False,,False,False
2024-02-28,Mini Pizza,220,42,39,3,Wednesday,2,Northeast Monsoon,False,25.2,0.6,51,Drizzle,False,,False,False
2024-02-28,Sausage Bun,140,56,55,1,Wednesday,2,Northeast Monsoon,False,25.2,0.6,51,Drizzle,False,,False,False
2024-02-28,Vegetable Roti,100,72,63,9,Wednesday,2,Northeast Monsoon,False,25.2,0.6,51,Drizzle,False,,False,False
2024-02-29,Chicken Bun,130,75,67,8,Thursday,2,Northeast Monsoon,False,25.2,0.7,51,Drizzle,False,,False,False
2024-02-29,Chicken Pastry,180,83,75,8,Thursday,2,Northeast Monsoon,False,25.2,0.7,51,Drizzle,False,,False,False
2024-02-29,Chicken Samosa,90,73,70,3,Thursday,2,Northeast Monsoon,False,25.2,0.7,51,Drizzle,False,,False,False
2024-02-29,Cream Bun,120,49,44,5,Thursday,2,Northeast Monsoon,False,25.2,0.7,51,Drizzle,False,,False,False
2024-02-29,Egg Roll,100,59,57,2,Thursday,2,Northeast Monsoon,False,25.2,0.7,51,Drizzle,False,,False,False
2024-02-29,Fish Bun,120,72,65,7,Thursday,2,Northeast Monsoon,False,25.2,0.7,51,Drizzle,False,,False,False
2024-02-29,Fish Patty,110,57,53,4,Thursday,2,Northeast Monsoon,False,25.2,0.7,51,Drizzle,False,,False,False
2024-02-29,Mini Pizza,220,39,37,2,Thursday,2,Northeast Monsoon,False,25.2,0.7,51,Drizzle,False,,False,False
2024-02-29,Sausage Bun,140,74,64,10,Thursday,2,Northeast Monsoon,False,25.2,0.7,51,Drizzle,False,,False,False
2024-02-29,Vegetable Roti,100,57,52,5,Thursday,2,Northeast Monsoon,False,25.2,0.7,51,Drizzle,False,,False,False
2024-03-01,Chicken Bun,130,71,67,4,Friday,3,First Inter-monsoon,False,25.1,0.0,3,Cloudy,False,,False,False
2024-03-01,Chicken Pastry,180,84,79,5,Friday,3,First Inter-monsoon,False,25.1,0.0,3,Cloudy,False,,False,False
2024-03-01,Chicken Samosa,90,66,59,7,Friday,3,First Inter-monsoon,False,25.1,0.0,3,Cloudy,False,,False,False
2024-03-01,Cream Bun,120,50,47,3,Friday,3,First Inter-monsoon,False,25.1,0.0,3,Cloudy,False,,False,False
2024-03-01,Egg Roll,100,59,56,3,Friday,3,First Inter-monsoon,False,25.1,0.0,3,Cloudy,False,,False,False
2024-03-01,Fish Bun,120,79,73,6,Friday,3,First Inter-monsoon,False,25.1,0.0,3,Cloudy,False,,False,False
2024-03-01,Fish Patty,110,68,62,6,Friday,3,First Inter-monsoon,False,25.1,0.0,3,Cloudy,False,,False,False
2024-03-01,Mini Pizza,220,38,38,0,Friday,3,First Inter-monsoon,False,25.1,0.0,3,Cloudy,False,,False,False
2024-03-01,Sausage Bun,140,47,46,1,Friday,3,First Inter-monsoon,False,25.1,0.0,3,Cloudy,False,,False,False
2024-03-01,Vegetable Roti,100,55,52,3,Friday,3,First Inter-monsoon,False,25.1,0.0,3,Cloudy,False,,False,False
2024-03-02,Chicken Bun,130,69,66,3,Saturday,3,First Inter-monsoon,True,25.4,0.0,3,Cloudy,False,,False,False
2024-03-02,Chicken Pastry,180,109,97,12,Saturday,3,First Inter-monsoon,True,25.4,0.0,3,Cloudy,False,,False,False
2024-03-02,Chicken Samosa,90,84,74,10,Saturday,3,First Inter-monsoon,True,25.4,0.0,3,Cloudy,False,,False,False
2024-03-02,Cream Bun,120,54,50,4,Saturday,3,First Inter-monsoon,True,25.4,0.0,3,Cloudy,False,,False,False
2024-03-02,Egg Roll,100,65,59,6,Saturday,3,First Inter-monsoon,True,25.4,0.0,3,Cloudy,False,,False,False
2024-03-02,Fish Bun,120,90,81,9,Saturday,3,First Inter-monsoon,True,25.4,0.0,3,Cloudy,False,,False,False
2024-03-02,Fish Patty,110,65,59,6,Saturday,3,First Inter-monsoon,True,25.4,0.0,3,Cloudy,False,,False,False
2024-03-02,Mini Pizza,220,57,52,5,Saturday,3,First Inter-monsoon,True,25.4,0.0,3,Cloudy,False,,False,False
2024-03-02,Sausage Bun,140,68,65,3,Saturday,3,First Inter-monsoon,True,25.4,0.0,3,Cloudy,False,,False,False
2024-03-02,Vegetable Roti,100,66,62,4,Saturday,3,First Inter-monsoon,True,25.4,0.0,3,Cloudy,False,,False,False
2024-03-03,Chicken Bun,130,84,74,10,Sunday,3,First Inter-monsoon,True,25.2,0.0,3,Cloudy,False,,False,False
2024-03-03,Chicken Pastry,180,112,107,5,Sunday,3,First Inter-monsoon,True,25.2,0.0,3,Cloudy,False,,False,False
2024-03-03,Chicken Samosa,90,85,80,5,Sunday,3,First Inter-monsoon,True,25.2,0.0,3,Cloudy,False,,False,False
2024-03-03,Cream Bun,120,56,51,5,Sunday,3,First Inter-monsoon,True,25.2,0.0,3,Cloudy,False,,False,False
2024-03-03,Egg Roll,100,75,69,6,Sunday,3,First Inter-monsoon,True,25.2,0.0,3,Cloudy,False,,False,False
2024-03-03,Fish Bun,120,93,88,5,Sunday,3,First Inter-monsoon,True,25.2,0.0,3,Cloudy,False,,False,False
2024-03-03,Fish Patty,110,57,56,1,Sunday,3,First Inter-monsoon,True,25.2,0.0,3,Cloudy,False,,False,False
2024-03-03,Mini Pizza,220,59,55,4,Sunday,3,First Inter-monsoon,True,25.2,0.0,3,Cloudy,False,,False,False
2024-03-03,Sausage Bun,140,63,60,3,Sunday,3,First Inter-monsoon,True,25.2,0.0,3,Cloudy,False,,False,False
2024-03-03,Vegetable Roti,100,58,57,1,Sunday,3,First Inter-monsoon,True,25.2,0.0,3,Cloudy,False,,False,False
2024-03-04,Chicken Bun,130,79,70,9,Monday,3,First Inter-monsoon,False,24.8,0.0,3,Cloudy,False,,False,False
2024-03-04,Chicken Pastry,180,102,94,8,Monday,3,First Inter-monsoon,False,24.8,0.0,3,Cloudy,False,,False,False
2024-03-04,Chicken Samosa,90,72,67,5,Monday,3,First Inter-monsoon,False,24.8,0.0,3,Cloudy,False,,False,False
2024-03-04,Cream Bun,120,51,47,4,Monday,3,First Inter-monsoon,False,24.8,0.0,3,Cloudy,False,,False,False
2024-03-04,Egg Roll,100,63,59,4,Monday,3,First Inter-monsoon,False,24.8,0.0,3,Cloudy,False,,False,False
2024-03-04,Fish Bun,120,81,76,5,Monday,3,First Inter-monsoon,False,24.8,0.0,3,Cloudy,False,,False,False
2024-03-04,Fish Patty,110,62,56,6,Monday,3,First Inter-monsoon,False,24.8,0.0,3,Cloudy,False,,False,False
2024-03-04,Mini Pizza,220,48,42,6,Monday,3,First Inter-monsoon,False,24.8,0.0,3,Cloudy,False,,False,False
2024-03-04,Sausage Bun,140,59,55,4,Monday,3,First Inter-monsoon,False,24.8,0.0,3,Cloudy,False,,False,False
2024-03-04,Vegetable Roti,100,57,52,5,Monday,3,First Inter-monsoon,False,24.8,0.0,3,Cloudy,False,,False,False
2024-03-05,Chicken Bun,130,68,64,4,Tuesday,3,First Inter-monsoon,False,25.6,0.0,3,Cloudy,False,,False,False
2024-03-05,Chicken Pastry,180,95,95,0,Tuesday,3,First Inter-monsoon,False,25.6,0.0,3,Cloudy,False,,False,False
2024-03-05,Chicken Samosa,90,62,59,3,Tuesday,3,First Inter-monsoon,False,25.6,0.0,3,Cloudy,False,,False,False
2024-03-05,Cream Bun,120,46,46,0,Tuesday,3,First Inter-monsoon,False,25.6,0.0,3,Cloudy,False,,False,False
2024-03-05,Egg Roll,100,64,59,5,Tuesday,3,First Inter-monsoon,False,25.6,0.0,3,Cloudy,False,,False,False
2024-03-05,Fish Bun,120,66,60,6,Tuesday,3,First Inter-monsoon,False,25.6,0.0,3,Cloudy,False,,False,False
2024-03-05,Fish Patty,110,68,61,7,Tuesday,3,First Inter-monsoon,False,25.6,0.0,3,Cloudy,False,,False,False
2024-03-05,Mini Pizza,220,40,38,2,Tuesday,3,First Inter-monsoon,False,25.6,0.0,3,Cloudy,False,,False,False
2024-03-05,Sausage Bun,140,65,59,6,Tuesday,3,First Inter-monsoon,False,25.6,0.0,3,Cloudy,False,,False,False
2024-03-05,Vegetable Roti,100,53,49,4,Tuesday,3,First Inter-monsoon,False,25.6,0.0,3,Cloudy,False,,False,False
2024-03-06,Chicken Bun,130,63,57,6,Wednesday,3,First Inter-monsoon,False,26.0,0.1,51,Drizzle,False,,False,False
2024-03-06,Chicken Pastry,180,88,87,1,Wednesday,3,First Inter-monsoon,False,26.0,0.1,51,Drizzle,False,,False,False
2024-03-06,Chicken Samosa,90,64,57,7,Wednesday,3,First Inter-monsoon,False,26.0,0.1,51,Drizzle,False,,False,False
2024-03-06,Cream Bun,120,49,45,4,Wednesday,3,First Inter-monsoon,False,26.0,0.1,51,Drizzle,False,,False,False
2024-03-06,Egg Roll,100,57,57,0,Wednesday,3,First Inter-monsoon,False,26.0,0.1,51,Drizzle,False,,False,False
2024-03-06,Fish Bun,120,82,74,8,Wednesday,3,First Inter-monsoon,False,26.0,0.1,51,Drizzle,False,,False,False
2024-03-06,Fish Patty,110,45,42,3,Wednesday,3,First Inter-monsoon,False,26.0,0.1,51,Drizzle,False,,False,False
2024-03-06,Mini Pizza,220,47,43,4,Wednesday,3,First Inter-monsoon,False,26.0,0.1,51,Drizzle,False,,False,False
2024-03-06,Sausage Bun,140,69,60,9,Wednesday,3,First Inter-monsoon,False,26.0,0.1,51,Drizzle,False,,False,False
2024-03-06,Vegetable Roti,100,56,50,6,Wednesday,3,First Inter-monsoon,False,26.0,0.1,51,Drizzle,False,,False,False
2024-03-07,Chicken Bun,130,56,54,2,Thursday,3,First Inter-monsoon,False,26.1,0.0,3,Cloudy,False,,True,False
2024-03-07,Chicken Pastry,180,87,82,5,Thursday,3,First Inter-monsoon,False,26.1,0.0,3,Cloudy,False,,True,False
2024-03-07,Chicken Samosa,90,84,78,6,Thursday,3,First Inter-monsoon,False,26.1,0.0,3,Cloudy,False,,True,False
2024-03-07,Cream Bun,120,56,51,5,Thursday,3,First Inter-monsoon,False,26.1,0.0,3,Cloudy,False,,True,False
2024-03-07,Egg Roll,100,67,60,7,Thursday,3,First Inter-monsoon,False,26.1,0.0,3,Cloudy,False,,True,False
2024-03-07,Fish Bun,120,73,71,2,Thursday,3,First Inter-monsoon,False,26.1,0.0,3,Cloudy,False,,True,False
2024-03-07,Fish Patty,110,58,52,6,Thursday,3,First Inter-monsoon,False,26.1,0.0,3,Cloudy,False,,True,False
2024-03-07,Mini Pizza,220,50,45,5,Thursday,3,First Inter-monsoon,False,26.1,0.0,3,Cloudy,False,,True,False
2024-03-07,Sausage Bun,140,68,59,9,Thursday,3,First Inter-monsoon,False,26.1,0.0,3,Cloudy,False,,True,False
2024-03-07,Vegetable Roti,100,57,56,1,Thursday,3,First Inter-monsoon,False,26.1,0.0,3,Cloudy,False,,True,False
2024-03-08,Chicken Bun,130,75,68,7,Friday,3,First Inter-monsoon,False,26.1,0.3,51,Drizzle,True,Maha Sivarathri Day,False,False
2024-03-08,Chicken Pastry,180,100,91,9,Friday,3,First Inter-monsoon,False,26.1,0.3,51,Drizzle,True,Maha Sivarathri Day,False,False
2024-03-08,Chicken Samosa,90,74,69,5,Friday,3,First Inter-monsoon,False,26.1,0.3,51,Drizzle,True,Maha Sivarathri Day,False,False
2024-03-08,Cream Bun,120,54,49,5,Friday,3,First Inter-monsoon,False,26.1,0.3,51,Drizzle,True,Maha Sivarathri Day,False,False
2024-03-08,Egg Roll,100,67,58,9,Friday,3,First Inter-monsoon,False,26.1,0.3,51,Drizzle,True,Maha Sivarathri Day,False,False
2024-03-08,Fish Bun,120,86,81,5,Friday,3,First Inter-monsoon,False,26.1,0.3,51,Drizzle,True,Maha Sivarathri Day,False,False
2024-03-08,Fish Patty,110,66,61,5,Friday,3,First Inter-monsoon,False,26.1,0.3,51,Drizzle,True,Maha Sivarathri Day,False,False
2024-03-08,Mini Pizza,220,52,49,3,Friday,3,First Inter-monsoon,False,26.1,0.3,51,Drizzle,True,Maha Sivarathri Day,False,False
2024-03-08,Sausage Bun,140,79,72,7,Friday,3,First Inter-monsoon,False,26.1,0.3,51,Drizzle,True,Maha Sivarathri Day,False,False
2024-03-08,Vegetable Roti,100,63,60,3,Friday,3,First Inter-monsoon,False,26.1,0.3,51,Drizzle,True,Maha Sivarathri Day,False,False
2024-03-09,Chicken Bun,130,68,61,7,Saturday,3,First Inter-monsoon,True,26.5,0.0,3,Cloudy,False,,False,True
2024-03-09,Chicken Pastry,180,105,94,11,Saturday,3,First Inter-monsoon,True,26.5,0.0,3,Cloudy,False,,False,True
2024-03-09,Chicken Samosa,90,81,72,9,Saturday,3,First Inter-monsoon,True,26.5,0.0,3,Cloudy,False,,False,True
2024-03-09,Cream Bun,120,57,56,1,Saturday,3,First Inter-monsoon,True,26.5,0.0,3,Cloudy,False,,False,True
2024-03-09,Egg Roll,100,67,61,6,Saturday,3,First Inter-monsoon,True,26.5,0.0,3,Cloudy,False,,False,True
2024-03-09,Fish Bun,120,75,68,7,Saturday,3,First Inter-monsoon,True,26.5,0.0,3,Cloudy,False,,False,True
2024-03-09,Fish Patty,110,69,62,7,Saturday,3,First Inter-monsoon,True,26.5,0.0,3,Cloudy,False,,False,True
2024-03-09,Mini Pizza,220,59,54,5,Saturday,3,First Inter-monsoon,True,26.5,0.0,3,Cloudy,False,,False,True
2024-03-09,Sausage Bun,140,69,63,6,Saturday,3,First Inter-monsoon,True,26.5,0.0,3,Cloudy,False,,False,True
2024-03-09,Vegetable Roti,100,60,53,7,Saturday,3,First Inter-monsoon,True,26.5,0.0,3,Cloudy,False,,False,True
2024-03-10,Chicken Bun,130,74,65,9,Sunday,3,First Inter-monsoon,True,26.1,0.0,0,Clear,False,,False,False
2024-03-10,Chicken Pastry,180,106,106,0,Sunday,3,First Inter-monsoon,True,26.1,0.0,0,Clear,False,,False,False
2024-03-10,Chicken Samosa,90,76,74,2,Sunday,3,First Inter-monsoon,True,26.1,0.0,0,Clear,False,,False,False
2024-03-10,Cream Bun,120,57,52,5,Sunday,3,First Inter-monsoon,True,26.1,0.0,0,Clear,False,,False,False
2024-03-10,Egg Roll,100,60,55,5,Sunday,3,First Inter-monsoon,True,26.1,0.0,0,Clear,False,,False,False
2024-03-10,Fish Bun,120,82,76,6,Sunday,3,First Inter-monsoon,True,26.1,0.0,0,Clear,False,,False,False
2024-03-10,Fish Patty,110,61,58,3,Sunday,3,First Inter-monsoon,True,26.1,0.0,0,Clear,False,,False,False
2024-03-10,Mini Pizza,220,58,54,4,Sunday,3,First Inter-monsoon,True,26.1,0.0,0,Clear,False,,False,False
2024-03-10,Sausage Bun,140,62,54,8,Sunday,3,First Inter-monsoon,True,26.1,0.0,0,Clear,False,,False,False
2024-03-10,Vegetable Roti,100,67,64,3,Sunday,3,First Inter-monsoon,True,26.1,0.0,0,Clear,False,,False,False
2024-03-11,Chicken Bun,130,71,61,10,Monday,3,First Inter-monsoon,False,25.6,0.0,3,Cloudy,False,,False,False
2024-03-11,Chicken Pastry,180,102,95,7,Monday,3,First Inter-monsoon,False,25.6,0.0,3,Cloudy,False,,False,False
2024-03-11,Chicken Samosa,90,76,70,6,Monday,3,First Inter-monsoon,False,25.6,0.0,3,Cloudy,False,,False,False
2024-03-11,Cream Bun,120,47,42,5,Monday,3,First Inter-monsoon,False,25.6,0.0,3,Cloudy,False,,False,False
2024-03-11,Egg Roll,100,62,56,6,Monday,3,First Inter-monsoon,False,25.6,0.0,3,Cloudy,False,,False,False
2024-03-11,Fish Bun,120,74,70,4,Monday,3,First Inter-monsoon,False,25.6,0.0,3,Cloudy,False,,False,False
2024-03-11,Fish Patty,110,58,53,5,Monday,3,First Inter-monsoon,False,25.6,0.0,3,Cloudy,False,,False,False
2024-03-11,Mini Pizza,220,57,51,6,Monday,3,First Inter-monsoon,False,25.6,0.0,3,Cloudy,False,,False,False
2024-03-11,Sausage Bun,140,67,64,3,Monday,3,First Inter-monsoon,False,25.6,0.0,3,Cloudy,False,,False,False
2024-03-11,Vegetable Roti,100,62,56,6,Monday,3,First Inter-monsoon,False,25.6,0.0,3,Cloudy,False,,False,False
2024-03-12,Chicken Bun,130,64,61,3,Tuesday,3,First Inter-monsoon,False,26.1,0.0,3,Cloudy,False,,False,False
2024-03-12,Chicken Pastry,180,91,85,6,Tuesday,3,First Inter-monsoon,False,26.1,0.0,3,Cloudy,False,,False,False
2024-03-12,Chicken Samosa,90,66,59,7,Tuesday,3,First Inter-monsoon,False,26.1,0.0,3,Cloudy,False,,False,False
2024-03-12,Cream Bun,120,45,44,1,Tuesday,3,First Inter-monsoon,False,26.1,0.0,3,Cloudy,False,,False,False
2024-03-12,Egg Roll,100,62,59,3,Tuesday,3,First Inter-monsoon,False,26.1,0.0,3,Cloudy,False,,False,False
2024-03-12,Fish Bun,120,82,73,9,Tuesday,3,First Inter-monsoon,False,26.1,0.0,3,Cloudy,False,,False,False
2024-03-12,Fish Patty,110,61,55,6,Tuesday,3,First Inter-monsoon,False,26.1,0.0,3,Cloudy,False,,False,False
2024-03-12,Mini Pizza,220,42,42,0,Tuesday,3,First Inter-monsoon,False,26.1,0.0,3,Cloudy,False,,False,False
2024-03-12,Sausage Bun,140,64,59,5,Tuesday,3,First Inter-monsoon,False,26.1,0.0,3,Cloudy,False,,False,False
2024-03-12,Vegetable Roti,100,65,58,7,Tuesday,3,First Inter-monsoon,False,26.1,0.0,3,Cloudy,False,,False,False
2024-03-13,Chicken Bun,130,67,61,6,Wednesday,3,First Inter-monsoon,False,26.4,0.2,51,Drizzle,False,,False,False
2024-03-13,Chicken Pastry,180,90,82,8,Wednesday,3,First Inter-monsoon,False,26.4,0.2,51,Drizzle,False,,False,False
2024-03-13,Chicken Samosa,90,80,73,7,Wednesday,3,First Inter-monsoon,False,26.4,0.2,51,Drizzle,False,,False,False
2024-03-13,Cream Bun,120,50,47,3,Wednesday,3,First Inter-monsoon,False,26.4,0.2,51,Drizzle,False,,False,False
2024-03-13,Egg Roll,100,63,58,5,Wednesday,3,First Inter-monsoon,False,26.4,0.2,51,Drizzle,False,,False,False
2024-03-13,Fish Bun,120,71,63,8,Wednesday,3,First Inter-monsoon,False,26.4,0.2,51,Drizzle,False,,False,False
2024-03-13,Fish Patty,110,54,51,3,Wednesday,3,First Inter-monsoon,False,26.4,0.2,51,Drizzle,False,,False,False
2024-03-13,Mini Pizza,220,54,50,4,Wednesday,3,First Inter-monsoon,False,26.4,0.2,51,Drizzle,False,,False,False
2024-03-13,Sausage Bun,140,68,63,5,Wednesday,3,First Inter-monsoon,False,26.4,0.2,51,Drizzle,False,,False,False
2024-03-13,Vegetable Roti,100,73,64,9,Wednesday,3,First Inter-monsoon,False,26.4,0.2,51,Drizzle,False,,False,False
2024-03-14,Chicken Bun,130,71,63,8,Thursday,3,First Inter-monsoon,False,27.0,0.1,51,Drizzle,False,,False,False
2024-03-14,Chicken Pastry,180,97,92,5,Thursday,3,First Inter-monsoon,False,27.0,0.1,51,Drizzle,False,,False,False
2024-03-14,Chicken Samosa,90,71,62,9,Thursday,3,First Inter-monsoon,False,27.0,0.1,51,Drizzle,False,,False,False
2024-03-14,Cream Bun,120,47,47,0,Thursday,3,First Inter-monsoon,False,27.0,0.1,51,Drizzle,False,,False,False
2024-03-14,Egg Roll,100,67,62,5,Thursday,3,First Inter-monsoon,False,27.0,0.1,51,Drizzle,False,,False,False
2024-03-14,Fish Bun,120,72,66,6,Thursday,3,First Inter-monsoon,False,27.0,0.1,51,Drizzle,False,,False,False
2024-03-14,Fish Patty,110,48,47,1,Thursday,3,First Inter-monsoon,False,27.0,0.1,51,Drizzle,False,,False,False
2024-03-14,Mini Pizza,220,51,50,1,Thursday,3,First Inter-monsoon,False,27.0,0.1,51,Drizzle,False,,False,False
2024-03-14,Sausage Bun,140,60,56,4,Thursday,3,First Inter-monsoon,False,27.0,0.1,51,Drizzle,False,,False,False
2024-03-14,Vegetable Roti,100,51,49,2,Thursday,3,First Inter-monsoon,False,27.0,0.1,51,Drizzle,False,,False,False
2024-03-15,Chicken Bun,130,64,59,5,Friday,3,First Inter-monsoon,False,27.2,0.0,1,Cloudy,False,,False,False
2024-03-15,Chicken Pastry,180,98,89,9,Friday,3,First Inter-monsoon,False,27.2,0.0,1,Cloudy,False,,False,False
2024-03-15,Chicken Samosa,90,71,68,3,Friday,3,First Inter-monsoon,False,27.2,0.0,1,Cloudy,False,,False,False
2024-03-15,Cream Bun,120,47,45,2,Friday,3,First Inter-monsoon,False,27.2,0.0,1,Cloudy,False,,False,False
2024-03-15,Egg Roll,100,65,62,3,Friday,3,First Inter-monsoon,False,27.2,0.0,1,Cloudy,False,,False,False
2024-03-15,Fish Bun,120,77,71,6,Friday,3,First Inter-monsoon,False,27.2,0.0,1,Cloudy,False,,False,False
2024-03-15,Fish Patty,110,58,53,5,Friday,3,First Inter-monsoon,False,27.2,0.0,1,Cloudy,False,,False,False
2024-03-15,Mini Pizza,220,46,44,2,Friday,3,First Inter-monsoon,False,27.2,0.0,1,Cloudy,False,,False,False
2024-03-15,Sausage Bun,140,58,56,2,Friday,3,First Inter-monsoon,False,27.2,0.0,1,Cloudy,False,,False,False
2024-03-15,Vegetable Roti,100,60,58,2,Friday,3,First Inter-monsoon,False,27.2,0.0,1,Cloudy,False,,False,False
2024-03-16,Chicken Bun,130,76,69,7,Saturday,3,First Inter-monsoon,True,27.1,0.0,1,Cloudy,False,,False,False
2024-03-16,Chicken Pastry,180,98,93,5,Saturday,3,First Inter-monsoon,True,27.1,0.0,1,Cloudy,False,,False,False
2024-03-16,Chicken Samosa,90,69,68,1,Saturday,3,First Inter-monsoon,True,27.1,0.0,1,Cloudy,False,,False,False
2024-03-16,Cream Bun,120,58,57,1,Saturday,3,First Inter-monsoon,True,27.1,0.0,1,Cloudy,False,,False,False
2024-03-16,Egg Roll,100,68,62,6,Saturday,3,First Inter-monsoon,True,27.1,0.0,1,Cloudy,False,,False,False
2024-03-16,Fish Bun,120,93,85,8,Saturday,3,First Inter-monsoon,True,27.1,0.0,1,Cloudy,False,,False,False
2024-03-16,Fish Patty,110,71,65,6,Saturday,3,First Inter-monsoon,True,27.1,0.0,1,Cloudy,False,,False,False
2024-03-16,Mini Pizza,220,55,49,6,Saturday,3,First Inter-monsoon,True,27.1,0.0,1,Cloudy,False,,False,False
2024-03-16,Sausage Bun,140,60,55,5,Saturday,3,First Inter-monsoon,True,27.1,0.0,1,Cloudy,False,,False,False
2024-03-16,Vegetable Roti,100,53,49,4,Saturday,3,First Inter-monsoon,True,27.1,0.0,1,Cloudy,False,,False,False
2024-03-17,Chicken Bun,130,77,71,6,Sunday,3,First Inter-monsoon,True,26.6,0.1,51,Drizzle,False,,False,False
2024-03-17,Chicken Pastry,180,87,87,0,Sunday,3,First Inter-monsoon,True,26.6,0.1,51,Drizzle,False,,False,False
2024-03-17,Chicken Samosa,90,74,65,9,Sunday,3,First Inter-monsoon,True,26.6,0.1,51,Drizzle,False,,False,False
2024-03-17,Cream Bun,120,60,58,2,Sunday,3,First Inter-monsoon,True,26.6,0.1,51,Drizzle,False,,False,False
2024-03-17,Egg Roll,100,68,61,7,Sunday,3,First Inter-monsoon,True,26.6,0.1,51,Drizzle,False,,False,False
2024-03-17,Fish Bun,120,82,76,6,Sunday,3,First Inter-monsoon,True,26.6,0.1,51,Drizzle,False,,False,False
2024-03-17,Fish Patty,110,52,47,5,Sunday,3,First Inter-monsoon,True,26.6,0.1,51,Drizzle,False,,False,False
2024-03-17,Mini Pizza,220,56,55,1,Sunday,3,First Inter-monsoon,True,26.6,0.1,51,Drizzle,False,,False,False
2024-03-17,Sausage Bun,140,75,72,3,Sunday,3,First Inter-monsoon,True,26.6,0.1,51,Drizzle,False,,False,False
2024-03-17,Vegetable Roti,100,68,63,5,Sunday,3,First Inter-monsoon,True,26.6,0.1,51,Drizzle,False,,False,False
2024-03-18,Chicken Bun,130,58,55,3,Monday,3,First Inter-monsoon,False,26.4,0.0,0,Clear,False,,False,False
2024-03-18,Chicken Pastry,180,94,85,9,Monday,3,First Inter-monsoon,False,26.4,0.0,0,Clear,False,,False,False
2024-03-18,Chicken Samosa,90,73,68,5,Monday,3,First Inter-monsoon,False,26.4,0.0,0,Clear,False,,False,False
2024-03-18,Cream Bun,120,48,45,3,Monday,3,First Inter-monsoon,False,26.4,0.0,0,Clear,False,,False,False
2024-03-18,Egg Roll,100,69,64,5,Monday,3,First Inter-monsoon,False,26.4,0.0,0,Clear,False,,False,False
2024-03-18,Fish Bun,120,77,72,5,Monday,3,First Inter-monsoon,False,26.4,0.0,0,Clear,False,,False,False
2024-03-18,Fish Patty,110,60,55,5,Monday,3,First Inter-monsoon,False,26.4,0.0,0,Clear,False,,False,False
2024-03-18,Mini Pizza,220,45,41,4,Monday,3,First Inter-monsoon,False,26.4,0.0,0,Clear,False,,False,False
2024-03-18,Sausage Bun,140,55,52,3,Monday,3,First Inter-monsoon,False,26.4,0.0,0,Clear,False,,False,False
2024-03-18,Vegetable Roti,100,49,47,2,Monday,3,First Inter-monsoon,False,26.4,0.0,0,Clear,False,,False,False
2024-03-19,Chicken Bun,130,68,63,5,Tuesday,3,First Inter-monsoon,False,26.3,0.0,3,Cloudy,False,,False,False
2024-03-19,Chicken Pastry,180,91,84,7,Tuesday,3,First Inter-monsoon,False,26.3,0.0,3,Cloudy,False,,False,False
2024-03-19,Chicken Samosa,90,59,54,5,Tuesday,3,First Inter-monsoon,False,26.3,0.0,3,Cloudy,False,,False,False
2024-03-19,Cream Bun,120,53,49,4,Tuesday,3,First Inter-monsoon,False,26.3,0.0,3,Cloudy,False,,False,False
2024-03-19,Egg Roll,100,57,54,3,Tuesday,3,First Inter-monsoon,False,26.3,0.0,3,Cloudy,False,,False,False
2024-03-19,Fish Bun,120,69,66,3,Tuesday,3,First Inter-monsoon,False,26.3,0.0,3,Cloudy,False,,False,False
2024-03-19,Fish Patty,110,56,55,1,Tuesday,3,First Inter-monsoon,False,26.3,0.0,3,Cloudy,False,,False,False
2024-03-19,Mini Pizza,220,48,43,5,Tuesday,3,First Inter-monsoon,False,26.3,0.0,3,Cloudy,False,,False,False
2024-03-19,Sausage Bun,140,53,51,2,Tuesday,3,First Inter-monsoon,False,26.3,0.0,3,Cloudy,False,,False,False
2024-03-19,Vegetable Roti,100,54,50,4,Tuesday,3,First Inter-monsoon,False,26.3,0.0,3,Cloudy,False,,False,False
2024-03-20,Chicken Bun,130,58,56,2,Wednesday,3,First Inter-monsoon,False,26.9,0.2,51,Drizzle,False,,False,False
2024-03-20,Chicken Pastry,180,101,94,7,Wednesday,3,First Inter-monsoon,False,26.9,0.2,51,Drizzle,False,,False,False
2024-03-20,Chicken Samosa,90,75,72,3,Wednesday,3,First Inter-monsoon,False,26.9,0.2,51,Drizzle,False,,False,False
2024-03-20,Cream Bun,120,49,46,3,Wednesday,3,First Inter-monsoon,False,26.9,0.2,51,Drizzle,False,,False,False
2024-03-20,Egg Roll,100,58,57,1,Wednesday,3,First Inter-monsoon,False,26.9,0.2,51,Drizzle,False,,False,False
2024-03-20,Fish Bun,120,77,73,4,Wednesday,3,First Inter-monsoon,False,26.9,0.2,51,Drizzle,False,,False,False
2024-03-20,Fish Patty,110,51,48,3,Wednesday,3,First Inter-monsoon,False,26.9,0.2,51,Drizzle,False,,False,False
2024-03-20,Mini Pizza,220,48,44,4,Wednesday,3,First Inter-monsoon,False,26.9,0.2,51,Drizzle,False,,False,False
2024-03-20,Sausage Bun,140,65,59,6,Wednesday,3,First Inter-monsoon,False,26.9,0.2,51,Drizzle,False,,False,False
2024-03-20,Vegetable Roti,100,50,45,5,Wednesday,3,First Inter-monsoon,False,26.9,0.2,51,Drizzle,False,,False,False
2024-03-21,Chicken Bun,130,61,57,4,Thursday,3,First Inter-monsoon,False,25.9,4.1,61,Rain,False,,False,False
2024-03-21,Chicken Pastry,180,83,74,9,Thursday,3,First Inter-monsoon,False,25.9,4.1,61,Rain,False,,False,False
2024-03-21,Chicken Samosa,90,65,62,3,Thursday,3,First Inter-monsoon,False,25.9,4.1,61,Rain,False,,False,False
2024-03-21,Cream Bun,120,42,39,3,Thursday,3,First Inter-monsoon,False,25.9,4.1,61,Rain,False,,False,False
2024-03-21,Egg Roll,100,58,51,7,Thursday,3,First Inter-monsoon,False,25.9,4.1,61,Rain,False,,False,False
2024-03-21,Fish Bun,120,73,71,2,Thursday,3,First Inter-monsoon,False,25.9,4.1,61,Rain,False,,False,False
2024-03-21,Fish Patty,110,50,47,3,Thursday,3,First Inter-monsoon,False,25.9,4.1,61,Rain,False,,False,False
2024-03-21,Mini Pizza,220,41,40,1,Thursday,3,First Inter-monsoon,False,25.9,4.1,61,Rain,False,,False,False
2024-03-21,Sausage Bun,140,53,48,5,Thursday,3,First Inter-monsoon,False,25.9,4.1,61,Rain,False,,False,False
2024-03-21,Vegetable Roti,100,58,53,5,Thursday,3,First Inter-monsoon,False,25.9,4.1,61,Rain,False,,False,False
2024-03-22,Chicken Bun,130,54,51,3,Friday,3,First Inter-monsoon,False,25.3,3.9,53,Drizzle,False,,False,False
2024-03-22,Chicken Pastry,180,85,79,6,Friday,3,First Inter-monsoon,False,25.3,3.9,53,Drizzle,False,,False,False
2024-03-22,Chicken Samosa,90,65,61,4,Friday,3,First Inter-monsoon,False,25.3,3.9,53,Drizzle,False,,False,False
2024-03-22,Cream Bun,120,43,40,3,Friday,3,First Inter-monsoon,False,25.3,3.9,53,Drizzle,False,,False,False
2024-03-22,Egg Roll,100,60,54,6,Friday,3,First Inter-monsoon,False,25.3,3.9,53,Drizzle,False,,False,False
2024-03-22,Fish Bun,120,77,69,8,Friday,3,First Inter-monsoon,False,25.3,3.9,53,Drizzle,False,,False,False
2024-03-22,Fish Patty,110,56,50,6,Friday,3,First Inter-monsoon,False,25.3,3.9,53,Drizzle,False,,False,False
2024-03-22,Mini Pizza,220,32,29,3,Friday,3,First Inter-monsoon,False,25.3,3.9,53,Drizzle,False,,False,False
2024-03-22,Sausage Bun,140,58,52,6,Friday,3,First Inter-monsoon,False,25.3,3.9,53,Drizzle,False,,False,False
2024-03-22,Vegetable Roti,100,48,42,6,Friday,3,First Inter-monsoon,False,25.3,3.9,53,Drizzle,False,,False,False
2024-03-23,Chicken Bun,130,72,64,8,Saturday,3,First Inter-monsoon,True,25.7,1.3,53,Drizzle,False,,True,False
2024-03-23,Chicken Pastry,180,91,83,8,Saturday,3,First Inter-monsoon,True,25.7,1.3,53,Drizzle,False,,True,False
2024-03-23,Chicken Samosa,90,79,73,6,Saturday,3,First Inter-monsoon,True,25.7,1.3,53,Drizzle,False,,True,False
2024-03-23,Cream Bun,120,57,53,4,Saturday,3,First Inter-monsoon,True,25.7,1.3,53,Drizzle,False,,True,False
2024-03-23,Egg Roll,100,60,55,5,Saturday,3,First Inter-monsoon,True,25.7,1.3,53,Drizzle,False,,True,False
2024-03-23,Fish Bun,120,68,62,6,Saturday,3,First Inter-monsoon,True,25.7,1.3,53,Drizzle,False,,True,False
2024-03-23,Fish Patty,110,58,55,3,Saturday,3,First Inter-monsoon,True,25.7,1.3,53,Drizzle,False,,True,False
2024-03-23,Mini Pizza,220,51,50,1,Saturday,3,First Inter-monsoon,True,25.7,1.3,53,Drizzle,False,,True,False
2024-03-23,Sausage Bun,140,62,60,2,Saturday,3,First Inter-monsoon,True,25.7,1.3,53,Drizzle,False,,True,False
2024-03-23,Vegetable Roti,100,64,57,7,Saturday,3,First Inter-monsoon,True,25.7,1.3,53,Drizzle,False,,True,False
2024-03-24,Chicken Bun,130,61,60,1,Sunday,3,First Inter-monsoon,True,25.2,7.8,63,Rain,True,Medin Full Moon Poya Day,False,False
2024-03-24,Chicken Pastry,180,99,95,4,Sunday,3,First Inter-monsoon,True,25.2,7.8,63,Rain,True,Medin Full Moon Poya Day,False,False
2024-03-24,Chicken Samosa,90,70,65,5,Sunday,3,First Inter-monsoon,True,25.2,7.8,63,Rain,True,Medin Full Moon Poya Day,False,False
2024-03-24,Cream Bun,120,50,46,4,Sunday,3,First Inter-monsoon,True,25.2,7.8,63,Rain,True,Medin Full Moon Poya Day,False,False
2024-03-24,Egg Roll,100,64,61,3,Sunday,3,First Inter-monsoon,True,25.2,7.8,63,Rain,True,Medin Full Moon Poya Day,False,False
2024-03-24,Fish Bun,120,83,73,10,Sunday,3,First Inter-monsoon,True,25.2,7.8,63,Rain,True,Medin Full Moon Poya Day,False,False
2024-03-24,Fish Patty,110,56,53,3,Sunday,3,First Inter-monsoon,True,25.2,7.8,63,Rain,True,Medin Full Moon Poya Day,False,False
2024-03-24,Mini Pizza,220,52,48,4,Sunday,3,First Inter-monsoon,True,25.2,7.8,63,Rain,True,Medin Full Moon Poya Day,False,False
2024-03-24,Sausage Bun,140,54,53,1,Sunday,3,First Inter-monsoon,True,25.2,7.8,63,Rain,True,Medin Full Moon Poya Day,False,False
2024-03-24,Vegetable Roti,100,59,55,4,Sunday,3,First Inter-monsoon,True,25.2,7.8,63,Rain,True,Medin Full Moon Poya Day,False,False
2024-03-25,Chicken Bun,130,61,60,1,Monday,3,First Inter-monsoon,False,26.3,0.0,3,Cloudy,False,,False,True
2024-03-25,Chicken Pastry,180,80,77,3,Monday,3,First Inter-monsoon,False,26.3,0.0,3,Cloudy,False,,False,True
2024-03-25,Chicken Samosa,90,61,56,5,Monday,3,First Inter-monsoon,False,26.3,0.0,3,Cloudy,False,,False,True
2024-03-25,Cream Bun,120,46,43,3,Monday,3,First Inter-monsoon,False,26.3,0.0,3,Cloudy,False,,False,True
2024-03-25,Egg Roll,100,62,56,6,Monday,3,First Inter-monsoon,False,26.3,0.0,3,Cloudy,False,,False,True
2024-03-25,Fish Bun,120,76,68,8,Monday,3,First Inter-monsoon,False,26.3,0.0,3,Cloudy,False,,False,True
2024-03-25,Fish Patty,110,58,52,6,Monday,3,First Inter-monsoon,False,26.3,0.0,3,Cloudy,False,,False,True
2024-03-25,Mini Pizza,220,49,42,7,Monday,3,First Inter-monsoon,False,26.3,0.0,3,Cloudy,False,,False,True
2024-03-25,Sausage Bun,140,57,52,5,Monday,3,First Inter-monsoon,False,26.3,0.0,3,Cloudy,False,,False,True
2024-03-25,Vegetable Roti,100,57,52,5,Monday,3,First Inter-monsoon,False,26.3,0.0,3,Cloudy,False,,False,True
2024-03-26,Chicken Bun,130,58,58,0,Tuesday,3,First Inter-monsoon,False,26.0,0.9,51,Drizzle,False,,False,False
2024-03-26,Chicken Pastry,180,82,77,5,Tuesday,3,First Inter-monsoon,False,26.0,0.9,51,Drizzle,False,,False,False
2024-03-26,Chicken Samosa,90,69,67,2,Tuesday,3,First Inter-monsoon,False,26.0,0.9,51,Drizzle,False,,False,False
2024-03-26,Cream Bun,120,52,48,4,Tuesday,3,First Inter-monsoon,False,26.0,0.9,51,Drizzle,False,,False,False
2024-03-26,Egg Roll,100,67,58,9,Tuesday,3,First Inter-monsoon,False,26.0,0.9,51,Drizzle,False,,False,False
2024-03-26,Fish Bun,120,70,70,0,Tuesday,3,First Inter-monsoon,False,26.0,0.9,51,Drizzle,False,,False,False
2024-03-26,Fish Patty,110,59,55,4,Tuesday,3,First Inter-monsoon,False,26.0,0.9,51,Drizzle,False,,False,False
2024-03-26,Mini Pizza,220,41,39,2,Tuesday,3,First Inter-monsoon,False,26.0,0.9,51,Drizzle,False,,False,False
2024-03-26,Sausage Bun,140,56,52,4,Tuesday,3,First Inter-monsoon,False,26.0,0.9,51,Drizzle,False,,False,False
2024-03-26,Vegetable Roti,100,57,52,5,Tuesday,3,First Inter-monsoon,False,26.0,0.9,51,Drizzle,False,,False,False
2024-03-27,Chicken Bun,130,49,45,4,Wednesday,3,First Inter-monsoon,False,25.1,17.3,65,Rain,False,,False,False
2024-03-27,Chicken Pastry,180,70,68,2,Wednesday,3,First Inter-monsoon,False,25.1,17.3,65,Rain,False,,False,False
2024-03-27,Chicken Samosa,90,49,45,4,Wednesday,3,First Inter-monsoon,False,25.1,17.3,65,Rain,False,,False,False
2024-03-27,Cream Bun,120,35,34,1,Wednesday,3,First Inter-monsoon,False,25.1,17.3,65,Rain,False,,False,False
2024-03-27,Egg Roll,100,50,46,4,Wednesday,3,First Inter-monsoon,False,25.1,17.3,65,Rain,False,,False,False
2024-03-27,Fish Bun,120,56,49,7,Wednesday,3,First Inter-monsoon,False,25.1,17.3,65,Rain,False,,False,False
2024-03-27,Fish Patty,110,41,38,3,Wednesday,3,First Inter-monsoon,False,25.1,17.3,65,Rain,False,,False,False
2024-03-27,Mini Pizza,220,30,28,2,Wednesday,3,First Inter-monsoon,False,25.1,17.3,65,Rain,False,,False,False
2024-03-27,Sausage Bun,140,44,40,4,Wednesday,3,First Inter-monsoon,False,25.1,17.3,65,Rain,False,,False,False
2024-03-27,Vegetable Roti,100,39,37,2,Wednesday,3,First Inter-monsoon,False,25.1,17.3,65,Rain,False,,False,False
2024-03-28,Chicken Bun,130,58,55,3,Thursday,3,First Inter-monsoon,False,25.5,2.3,61,Rain,False,,True,False
2024-03-28,Chicken Pastry,180,88,78,10,Thursday,3,First Inter-monsoon,False,25.5,2.3,61,Rain,False,,True,False
2024-03-28,Chicken Samosa,90,63,58,5,Thursday,3,First Inter-monsoon,False,25.5,2.3,61,Rain,False,,True,False
2024-03-28,Cream Bun,120,43,41,2,Thursday,3,First Inter-monsoon,False,25.5,2.3,61,Rain,False,,True,False
2024-03-28,Egg Roll,100,61,58,3,Thursday,3,First Inter-monsoon,False,25.5,2.3,61,Rain,False,,True,False
2024-03-28,Fish Bun,120,72,70,2,Thursday,3,First Inter-monsoon,False,25.5,2.3,61,Rain,False,,True,False
2024-03-28,Fish Patty,110,53,48,5,Thursday,3,First Inter-monsoon,False,25.5,2.3,61,Rain,False,,True,False
2024-03-28,Mini Pizza,220,49,42,7,Thursday,3,First Inter-monsoon,False,25.5,2.3,61,Rain,False,,True,False
2024-03-28,Sausage Bun,140,64,58,6,Thursday,3,First Inter-monsoon,False,25.5,2.3,61,Rain,False,,True,False
2024-03-28,Vegetable Roti,100,55,50,5,Thursday,3,First Inter-monsoon,False,25.5,2.3,61,Rain,False,,True,False
2024-03-29,Chicken Bun,130,74,68,6,Friday,3,First Inter-monsoon,False,26.3,0.1,51,Drizzle,True,Good Friday,False,False
2024-03-29,Chicken Pastry,180,94,89,5,Friday,3,First Inter-monsoon,False,26.3,0.1,51,Drizzle,True,Good Friday,False,False
2024-03-29,Chicken Samosa,90,74,65,9,Friday,3,First Inter-monsoon,False,26.3,0.1,51,Drizzle,True,Good Friday,False,False
2024-03-29,Cream Bun,120,56,49,7,Friday,3,First Inter-monsoon,False,26.3,0.1,51,Drizzle,True,Good Friday,False,False
2024-03-29,Egg Roll,100,63,59,4,Friday,3,First Inter-monsoon,False,26.3,0.1,51,Drizzle,True,Good Friday,False,False
2024-03-29,Fish Bun,120,78,75,3,Friday,3,First Inter-monsoon,False,26.3,0.1,51,Drizzle,True,Good Friday,False,False
2024-03-29,Fish Patty,110,64,54,10,Friday,3,First Inter-monsoon,False,26.3,0.1,51,Drizzle,True,Good Friday,False,False
2024-03-29,Mini Pizza,220,50,46,4,Friday,3,First Inter-monsoon,False,26.3,0.1,51,Drizzle,True,Good Friday,False,False
2024-03-29,Sausage Bun,140,75,69,6,Friday,3,First Inter-monsoon,False,26.3,0.1,51,Drizzle,True,Good Friday,False,False
2024-03-29,Vegetable Roti,100,59,53,6,Friday,3,First Inter-monsoon,False,26.3,0.1,51,Drizzle,True,Good Friday,False,False
2024-03-30,Chicken Bun,130,64,59,5,Saturday,3,First Inter-monsoon,True,26.7,0.7,53,Drizzle,False,,False,True
2024-03-30,Chicken Pastry,180,108,100,8,Saturday,3,First Inter-monsoon,True,26.7,0.7,53,Drizzle,False,,False,True
2024-03-30,Chicken Samosa,90,71,67,4,Saturday,3,First Inter-monsoon,True,26.7,0.7,53,Drizzle,False,,False,True
2024-03-30,Cream Bun,120,57,53,4,Saturday,3,First Inter-monsoon,True,26.7,0.7,53,Drizzle,False,,False,True
2024-03-30,Egg Roll,100,73,65,8,Saturday,3,First Inter-monsoon,True,26.7,0.7,53,Drizzle,False,,False,True
2024-03-30,Fish Bun,120,65,62,3,Saturday,3,First Inter-monsoon,True,26.7,0.7,53,Drizzle,False,,False,True
2024-03-30,Fish Patty,110,64,57,7,Saturday,3,First Inter-monsoon,True,26.7,0.7,53,Drizzle,False,,False,True
2024-03-30,Mini Pizza,220,53,49,4,Saturday,3,First Inter-monsoon,True,26.7,0.7,53,Drizzle,False,,False,True
2024-03-30,Sausage Bun,140,57,53,4,Saturday,3,First Inter-monsoon,True,26.7,0.7,53,Drizzle,False,,False,True
2024-03-30,Vegetable Roti,100,64,62,2,Saturday,3,First Inter-monsoon,True,26.7,0.7,53,Drizzle,False,,False,True
2024-03-31,Chicken Bun,130,55,54,1,Sunday,3,First Inter-monsoon,True,26.5,2.7,55,Drizzle,False,,False,False
2024-03-31,Chicken Pastry,180,96,88,8,Sunday,3,First Inter-monsoon,True,26.5,2.7,55,Drizzle,False,,False,False
2024-03-31,Chicken Samosa,90,75,70,5,Sunday,3,First Inter-monsoon,True,26.5,2.7,55,Drizzle,False,,False,False
2024-03-31,Cream Bun,120,52,48,4,Sunday,3,First Inter-monsoon,True,26.5,2.7,55,Drizzle,False,,False,False
2024-03-31,Egg Roll,100,60,59,1,Sunday,3,First Inter-monsoon,True,26.5,2.7,55,Drizzle,False,,False,False
2024-03-31,Fish Bun,120,77,72,5,Sunday,3,First Inter-monsoon,True,26.5,2.7,55,Drizzle,False,,False,False
2024-03-31,Fish Patty,110,59,53,6,Sunday,3,First Inter-monsoon,True,26.5,2.7,55,Drizzle,False,,False,False
2024-03-31,Mini Pizza,220,51,46,5,Sunday,3,First Inter-monsoon,True,26.5,2.7,55,Drizzle,False,,False,False
2024-03-31,Sausage Bun,140,63,59,4,Sunday,3,First Inter-monsoon,True,26.5,2.7,55,Drizzle,False,,False,False
2024-03-31,Vegetable Roti,100,62,57,5,Sunday,3,First Inter-monsoon,True,26.5,2.7,55,Drizzle,False,,False,False
2024-04-01,Chicken Bun,130,74,68,6,Monday,4,First Inter-monsoon,False,26.4,1.1,53,Drizzle,False,,False,False
2024-04-01,Chicken Pastry,180,82,74,8,Monday,4,First Inter-monsoon,False,26.4,1.1,53,Drizzle,False,,False,False
2024-04-01,Chicken Samosa,90,79,75,4,Monday,4,First Inter-monsoon,False,26.4,1.1,53,Drizzle,False,,False,False
2024-04-01,Cream Bun,120,48,44,4,Monday,4,First Inter-monsoon,False,26.4,1.1,53,Drizzle,False,,False,False
2024-04-01,Egg Roll,100,62,56,6,Monday,4,First Inter-monsoon,False,26.4,1.1,53,Drizzle,False,,False,False
2024-04-01,Fish Bun,120,88,80,8,Monday,4,First Inter-monsoon,False,26.4,1.1,53,Drizzle,False,,False,False
2024-04-01,Fish Patty,110,55,51,4,Monday,4,First Inter-monsoon,False,26.4,1.1,53,Drizzle,False,,False,False
2024-04-01,Mini Pizza,220,47,44,3,Monday,4,First Inter-monsoon,False,26.4,1.1,53,Drizzle,False,,False,False
2024-04-01,Sausage Bun,140,66,61,5,Monday,4,First Inter-monsoon,False,26.4,1.1,53,Drizzle,False,,False,False
2024-04-01,Vegetable Roti,100,68,60,8,Monday,4,First Inter-monsoon,False,26.4,1.1,53,Drizzle,False,,False,False
2024-04-02,Chicken Bun,130,65,60,5,Tuesday,4,First Inter-monsoon,False,26.8,1.6,53,Drizzle,False,,False,False
2024-04-02,Chicken Pastry,180,90,83,7,Tuesday,4,First Inter-monsoon,False,26.8,1.6,53,Drizzle,False,,False,False
2024-04-02,Chicken Samosa,90,70,68,2,Tuesday,4,First Inter-monsoon,False,26.8,1.6,53,Drizzle,False,,False,False
2024-04-02,Cream Bun,120,50,45,5,Tuesday,4,First Inter-monsoon,False,26.8,1.6,53,Drizzle,False,,False,False
2024-04-02,Egg Roll,100,53,53,0,Tuesday,4,First Inter-monsoon,False,26.8,1.6,53,Drizzle,False,,False,False
2024-04-02,Fish Bun,120,79,77,2,Tuesday,4,First Inter-monsoon,False,26.8,1.6,53,Drizzle,False,,False,False
2024-04-02,Fish Patty,110,57,52,5,Tuesday,4,First Inter-monsoon,False,26.8,1.6,53,Drizzle,False,,False,False
2024-04-02,Mini Pizza,220,46,41,5,Tuesday,4,First Inter-monsoon,False,26.8,1.6,53,Drizzle,False,,False,False
2024-04-02,Sausage Bun,140,63,60,3,Tuesday,4,First Inter-monsoon,False,26.8,1.6,53,Drizzle,False,,False,False
2024-04-02,Vegetable Roti,100,58,56,2,Tuesday,4,First Inter-monsoon,False,26.8,1.6,53,Drizzle,False,,False,False
2024-04-03,Chicken Bun,130,71,67,4,Wednesday,4,First Inter-monsoon,False,26.6,1.5,53,Drizzle,False,,False,False
2024-04-03,Chicken Pastry,180,95,91,4,Wednesday,4,First Inter-monsoon,False,26.6,1.5,53,Drizzle,False,,False,False
2024-04-03,Chicken Samosa,90,76,74,2,Wednesday,4,First Inter-monsoon,False,26.6,1.5,53,Drizzle,False,,False,False
2024-04-03,Cream Bun,120,47,45,2,Wednesday,4,First Inter-monsoon,False,26.6,1.5,53,Drizzle,False,,False,False
2024-04-03,Egg Roll,100,66,61,5,Wednesday,4,First Inter-monsoon,False,26.6,1.5,53,Drizzle,False,,False,False
2024-04-03,Fish Bun,120,89,80,9,Wednesday,4,First Inter-monsoon,False,26.6,1.5,53,Drizzle,False,,False,False
2024-04-03,Fish Patty,110,57,52,5,Wednesday,4,First Inter-monsoon,False,26.6,1.5,53,Drizzle,False,,False,False
2024-04-03,Mini Pizza,220,50,44,6,Wednesday,4,First Inter-monsoon,False,26.6,1.5,53,Drizzle,False,,False,False
2024-04-03,Sausage Bun,140,54,53,1,Wednesday,4,First Inter-monsoon,False,26.6,1.5,53,Drizzle,False,,False,False
2024-04-03,Vegetable Roti,100,61,55,6,Wednesday,4,First Inter-monsoon,False,26.6,1.5,53,Drizzle,False,,False,False
2024-04-04,Chicken Bun,130,71,67,4,Thursday,4,First Inter-monsoon,False,26.7,2.3,53,Drizzle,False,,False,False
2024-04-04,Chicken Pastry,180,101,89,12,Thursday,4,First Inter-monsoon,False,26.7,2.3,53,Drizzle,False,,False,False
2024-04-04,Chicken Samosa,90,67,64,3,Thursday,4,First Inter-monsoon,False,26.7,2.3,53,Drizzle,False,,False,False
2024-04-04,Cream Bun,120,41,41,0,Thursday,4,First Inter-monsoon,False,26.7,2.3,53,Drizzle,False,,False,False
2024-04-04,Egg Roll,100,53,49,4,Thursday,4,First Inter-monsoon,False,26.7,2.3,53,Drizzle,False,,False,False
2024-04-04,Fish Bun,120,75,69,6,Thursday,4,First Inter-monsoon,False,26.7,2.3,53,Drizzle,False,,False,False
2024-04-04,Fish Patty,110,51,46,5,Thursday,4,First Inter-monsoon,False,26.7,2.3,53,Drizzle,False,,False,False
2024-04-04,Mini Pizza,220,38,35,3,Thursday,4,First Inter-monsoon,False,26.7,2.3,53,Drizzle,False,,False,False
2024-04-04,Sausage Bun,140,58,55,3,Thursday,4,First Inter-monsoon,False,26.7,2.3,53,Drizzle,False,,False,False
2024-04-04,Vegetable Roti,100,55,51,4,Thursday,4,First Inter-monsoon,False,26.7,2.3,53,Drizzle,False,,False,False
2024-04-05,Chicken Bun,130,65,59,6,Friday,4,First Inter-monsoon,False,27.1,1.9,53,Drizzle,False,,False,False
2024-04-05,Chicken Pastry,180,92,82,10,Friday,4,First Inter-monsoon,False,27.1,1.9,53,Drizzle,False,,False,False
2024-04-05,Chicken Samosa,90,67,65,2,Friday,4,First Inter-monsoon,False,27.1,1.9,53,Drizzle,False,,False,False
2024-04-05,Cream Bun,120,48,48,0,Friday,4,First Inter-monsoon,False,27.1,1.9,53,Drizzle,False,,False,False
2024-04-05,Egg Roll,100,63,61,2,Friday,4,First Inter-monsoon,False,27.1,1.9,53,Drizzle,False,,False,False
2024-04-05,Fish Bun,120,81,75,6,Friday,4,First Inter-monsoon,False,27.1,1.9,53,Drizzle,False,,False,False
2024-04-05,Fish Patty,110,56,51,5,Friday,4,First Inter-monsoon,False,27.1,1.9,53,Drizzle,False,,False,False
2024-04-05,Mini Pizza,220,44,39,5,Friday,4,First Inter-monsoon,False,27.1,1.9,53,Drizzle,False,,False,False
2024-04-05,Sausage Bun,140,62,62,0,Friday,4,First Inter-monsoon,False,27.1,1.9,53,Drizzle,False,,False,False
2024-04-05,Vegetable Roti,100,61,56,5,Friday,4,First Inter-monsoon,False,27.1,1.9,53,Drizzle,False,,False,False
2024-04-06,Chicken Bun,130,66,62,4,Saturday,4,First Inter-monsoon,True,28.0,0.2,51,Drizzle,False,,False,False
2024-04-06,Chicken Pastry,180,104,93,11,Saturday,4,First Inter-monsoon,True,28.0,0.2,51,Drizzle,False,,False,False
2024-04-06,Chicken Samosa,90,74,70,4,Saturday,4,First Inter-monsoon,True,28.0,0.2,51,Drizzle,False,,False,False
2024-04-06,Cream Bun,120,60,53,7,Saturday,4,First Inter-monsoon,True,28.0,0.2,51,Drizzle,False,,False,False
2024-04-06,Egg Roll,100,69,66,3,Saturday,4,First Inter-monsoon,True,28.0,0.2,51,Drizzle,False,,False,False
2024-04-06,Fish Bun,120,77,69,8,Saturday,4,First Inter-monsoon,True,28.0,0.2,51,Drizzle,False,,False,False
2024-04-06,Fish Patty,110,70,63,7,Saturday,4,First Inter-monsoon,True,28.0,0.2,51,Drizzle,False,,False,False
2024-04-06,Mini Pizza,220,56,54,2,Saturday,4,First Inter-monsoon,True,28.0,0.2,51,Drizzle,False,,False,False
2024-04-06,Sausage Bun,140,67,59,8,Saturday,4,First Inter-monsoon,True,28.0,0.2,51,Drizzle,False,,False,False
2024-04-06,Vegetable Roti,100,61,58,3,Saturday,4,First Inter-monsoon,True,28.0,0.2,51,Drizzle,False,,False,False
2024-04-07,Chicken Bun,130,78,72,6,Sunday,4,First Inter-monsoon,True,28.0,0.3,51,Drizzle,False,,False,False
2024-04-07,Chicken Pastry,180,99,91,8,Sunday,4,First Inter-monsoon,True,28.0,0.3,51,Drizzle,False,,False,False
2024-04-07,Chicken Samosa,90,76,72,4,Sunday,4,First Inter-monsoon,True,28.0,0.3,51,Drizzle,False,,False,False
2024-04-07,Cream Bun,120,51,48,3,Sunday,4,First Inter-monsoon,True,28.0,0.3,51,Drizzle,False,,False,False
2024-04-07,Egg Roll,100,65,64,1,Sunday,4,First Inter-monsoon,True,28.0,0.3,51,Drizzle,False,,False,False
2024-04-07,Fish Bun,120,73,73,0,Sunday,4,First Inter-monsoon,True,28.0,0.3,51,Drizzle,False,,False,False
2024-04-07,Fish Patty,110,63,55,8,Sunday,4,First Inter-monsoon,True,28.0,0.3,51,Drizzle,False,,False,False
2024-04-07,Mini Pizza,220,59,57,2,Sunday,4,First Inter-monsoon,True,28.0,0.3,51,Drizzle,False,,False,False
2024-04-07,Sausage Bun,140,70,67,3,Sunday,4,First Inter-monsoon,True,28.0,0.3,51,Drizzle,False,,False,False
2024-04-07,Vegetable Roti,100,60,57,3,Sunday,4,First Inter-monsoon,True,28.0,0.3,51,Drizzle,False,,False,False
2024-04-08,Chicken Bun,130,68,64,4,Monday,4,First Inter-monsoon,False,28.6,0.0,3,Cloudy,False,,False,False
2024-04-08,Chicken Pastry,180,97,92,5,Monday,4,First Inter-monsoon,False,28.6,0.0,3,Cloudy,False,,False,False
2024-04-08,Chicken Samosa,90,82,75,7,Monday,4,First Inter-monsoon,False,28.6,0.0,3,Cloudy,False,,False,False
2024-04-08,Cream Bun,120,57,50,7,Monday,4,First Inter-monsoon,False,28.6,0.0,3,Cloudy,False,,False,False
2024-04-08,Egg Roll,100,64,58,6,Monday,4,First Inter-monsoon,False,28.6,0.0,3,Cloudy,False,,False,False
2024-04-08,Fish Bun,120,77,72,5,Monday,4,First Inter-monsoon,False,28.6,0.0,3,Cloudy,False,,False,False
2024-04-08,Fish Patty,110,59,53,6,Monday,4,First Inter-monsoon,False,28.6,0.0,3,Cloudy,False,,False,False
2024-04-08,Mini Pizza,220,42,39,3,Monday,4,First Inter-monsoon,False,28.6,0.0,3,Cloudy,False,,False,False
2024-04-08,Sausage Bun,140,60,54,6,Monday,4,First Inter-monsoon,False,28.6,0.0,3,Cloudy,False,,False,False
2024-04-08,Vegetable Roti,100,62,58,4,Monday,4,First Inter-monsoon,False,28.6,0.0,3,Cloudy,False,,False,False
2024-04-09,Chicken Bun,130,75,68,7,Tuesday,4,First Inter-monsoon,False,27.4,0.0,3,Cloudy,False,,False,False
2024-04-09,Chicken Pastry,180,98,92,6,Tuesday,4,First Inter-monsoon,False,27.4,0.0,3,Cloudy,False,,False,False
2024-04-09,Chicken Samosa,90,75,65,10,Tuesday,4,First Inter-monsoon,False,27.4,0.0,3,Cloudy,False,,False,False
2024-04-09,Cream Bun,120,57,51,6,Tuesday,4,First Inter-monsoon,False,27.4,0.0,3,Cloudy,False,,False,False
2024-04-09,Egg Roll,100,62,58,4,Tuesday,4,First Inter-monsoon,False,27.4,0.0,3,Cloudy,False,,False,False
2024-04-09,Fish Bun,120,79,74,5,Tuesday,4,First Inter-monsoon,False,27.4,0.0,3,Cloudy,False,,False,False
2024-04-09,Fish Patty,110,54,52,2,Tuesday,4,First Inter-monsoon,False,27.4,0.0,3,Cloudy,False,,False,False
2024-04-09,Mini Pizza,220,51,47,4,Tuesday,4,First Inter-monsoon,False,27.4,0.0,3,Cloudy,False,,False,False
2024-04-09,Sausage Bun,140,67,61,6,Tuesday,4,First Inter-monsoon,False,27.4,0.0,3,Cloudy,False,,False,False
2024-04-09,Vegetable Roti,100,61,58,3,Tuesday,4,First Inter-monsoon,False,27.4,0.0,3,Cloudy,False,,False,False
2024-04-10,Chicken Bun,130,73,64,9,Wednesday,4,First Inter-monsoon,False,27.1,1.5,53,Drizzle,False,,True,False
2024-04-10,Chicken Pastry,180,100,95,5,Wednesday,4,First Inter-monsoon,False,27.1,1.5,53,Drizzle,False,,True,False
2024-04-10,Chicken Samosa,90,83,76,7,Wednesday,4,First Inter-monsoon,False,27.1,1.5,53,Drizzle,False,,True,False
2024-04-10,Cream Bun,120,62,57,5,Wednesday,4,First Inter-monsoon,False,27.1,1.5,53,Drizzle,False,,True,False
2024-04-10,Egg Roll,100,65,58,7,Wednesday,4,First Inter-monsoon,False,27.1,1.5,53,Drizzle,False,,True,False
2024-04-10,Fish Bun,120,90,83,7,Wednesday,4,First Inter-monsoon,False,27.1,1.5,53,Drizzle,False,,True,False
2024-04-10,Fish Patty,110,71,64,7,Wednesday,4,First Inter-monsoon,False,27.1,1.5,53,Drizzle,False,,True,False
2024-04-10,Mini Pizza,220,52,49,3,Wednesday,4,First Inter-monsoon,False,27.1,1.5,53,Drizzle,False,,True,False
2024-04-10,Sausage Bun,140,78,72,6,Wednesday,4,First Inter-monsoon,False,27.1,1.5,53,Drizzle,False,,True,False
2024-04-10,Vegetable Roti,100,62,60,2,Wednesday,4,First Inter-monsoon,False,27.1,1.5,53,Drizzle,False,,True,False
2024-04-11,Chicken Bun,130,55,52,3,Thursday,4,First Inter-monsoon,False,25.9,15.4,65,Rain,True,Eid al-Fitr,True,False
2024-04-11,Chicken Pastry,180,69,66,3,Thursday,4,First Inter-monsoon,False,25.9,15.4,65,Rain,True,Eid al-Fitr,True,False
2024-04-11,Chicken Samosa,90,53,49,4,Thursday,4,First Inter-monsoon,False,25.9,15.4,65,Rain,True,Eid al-Fitr,True,False
2024-04-11,Cream Bun,120,41,38,3,Thursday,4,First Inter-monsoon,False,25.9,15.4,65,Rain,True,Eid al-Fitr,True,False
2024-04-11,Egg Roll,100,41,40,1,Thursday,4,First Inter-monsoon,False,25.9,15.4,65,Rain,True,Eid al-Fitr,True,False
2024-04-11,Fish Bun,120,59,55,4,Thursday,4,First Inter-monsoon,False,25.9,15.4,65,Rain,True,Eid al-Fitr,True,False
2024-04-11,Fish Patty,110,44,41,3,Thursday,4,First Inter-monsoon,False,25.9,15.4,65,Rain,True,Eid al-Fitr,True,False
2024-04-11,Mini Pizza,220,36,32,4,Thursday,4,First Inter-monsoon,False,25.9,15.4,65,Rain,True,Eid al-Fitr,True,False
2024-04-11,Sausage Bun,140,49,44,5,Thursday,4,First Inter-monsoon,False,25.9,15.4,65,Rain,True,Eid al-Fitr,True,False
2024-04-11,Vegetable Roti,100,44,44,0,Thursday,4,First Inter-monsoon,False,25.9,15.4,65,Rain,True,Eid al-Fitr,True,False
2024-04-12,Chicken Bun,130,68,66,2,Friday,4,First Inter-monsoon,False,24.8,10.4,63,Rain,True,Day Before Sinhala and Tamil New Year,True,True
2024-04-12,Chicken Pastry,180,104,94,10,Friday,4,First Inter-monsoon,False,24.8,10.4,63,Rain,True,Day Before Sinhala and Tamil New Year,True,True
2024-04-12,Chicken Samosa,90,74,71,3,Friday,4,First Inter-monsoon,False,24.8,10.4,63,Rain,True,Day Before Sinhala and Tamil New Year,True,True
2024-04-12,Cream Bun,120,63,53,10,Friday,4,First Inter-monsoon,False,24.8,10.4,63,Rain,True,Day Before Sinhala and Tamil New Year,True,True
2024-04-12,Egg Roll,100,54,52,2,Friday,4,First Inter-monsoon,False,24.8,10.4,63,Rain,True,Day Before Sinhala and Tamil New Year,True,True
2024-04-12,Fish Bun,120,93,88,5,Friday,4,First Inter-monsoon,False,24.8,10.4,63,Rain,True,Day Before Sinhala and Tamil New Year,True,True
2024-04-12,Fish Patty,110,58,56,2,Friday,4,First Inter-monsoon,False,24.8,10.4,63,Rain,True,Day Before Sinhala and Tamil New Year,True,True
2024-04-12,Mini Pizza,220,45,44,1,Friday,4,First Inter-monsoon,False,24.8,10.4,63,Rain,True,Day Before Sinhala and Tamil New Year,True,True
2024-04-12,Sausage Bun,140,65,59,6,Friday,4,First Inter-monsoon,False,24.8,10.4,63,Rain,True,Day Before Sinhala and Tamil New Year,True,True
2024-04-12,Vegetable Roti,100,68,62,6,Friday,4,First Inter-monsoon,False,24.8,10.4,63,Rain,True,Day Before Sinhala and Tamil New Year,True,True
2024-04-13,Chicken Bun,130,88,85,3,Saturday,4,First Inter-monsoon,True,25.5,3.0,61,Rain,True,Sinhala and Tamil New Year,False,True
2024-04-13,Chicken Pastry,180,123,108,15,Saturday,4,First Inter-monsoon,True,25.5,3.0,61,Rain,True,Sinhala and Tamil New Year,False,True
2024-04-13,Chicken Samosa,90,81,77,4,Saturday,4,First Inter-monsoon,True,25.5,3.0,61,Rain,True,Sinhala and Tamil New Year,False,True
2024-04-13,Cream Bun,120,61,57,4,Saturday,4,First Inter-monsoon,True,25.5,3.0,61,Rain,True,Sinhala and Tamil New Year,False,True
2024-04-13,Egg Roll,100,83,77,6,Saturday,4,First Inter-monsoon,True,25.5,3.0,61,Rain,True,Sinhala and Tamil New Year,False,True
2024-04-13,Fish Bun,120,112,102,10,Saturday,4,First Inter-monsoon,True,25.5,3.0,61,Rain,True,Sinhala and Tamil New Year,False,True
2024-04-13,Fish Patty,110,80,75,5,Saturday,4,First Inter-monsoon,True,25.5,3.0,61,Rain,True,Sinhala and Tamil New Year,False,True
2024-04-13,Mini Pizza,220,67,62,5,Saturday,4,First Inter-monsoon,True,25.5,3.0,61,Rain,True,Sinhala and Tamil New Year,False,True
2024-04-13,Sausage Bun,140,82,79,3,Saturday,4,First Inter-monsoon,True,25.5,3.0,61,Rain,True,Sinhala and Tamil New Year,False,True
2024-04-13,Vegetable Roti,100,85,79,6,Saturday,4,First Inter-monsoon,True,25.5,3.0,61,Rain,True,Sinhala and Tamil New Year,False,True
2024-04-14,Chicken Bun,130,90,82,8,Sunday,4,First Inter-monsoon,True,25.4,1.7,55,Drizzle,False,,True,True
2024-04-14,Chicken Pastry,180,127,116,11,Sunday,4,First Inter-monsoon,True,25.4,1.7,55,Drizzle,False,,True,True
2024-04-14,Chicken Samosa,90,83,73,10,Sunday,4,First Inter-monsoon,True,25.4,1.7,55,Drizzle,False,,True,True
2024-04-14,Cream Bun,120,69,62,7,Sunday,4,First Inter-monsoon,True,25.4,1.7,55,Drizzle,False,,True,True
2024-04-14,Egg Roll,100,89,80,9,Sunday,4,First Inter-monsoon,True,25.4,1.7,55,Drizzle,False,,True,True
2024-04-14,Fish Bun,120,92,85,7,Sunday,4,First Inter-monsoon,True,25.4,1.7,55,Drizzle,False,,True,True
2024-04-14,Fish Patty,110,70,64,6,Sunday,4,First Inter-monsoon,True,25.4,1.7,55,Drizzle,False,,True,True
2024-04-14,Mini Pizza,220,65,62,3,Sunday,4,First Inter-monsoon,True,25.4,1.7,55,Drizzle,False,,True,True
2024-04-14,Sausage Bun,140,83,75,8,Sunday,4,First Inter-monsoon,True,25.4,1.7,55,Drizzle,False,,True,True
2024-04-14,Vegetable Roti,100,73,69,4,Sunday,4,First Inter-monsoon,True,25.4,1.7,55,Drizzle,False,,True,True
2024-04-15,Chicken Bun,130,95,87,8,Monday,4,First Inter-monsoon,False,25.6,0.6,51,Drizzle,True,Special Public Holiday,False,False
2024-04-15,Chicken Pastry,180,123,121,2,Monday,4,First Inter-monsoon,False,25.6,0.6,51,Drizzle,True,Special Public Holiday,False,False
2024-04-15,Chicken Samosa,90,97,88,9,Monday,4,First Inter-monsoon,False,25.6,0.6,51,Drizzle,True,Special Public Holiday,False,False
2024-04-15,Cream Bun,120,77,71,6,Monday,4,First Inter-monsoon,False,25.6,0.6,51,Drizzle,True,Special Public Holiday,False,False
2024-04-15,Egg Roll,100,81,76,5,Monday,4,First Inter-monsoon,False,25.6,0.6,51,Drizzle,True,Special Public Holiday,False,False
2024-04-15,Fish Bun,120,100,90,10,Monday,4,First Inter-monsoon,False,25.6,0.6,51,Drizzle,True,Special Public Holiday,False,False
2024-04-15,Fish Patty,110,72,66,6,Monday,4,First Inter-monsoon,False,25.6,0.6,51,Drizzle,True,Special Public Holiday,False,False
2024-04-15,Mini Pizza,220,66,61,5,Monday,4,First Inter-monsoon,False,25.6,0.6,51,Drizzle,True,Special Public Holiday,False,False
2024-04-15,Sausage Bun,140,86,80,6,Monday,4,First Inter-monsoon,False,25.6,0.6,51,Drizzle,True,Special Public Holiday,False,False
2024-04-15,Vegetable Roti,100,82,79,3,Monday,4,First Inter-monsoon,False,25.6,0.6,51,Drizzle,True,Special Public Holiday,False,False
2024-04-16,Chicken Bun,130,70,60,10,Tuesday,4,First Inter-monsoon,False,25.8,3.5,61,Rain,False,,False,True
2024-04-16,Chicken Pastry,180,91,84,7,Tuesday,4,First Inter-monsoon,False,25.8,3.5,61,Rain,False,,False,True
2024-04-16,Chicken Samosa,90,75,67,8,Tuesday,4,First Inter-monsoon,False,25.8,3.5,61,Rain,False,,False,True
2024-04-16,Cream Bun,120,45,41,4,Tuesday,4,First Inter-monsoon,False,25.8,3.5,61,Rain,False,,False,True
2024-04-16,Egg Roll,100,62,57,5,Tuesday,4,First Inter-monsoon,False,25.8,3.5,61,Rain,False,,False,True
2024-04-16,Fish Bun,120,71,66,5,Tuesday,4,First Inter-monsoon,False,25.8,3.5,61,Rain,False,,False,True
2024-04-16,Fish Patty,110,59,53,6,Tuesday,4,First Inter-monsoon,False,25.8,3.5,61,Rain,False,,False,True
2024-04-16,Mini Pizza,220,41,37,4,Tuesday,4,First Inter-monsoon,False,25.8,3.5,61,Rain,False,,False,True
2024-04-16,Sausage Bun,140,54,51,3,Tuesday,4,First Inter-monsoon,False,25.8,3.5,61,Rain,False,,False,True
2024-04-16,Vegetable Roti,100,67,63,4,Tuesday,4,First Inter-monsoon,False,25.8,3.5,61,Rain,False,,False,True
2024-04-17,Chicken Bun,130,72,65,7,Wednesday,4,First Inter-monsoon,False,26.1,0.8,51,Drizzle,False,,False,False
2024-04-17,Chicken Pastry,180,95,89,6,Wednesday,4,First Inter-monsoon,False,26.1,0.8,51,Drizzle,False,,False,False
2024-04-17,Chicken Samosa,90,75,71,4,Wednesday,4,First Inter-monsoon,False,26.1,0.8,51,Drizzle,False,,False,False
2024-04-17,Cream Bun,120,47,45,2,Wednesday,4,First Inter-monsoon,False,26.1,0.8,51,Drizzle,False,,False,False
2024-04-17,Egg Roll,100,61,58,3,Wednesday,4,First Inter-monsoon,False,26.1,0.8,51,Drizzle,False,,False,False
2024-04-17,Fish Bun,120,97,89,8,Wednesday,4,First Inter-monsoon,False,26.1,0.8,51,Drizzle,False,,False,False
2024-04-17,Fish Patty,110,57,53,4,Wednesday,4,First Inter-monsoon,False,26.1,0.8,51,Drizzle,False,,False,False
2024-04-17,Mini Pizza,220,47,45,2,Wednesday,4,First Inter-monsoon,False,26.1,0.8,51,Drizzle,False,,False,False
2024-04-17,Sausage Bun,140,67,61,6,Wednesday,4,First Inter-monsoon,False,26.1,0.8,51,Drizzle,False,,False,False
2024-04-17,Vegetable Roti,100,59,53,6,Wednesday,4,First Inter-monsoon,False,26.1,0.8,51,Drizzle,False,,False,False
2024-04-18,Chicken Bun,130,61,59,2,Thursday,4,First Inter-monsoon,False,26.4,1.9,53,Drizzle,False,,False,False
2024-04-18,Chicken Pastry,180,86,82,4,Thursday,4,First Inter-monsoon,False,26.4,1.9,53,Drizzle,False,,False,False
2024-04-18,Chicken Samosa,90,74,69,5,Thursday,4,First Inter-monsoon,False,26.4,1.9,53,Drizzle,False,,False,False
2024-04-18,Cream Bun,120,47,45,2,Thursday,4,First Inter-monsoon,False,26.4,1.9,53,Drizzle,False,,False,False
2024-04-18,Egg Roll,100,70,62,8,Thursday,4,First Inter-monsoon,False,26.4,1.9,53,Drizzle,False,,False,False
2024-04-18,Fish Bun,120,87,79,8,Thursday,4,First Inter-monsoon,False,26.4,1.9,53,Drizzle,False,,False,False
2024-04-18,Fish Patty,110,53,50,3,Thursday,4,First Inter-monsoon,False,26.4,1.9,53,Drizzle,False,,False,False
2024-04-18,Mini Pizza,220,46,42,4,Thursday,4,First Inter-monsoon,False,26.4,1.9,53,Drizzle,False,,False,False
2024-04-18,Sausage Bun,140,64,59,5,Thursday,4,First Inter-monsoon,False,26.4,1.9,53,Drizzle,False,,False,False
2024-04-18,Vegetable Roti,100,68,67,1,Thursday,4,First Inter-monsoon,False,26.4,1.9,53,Drizzle,False,,False,False
2024-04-19,Chicken Bun,130,70,67,3,Friday,4,First Inter-monsoon,False,26.1,1.7,53,Drizzle,False,,False,False
2024-04-19,Chicken Pastry,180,109,100,9,Friday,4,First Inter-monsoon,False,26.1,1.7,53,Drizzle,False,,False,False
2024-04-19,Chicken Samosa,90,69,66,3,Friday,4,First Inter-monsoon,False,26.1,1.7,53,Drizzle,False,,False,False
2024-04-19,Cream Bun,120,46,43,3,Friday,4,First Inter-monsoon,False,26.1,1.7,53,Drizzle,False,,False,False
2024-04-19,Egg Roll,100,56,52,4,Friday,4,First Inter-monsoon,False,26.1,1.7,53,Drizzle,False,,False,False
2024-04-19,Fish Bun,120,65,62,3,Friday,4,First Inter-monsoon,False,26.1,1.7,53,Drizzle,False,,False,False
2024-04-19,Fish Patty,110,68,62,6,Friday,4,First Inter-monsoon,False,26.1,1.7,53,Drizzle,False,,False,False
2024-04-19,Mini Pizza,220,44,41,3,Friday,4,First Inter-monsoon,False,26.1,1.7,53,Drizzle,False,,False,False
2024-04-19,Sausage Bun,140,60,59,1,Friday,4,First Inter-monsoon,False,26.1,1.7,53,Drizzle,False,,False,False
2024-04-19,Vegetable Roti,100,58,55,3,Friday,4,First Inter-monsoon,False,26.1,1.7,53,Drizzle,False,,False,False
2024-04-20,Chicken Bun,130,85,76,9,Saturday,4,First Inter-monsoon,True,26.5,0.6,51,Drizzle,False,,False,False
2024-04-20,Chicken Pastry,180,104,97,7,Saturday,4,First Inter-monsoon,True,26.5,0.6,51,Drizzle,False,,False,False
2024-04-20,Chicken Samosa,90,72,70,2,Saturday,4,First Inter-monsoon,True,26.5,0.6,51,Drizzle,False,,False,False
2024-04-20,Cream Bun,120,70,61,9,Saturday,4,First Inter-monsoon,True,26.5,0.6,51,Drizzle,False,,False,False
2024-04-20,Egg Roll,100,76,71,5,Saturday,4,First Inter-monsoon,True,26.5,0.6,51,Drizzle,False,,False,False
2024-04-20,Fish Bun,120,90,82,8,Saturday,4,First Inter-monsoon,True,26.5,0.6,51,Drizzle,False,,False,False
2024-04-20,Fish Patty,110,66,62,4,Saturday,4,First Inter-monsoon,True,26.5,0.6,51,Drizzle,False,,False,False
2024-04-20,Mini Pizza,220,57,53,4,Saturday,4,First Inter-monsoon,True,26.5,0.6,51,Drizzle,False,,False,False
2024-04-20,Sausage Bun,140,66,61,5,Saturday,4,First Inter-monsoon,True,26.5,0.6,51,Drizzle,False,,False,False
2024-04-20,Vegetable Roti,100,65,59,6,Saturday,4,First Inter-monsoon,True,26.5,0.6,51,Drizzle,False,,False,False
2024-04-21,Chicken Bun,130,76,73,3,Sunday,4,First Inter-monsoon,True,27.9,0.8,51,Drizzle,False,,False,False
2024-04-21,Chicken Pastry,180,105,100,5,Sunday,4,First Inter-monsoon,True,27.9,0.8,51,Drizzle,False,,False,False
2024-04-21,Chicken Samosa,90,73,68,5,Sunday,4,First Inter-monsoon,True,27.9,0.8,51,Drizzle,False,,False,False
2024-04-21,Cream Bun,120,56,49,7,Sunday,4,First Inter-monsoon,True,27.9,0.8,51,Drizzle,False,,False,False
2024-04-21,Egg Roll,100,65,60,5,Sunday,4,First Inter-monsoon,True,27.9,0.8,51,Drizzle,False,,False,False
2024-04-21,Fish Bun,120,85,81,4,Sunday,4,First Inter-monsoon,True,27.9,0.8,51,Drizzle,False,,False,False
2024-04-21,Fish Patty,110,74,68,6,Sunday,4,First Inter-monsoon,True,27.9,0.8,51,Drizzle,False,,False,False
2024-04-21,Mini Pizza,220,56,52,4,Sunday,4,First Inter-monsoon,True,27.9,0.8,51,Drizzle,False,,False,False
2024-04-21,Sausage Bun,140,63,60,3,Sunday,4,First Inter-monsoon,True,27.9,0.8,51,Drizzle,False,,False,False
2024-04-21,Vegetable Roti,100,67,61,6,Sunday,4,First Inter-monsoon,True,27.9,0.8,51,Drizzle,False,,False,False
2024-04-22,Chicken Bun,130,64,59,5,Monday,4,First Inter-monsoon,False,27.7,1.0,51,Drizzle,False,,True,False
2024-04-22,Chicken Pastry,180,101,96,5,Monday,4,First Inter-monsoon,False,27.7,1.0,51,Drizzle,False,,True,False
2024-04-22,Chicken Samosa,90,79,72,7,Monday,4,First Inter-monsoon,False,27.7,1.0,51,Drizzle,False,,True,False
2024-04-22,Cream Bun,120,50,50,0,Monday,4,First Inter-monsoon,False,27.7,1.0,51,Drizzle,False,,True,False
2024-04-22,Egg Roll,100,66,62,4,Monday,4,First Inter-monsoon,False,27.7,1.0,51,Drizzle,False,,True,False
2024-04-22,Fish Bun,120,72,65,7,Monday,4,First Inter-monsoon,False,27.7,1.0,51,Drizzle,False,,True,False
2024-04-22,Fish Patty,110,61,54,7,Monday,4,First Inter-monsoon,False,27.7,1.0,51,Drizzle,False,,True,False
2024-04-22,Mini Pizza,220,48,44,4,Monday,4,First Inter-monsoon,False,27.7,1.0,51,Drizzle,False,,True,False
2024-04-22,Sausage Bun,140,65,63,2,Monday,4,First Inter-monsoon,False,27.7,1.0,51,Drizzle,False,,True,False
2024-04-22,Vegetable Roti,100,53,50,3,Monday,4,First Inter-monsoon,False,27.7,1.0,51,Drizzle,False,,True,False
2024-04-23,Chicken Bun,130,78,75,3,Tuesday,4,First Inter-monsoon,False,28.6,0.0,3,Cloudy,True,Bak Full Moon Poya Day,False,False
2024-04-23,Chicken Pastry,180,88,84,4,Tuesday,4,First Inter-monsoon,False,28.6,0.0,3,Cloudy,True,Bak Full Moon Poya Day,False,False
2024-04-23,Chicken Samosa,90,72,71,1,Tuesday,4,First Inter-monsoon,False,28.6,0.0,3,Cloudy,True,Bak Full Moon Poya Day,False,False
2024-04-23,Cream Bun,120,67,60,7,Tuesday,4,First Inter-monsoon,False,28.6,0.0,3,Cloudy,True,Bak Full Moon Poya Day,False,False
2024-04-23,Egg Roll,100,76,69,7,Tuesday,4,First Inter-monsoon,False,28.6,0.0,3,Cloudy,True,Bak Full Moon Poya Day,False,False
2024-04-23,Fish Bun,120,89,83,6,Tuesday,4,First Inter-monsoon,False,28.6,0.0,3,Cloudy,True,Bak Full Moon Poya Day,False,False
2024-04-23,Fish Patty,110,55,52,3,Tuesday,4,First Inter-monsoon,False,28.6,0.0,3,Cloudy,True,Bak Full Moon Poya Day,False,False
2024-04-23,Mini Pizza,220,55,48,7,Tuesday,4,First Inter-monsoon,False,28.6,0.0,3,Cloudy,True,Bak Full Moon Poya Day,False,False
2024-04-23,Sausage Bun,140,67,67,0,Tuesday,4,First Inter-monsoon,False,28.6,0.0,3,Cloudy,True,Bak Full Moon Poya Day,False,False
2024-04-23,Vegetable Roti,100,69,64,5,Tuesday,4,First Inter-monsoon,False,28.6,0.0,3,Cloudy,True,Bak Full Moon Poya Day,False,False
2024-04-24,Chicken Bun,130,74,66,8,Wednesday,4,First Inter-monsoon,False,28.0,0.8,53,Drizzle,False,,False,True
2024-04-24,Chicken Pastry,180,105,97,8,Wednesday,4,First Inter-monsoon,False,28.0,0.8,53,Drizzle,False,,False,True
2024-04-24,Chicken Samosa,90,68,64,4,Wednesday,4,First Inter-monsoon,False,28.0,0.8,53,Drizzle,False,,False,True
2024-04-24,Cream Bun,120,55,52,3,Wednesday,4,First Inter-monsoon,False,28.0,0.8,53,Drizzle,False,,False,True
2024-04-24,Egg Roll,100,68,62,6,Wednesday,4,First Inter-monsoon,False,28.0,0.8,53,Drizzle,False,,False,True
2024-04-24,Fish Bun,120,86,79,7,Wednesday,4,First Inter-monsoon,False,28.0,0.8,53,Drizzle,False,,False,True
2024-04-24,Fish Patty,110,59,58,1,Wednesday,4,First Inter-monsoon,False,28.0,0.8,53,Drizzle,False,,False,True
2024-04-24,Mini Pizza,220,55,52,3,Wednesday,4,First Inter-monsoon,False,28.0,0.8,53,Drizzle,False,,False,True
2024-04-24,Sausage Bun,140,71,64,7,Wednesday,4,First Inter-monsoon,False,28.0,0.8,53,Drizzle,False,,False,True
2024-04-24,Vegetable Roti,100,68,59,9,Wednesday,4,First Inter-monsoon,False,28.0,0.8,53,Drizzle,False,,False,True
2024-04-25,Chicken Bun,130,75,69,6,Thursday,4,First Inter-monsoon,False,28.6,0.0,3,Cloudy,False,,False,False
2024-04-25,Chicken Pastry,180,91,87,4,Thursday,4,First Inter-monsoon,False,28.6,0.0,3,Cloudy,False,,False,False
2024-04-25,Chicken Samosa,90,85,79,6,Thursday,4,First Inter-monsoon,False,28.6,0.0,3,Cloudy,False,,False,False
2024-04-25,Cream Bun,120,60,55,5,Thursday,4,First Inter-monsoon,False,28.6,0.0,3,Cloudy,False,,False,False
2024-04-25,Egg Roll,100,67,63,4,Thursday,4,First Inter-monsoon,False,28.6,0.0,3,Cloudy,False,,False,False
2024-04-25,Fish Bun,120,63,59,4,Thursday,4,First Inter-monsoon,False,28.6,0.0,3,Cloudy,False,,False,False
2024-04-25,Fish Patty,110,65,60,5,Thursday,4,First Inter-monsoon,False,28.6,0.0,3,Cloudy,False,,False,False
2024-04-25,Mini Pizza,220,48,44,4,Thursday,4,First Inter-monsoon,False,28.6,0.0,3,Cloudy,False,,False,False
2024-04-25,Sausage Bun,140,68,62,6,Thursday,4,First Inter-monsoon,False,28.6,0.0,3,Cloudy,False,,False,False
2024-04-25,Vegetable Roti,100,70,65,5,Thursday,4,First Inter-monsoon,False,28.6,0.0,3,Cloudy,False,,False,False
2024-04-26,Chicken Bun,130,63,61,2,Friday,4,First Inter-monsoon,False,28.3,0.1,51,Drizzle,False,,False,False
2024-04-26,Chicken Pastry,180,105,93,12,Friday,4,First Inter-monsoon,False,28.3,0.1,51,Drizzle,False,,False,False
2024-04-26,Chicken Samosa,90,81,73,8,Friday,4,First Inter-monsoon,False,28.3,0.1,51,Drizzle,False,,False,False
2024-04-26,Cream Bun,120,54,50,4,Friday,4,First Inter-monsoon,False,28.3,0.1,51,Drizzle,False,,False,False
2024-04-26,Egg Roll,100,55,50,5,Friday,4,First Inter-monsoon,False,28.3,0.1,51,Drizzle,False,,False,False
2024-04-26,Fish Bun,120,86,80,6,Friday,4,First Inter-monsoon,False,28.3,0.1,51,Drizzle,False,,False,False
2024-04-26,Fish Patty,110,61,55,6,Friday,4,First Inter-monsoon,False,28.3,0.1,51,Drizzle,False,,False,False
2024-04-26,Mini Pizza,220,60,54,6,Friday,4,First Inter-monsoon,False,28.3,0.1,51,Drizzle,False,,False,False
2024-04-26,Sausage Bun,140,63,58,5,Friday,4,First Inter-monsoon,False,28.3,0.1,51,Drizzle,False,,False,False
2024-04-26,Vegetable Roti,100,53,47,6,Friday,4,First Inter-monsoon,False,28.3,0.1,51,Drizzle,False,,False,False
2024-04-27,Chicken Bun,130,68,62,6,Saturday,4,First Inter-monsoon,True,27.5,6.7,63,Rain,False,,False,False
2024-04-27,Chicken Pastry,180,93,87,6,Saturday,4,First Inter-monsoon,True,27.5,6.7,63,Rain,False,,False,False
2024-04-27,Chicken Samosa,90,83,73,10,Saturday,4,First Inter-monsoon,True,27.5,6.7,63,Rain,False,,False,False
2024-04-27,Cream Bun,120,45,41,4,Saturday,4,First Inter-monsoon,True,27.5,6.7,63,Rain,False,,False,False
2024-04-27,Egg Roll,100,62,59,3,Saturday,4,First Inter-monsoon,True,27.5,6.7,63,Rain,False,,False,False
2024-04-27,Fish Bun,120,64,60,4,Saturday,4,First Inter-monsoon,True,27.5,6.7,63,Rain,False,,False,False
2024-04-27,Fish Patty,110,63,57,6,Saturday,4,First Inter-monsoon,True,27.5,6.7,63,Rain,False,,False,False
2024-04-27,Mini Pizza,220,44,40,4,Saturday,4,First Inter-monsoon,True,27.5,6.7,63,Rain,False,,False,False
2024-04-27,Sausage Bun,140,48,48,0,Saturday,4,First Inter-monsoon,True,27.5,6.7,63,Rain,False,,False,False
2024-04-27,Vegetable Roti,100,56,53,3,Saturday,4,First Inter-monsoon,True,27.5,6.7,63,Rain,False,,False,False
2024-04-28,Chicken Bun,130,66,62,4,Sunday,4,First Inter-monsoon,True,27.6,2.5,55,Drizzle,False,,False,False
2024-04-28,Chicken Pastry,180,109,104,5,Sunday,4,First Inter-monsoon,True,27.6,2.5,55,Drizzle,False,,False,False
2024-04-28,Chicken Samosa,90,76,71,5,Sunday,4,First Inter-monsoon,True,27.6,2.5,55,Drizzle,False,,False,False
2024-04-28,Cream Bun,120,57,50,7,Sunday,4,First Inter-monsoon,True,27.6,2.5,55,Drizzle,False,,False,False
2024-04-28,Egg Roll,100,84,74,10,Sunday,4,First Inter-monsoon,True,27.6,2.5,55,Drizzle,False,,False,False
2024-04-28,Fish Bun,120,82,75,7,Sunday,4,First Inter-monsoon,True,27.6,2.5,55,Drizzle,False,,False,False
2024-04-28,Fish Patty,110,59,53,6,Sunday,4,First Inter-monsoon,True,27.6,2.5,55,Drizzle,False,,False,False
2024-04-28,Mini Pizza,220,51,48,3,Sunday,4,First Inter-monsoon,True,27.6,2.5,55,Drizzle,False,,False,False
2024-04-28,Sausage Bun,140,60,60,0,Sunday,4,First Inter-monsoon,True,27.6,2.5,55,Drizzle,False,,False,False
2024-04-28,Vegetable Roti,100,67,63,4,Sunday,4,First Inter-monsoon,True,27.6,2.5,55,Drizzle,False,,False,False
2024-04-29,Chicken Bun,130,53,48,5,Monday,4,First Inter-monsoon,False,26.8,5.5,63,Rain,False,,False,False
2024-04-29,Chicken Pastry,180,80,72,8,Monday,4,First Inter-monsoon,False,26.8,5.5,63,Rain,False,,False,False
2024-04-29,Chicken Samosa,90,66,60,6,Monday,4,First Inter-monsoon,False,26.8,5.5,63,Rain,False,,False,False
2024-04-29,Cream Bun,120,36,33,3,Monday,4,First Inter-monsoon,False,26.8,5.5,63,Rain,False,,False,False
2024-04-29,Egg Roll,100,59,56,3,Monday,4,First Inter-monsoon,False,26.8,5.5,63,Rain,False,,False,False
2024-04-29,Fish Bun,120,63,59,4,Monday,4,First Inter-monsoon,False,26.8,5.5,63,Rain,False,,False,False
2024-04-29,Fish Patty,110,57,53,4,Monday,4,First Inter-monsoon,False,26.8,5.5,63,Rain,False,,False,False
2024-04-29,Mini Pizza,220,34,32,2,Monday,4,First Inter-monsoon,False,26.8,5.5,63,Rain,False,,False,False
2024-04-29,Sausage Bun,140,49,47,2,Monday,4,First Inter-monsoon,False,26.8,5.5,63,Rain,False,,False,False
2024-04-29,Vegetable Roti,100,51,46,5,Monday,4,First Inter-monsoon,False,26.8,5.5,63,Rain,False,,False,False
2024-04-30,Chicken Bun,130,66,58,8,Tuesday,4,First Inter-monsoon,False,26.9,1.9,53,Drizzle,False,,True,False
2024-04-30,Chicken Pastry,180,92,83,9,Tuesday,4,First Inter-monsoon,False,26.9,1.9,53,Drizzle,False,,True,False
2024-04-30,Chicken Samosa,90,69,69,0,Tuesday,4,First Inter-monsoon,False,26.9,1.9,53,Drizzle,False,,True,False
2024-04-30,Cream Bun,120,41,40,1,Tuesday,4,First Inter-monsoon,False,26.9,1.9,53,Drizzle,False,,True,False
2024-04-30,Egg Roll,100,56,55,1,Tuesday,4,First Inter-monsoon,False,26.9,1.9,53,Drizzle,False,,True,False
2024-04-30,Fish Bun,120,77,73,4,Tuesday,4,First Inter-monsoon,False,26.9,1.9,53,Drizzle,False,,True,False
2024-04-30,Fish Patty,110,47,44,3,Tuesday,4,First Inter-monsoon,False,26.9,1.9,53,Drizzle,False,,True,False
2024-04-30,Mini Pizza,220,40,38,2,Tuesday,4,First Inter-monsoon,False,26.9,1.9,53,Drizzle,False,,True,False
2024-04-30,Sausage Bun,140,70,62,8,Tuesday,4,First Inter-monsoon,False,26.9,1.9,53,Drizzle,False,,True,False
2024-04-30,Vegetable Roti,100,61,57,4,Tuesday,4,First Inter-monsoon,False,26.9,1.9,53,Drizzle,False,,True,False
2024-05-01,Chicken Bun,130,64,57,7,Wednesday,5,Southwest Monsoon,False,27.2,3.4,61,Rain,True,International Workers' Day,False,False
2024-05-01,Chicken Pastry,180,80,75,5,Wednesday,5,Southwest Monsoon,False,27.2,3.4,61,Rain,True,International Workers' Day,False,False
2024-05-01,Chicken Samosa,90,79,73,6,Wednesday,5,Southwest Monsoon,False,27.2,3.4,61,Rain,True,International Workers' Day,False,False
2024-05-01,Cream Bun,120,48,44,4,Wednesday,5,Southwest Monsoon,False,27.2,3.4,61,Rain,True,International Workers' Day,False,False
2024-05-01,Egg Roll,100,67,60,7,Wednesday,5,Southwest Monsoon,False,27.2,3.4,61,Rain,True,International Workers' Day,False,False
2024-05-01,Fish Bun,120,88,83,5,Wednesday,5,Southwest Monsoon,False,27.2,3.4,61,Rain,True,International Workers' Day,False,False
2024-05-01,Fish Patty,110,62,54,8,Wednesday,5,Southwest Monsoon,False,27.2,3.4,61,Rain,True,International Workers' Day,False,False
2024-05-01,Mini Pizza,220,41,38,3,Wednesday,5,Southwest Monsoon,False,27.2,3.4,61,Rain,True,International Workers' Day,False,False
2024-05-01,Sausage Bun,140,60,57,3,Wednesday,5,Southwest Monsoon,False,27.2,3.4,61,Rain,True,International Workers' Day,False,False
2024-05-01,Vegetable Roti,100,69,65,4,Wednesday,5,Southwest Monsoon,False,27.2,3.4,61,Rain,True,International Workers' Day,False,False
2024-05-02,Chicken Bun,130,64,60,4,Thursday,5,Southwest Monsoon,False,27.8,0.1,51,Drizzle,False,,False,True
2024-05-02,Chicken Pastry,180,97,88,9,Thursday,5,Southwest Monsoon,False,27.8,0.1,51,Drizzle,False,,False,True
2024-05-02,Chicken Samosa,90,57,56,1,Thursday,5,Southwest Monsoon,False,27.8,0.1,51,Drizzle,False,,False,True
2024-05-02,Cream Bun,120,53,50,3,Thursday,5,Southwest Monsoon,False,27.8,0.1,51,Drizzle,False,,False,True
2024-05-02,Egg Roll,100,74,63,11,Thursday,5,Southwest Monsoon,False,27.8,0.1,51,Drizzle,False,,False,True
2024-05-02,Fish Bun,120,73,66,7,Thursday,5,Southwest Monsoon,False,27.8,0.1,51,Drizzle,False,,False,True
2024-05-02,Fish Patty,110,62,56,6,Thursday,5,Southwest Monsoon,False,27.8,0.1,51,Drizzle,False,,False,True
2024-05-02,Mini Pizza,220,50,47,3,Thursday,5,Southwest Monsoon,False,27.8,0.1,51,Drizzle,False,,False,True
2024-05-02,Sausage Bun,140,61,56,5,Thursday,5,Southwest Monsoon,False,27.8,0.1,51,Drizzle,False,,False,True
2024-05-02,Vegetable Roti,100,56,53,3,Thursday,5,Southwest Monsoon,False,27.8,0.1,51,Drizzle,False,,False,True
2024-05-03,Chicken Bun,130,63,59,4,Friday,5,Southwest Monsoon,False,27.6,1.4,53,Drizzle,False,,False,False
2024-05-03,Chicken Pastry,180,79,76,3,Friday,5,Southwest Monsoon,False,27.6,1.4,53,Drizzle,False,,False,False
2024-05-03,Chicken Samosa,90,73,68,5,Friday,5,Southwest Monsoon,False,27.6,1.4,53,Drizzle,False,,False,False
2024-05-03,Cream Bun,120,51,46,5,Friday,5,Southwest Monsoon,False,27.6,1.4,53,Drizzle,False,,False,False
2024-05-03,Egg Roll,100,57,54,3,Friday,5,Southwest Monsoon,False,27.6,1.4,53,Drizzle,False,,False,False
2024-05-03,Fish Bun,120,72,69,3,Friday,5,Southwest Monsoon,False,27.6,1.4,53,Drizzle,False,,False,False
2024-05-03,Fish Patty,110,58,54,4,Friday,5,Southwest Monsoon,False,27.6,1.4,53,Drizzle,False,,False,False
2024-05-03,Mini Pizza,220,37,34,3,Friday,5,Southwest Monsoon,False,27.6,1.4,53,Drizzle,False,,False,False
2024-05-03,Sausage Bun,140,56,52,4,Friday,5,Southwest Monsoon,False,27.6,1.4,53,Drizzle,False,,False,False
2024-05-03,Vegetable Roti,100,59,52,7,Friday,5,Southwest Monsoon,False,27.6,1.4,53,Drizzle,False,,False,False
2024-05-04,Chicken Bun,130,76,72,4,Saturday,5,Southwest Monsoon,True,27.5,0.7,51,Drizzle,False,,False,False
2024-05-04,Chicken Pastry,180,114,109,5,Saturday,5,Southwest Monsoon,True,27.5,0.7,51,Drizzle,False,,False,False
2024-05-04,Chicken Samosa,90,76,68,8,Saturday,5,Southwest Monsoon,True,27.5,0.7,51,Drizzle,False,,False,False
2024-05-04,Cream Bun,120,59,56,3,Saturday,5,Southwest Monsoon,True,27.5,0.7,51,Drizzle,False,,False,False
2024-05-04,Egg Roll,100,67,62,5,Saturday,5,Southwest Monsoon,True,27.5,0.7,51,Drizzle,False,,False,False
2024-05-04,Fish Bun,120,85,79,6,Saturday,5,Southwest Monsoon,True,27.5,0.7,51,Drizzle,False,,False,False
2024-05-04,Fish Patty,110,67,62,5,Saturday,5,Southwest Monsoon,True,27.5,0.7,51,Drizzle,False,,False,False
2024-05-04,Mini Pizza,220,50,50,0,Saturday,5,Southwest Monsoon,True,27.5,0.7,51,Drizzle,False,,False,False
2024-05-04,Sausage Bun,140,79,68,11,Saturday,5,Southwest Monsoon,True,27.5,0.7,51,Drizzle,False,,False,False
2024-05-04,Vegetable Roti,100,65,59,6,Saturday,5,Southwest Monsoon,True,27.5,0.7,51,Drizzle,False,,False,False
2024-05-05,Chicken Bun,130,73,64,9,Sunday,5,Southwest Monsoon,True,27.6,1.5,55,Drizzle,False,,False,False
2024-05-05,Chicken Pastry,180,106,97,9,Sunday,5,Southwest Monsoon,True,27.6,1.5,55,Drizzle,False,,False,False
2024-05-05,Chicken Samosa,90,73,72,1,Sunday,5,Southwest Monsoon,True,27.6,1.5,55,Drizzle,False,,False,False
2024-05-05,Cream Bun,120,58,52,6,Sunday,5,Southwest Monsoon,True,27.6,1.5,55,Drizzle,False,,False,False
2024-05-05,Egg Roll,100,75,67,8,Sunday,5,Southwest Monsoon,True,27.6,1.5,55,Drizzle,False,,False,False
2024-05-05,Fish Bun,120,90,82,8,Sunday,5,Southwest Monsoon,True,27.6,1.5,55,Drizzle,False,,False,False
2024-05-05,Fish Patty,110,63,59,4,Sunday,5,Southwest Monsoon,True,27.6,1.5,55,Drizzle,False,,False,False
2024-05-05,Mini Pizza,220,54,48,6,Sunday,5,Southwest Monsoon,True,27.6,1.5,55,Drizzle,False,,False,False
2024-05-05,Sausage Bun,140,66,62,4,Sunday,5,Southwest Monsoon,True,27.6,1.5,55,Drizzle,False,,False,False
2024-05-05,Vegetable Roti,100,70,64,6,Sunday,5,Southwest Monsoon,True,27.6,1.5,55,Drizzle,False,,False,False
2024-05-06,Chicken Bun,130,71,65,6,Monday,5,Southwest Monsoon,False,27.5,1.8,61,Rain,False,,False,False
2024-05-06,Chicken Pastry,180,93,81,12,Monday,5,Southwest Monsoon,False,27.5,1.8,61,Rain,False,,False,False
2024-05-06,Chicken Samosa,90,74,67,7,Monday,5,Southwest Monsoon,False,27.5,1.8,61,Rain,False,,False,False
2024-05-06,Cream Bun,120,49,45,4,Monday,5,Southwest Monsoon,False,27.5,1.8,61,Rain,False,,False,False
2024-05-06,Egg Roll,100,72,65,7,Monday,5,Southwest Monsoon,False,27.5,1.8,61,Rain,False,,False,False
2024-05-06,Fish Bun,120,69,68,1,Monday,5,Southwest Monsoon,False,27.5,1.8,61,Rain,False,,False,False
2024-05-06,Fish Patty,110,58,55,3,Monday,5,Southwest Monsoon,False,27.5,1.8,61,Rain,False,,False,False
2024-05-06,Mini Pizza,220,38,37,1,Monday,5,Southwest Monsoon,False,27.5,1.8,61,Rain,False,,False,False
2024-05-06,Sausage Bun,140,60,54,6,Monday,5,Southwest Monsoon,False,27.5,1.8,61,Rain,False,,False,False
2024-05-06,Vegetable Roti,100,57,53,4,Monday,5,Southwest Monsoon,False,27.5,1.8,61,Rain,False,,False,False
2024-05-07,Chicken Bun,130,56,52,4,Tuesday,5,Southwest Monsoon,False,27.1,2.1,53,Drizzle,False,,False,False
2024-05-07,Chicken Pastry,180,93,85,8,Tuesday,5,Southwest Monsoon,False,27.1,2.1,53,Drizzle,False,,False,False
2024-05-07,Chicken Samosa,90,79,70,9,Tuesday,5,Southwest Monsoon,False,27.1,2.1,53,Drizzle,False,,False,False
2024-05-07,Cream Bun,120,42,42,0,Tuesday,5,Southwest Monsoon,False,27.1,2.1,53,Drizzle,False,,False,False
2024-05-07,Egg Roll,100,60,56,4,Tuesday,5,Southwest Monsoon,False,27.1,2.1,53,Drizzle,False,,False,False
2024-05-07,Fish Bun,120,74,67,7,Tuesday,5,Southwest Monsoon,False,27.1,2.1,53,Drizzle,False,,False,False
2024-05-07,Fish Patty,110,48,44,4,Tuesday,5,Southwest Monsoon,False,27.1,2.1,53,Drizzle,False,,False,False
2024-05-07,Mini Pizza,220,36,32,4,Tuesday,5,Southwest Monsoon,False,27.1,2.1,53,Drizzle,False,,False,False
2024-05-07,Sausage Bun,140,60,56,4,Tuesday,5,Southwest Monsoon,False,27.1,2.1,53,Drizzle,False,,False,False
2024-05-07,Vegetable Roti,100,60,52,8,Tuesday,5,Southwest Monsoon,False,27.1,2.1,53,Drizzle,False,,False,False
2024-05-08,Chicken Bun,130,60,54,6,Wednesday,5,Southwest Monsoon,False,26.5,23.3,65,Rain,False,,False,False
2024-05-08,Chicken Pastry,180,70,65,5,Wednesday,5,Southwest Monsoon,False,26.5,23.3,65,Rain,False,,False,False
2024-05-08,Chicken Samosa,90,59,52,7,Wednesday,5,Southwest Monsoon,False,26.5,23.3,65,Rain,False,,False,False
2024-05-08,Cream Bun,120,42,39,3,Wednesday,5,Southwest Monsoon,False,26.5,23.3,65,Rain,False,,False,False
2024-05-08,Egg Roll,100,49,47,2,Wednesday,5,Southwest Monsoon,False,26.5,23.3,65,Rain,False,,False,False
2024-05-08,Fish Bun,120,65,57,8,Wednesday,5,Southwest Monsoon,False,26.5,23.3,65,Rain,False,,False,False
2024-05-08,Fish Patty,110,36,33,3,Wednesday,5,Southwest Monsoon,False,26.5,23.3,65,Rain,False,,False,False
2024-05-08,Mini Pizza,220,31,30,1,Wednesday,5,Southwest Monsoon,False,26.5,23.3,65,Rain,False,,False,False
2024-05-08,Sausage Bun,140,46,42,4,Wednesday,5,Southwest Monsoon,False,26.5,23.3,65,Rain,False,,False,False
2024-05-08,Vegetable Roti,100,45,41,4,Wednesday,5,Southwest Monsoon,False,26.5,23.3,65,Rain,False,,False,False
2024-05-09,Chicken Bun,130,50,43,7,Thursday,5,Southwest Monsoon,False,25.8,10.4,63,Rain,False,,False,False
2024-05-09,Chicken Pastry,180,66,59,7,Thursday,5,Southwest Monsoon,False,25.8,10.4,63,Rain,False,,False,False
2024-05-09,Chicken Samosa,90,54,48,6,Thursday,5,Southwest Monsoon,False,25.8,10.4,63,Rain,False,,False,False
2024-05-09,Cream Bun,120,40,36,4,Thursday,5,Southwest Monsoon,False,25.8,10.4,63,Rain,False,,False,False
2024-05-09,Egg Roll,100,51,46,5,Thursday,5,Southwest Monsoon,False,25.8,10.4,63,Rain,False,,False,False
2024-05-09,Fish Bun,120,62,57,5,Thursday,5,Southwest Monsoon,False,25.8,10.4,63,Rain,False,,False,False
2024-05-09,Fish Patty,110,46,42,4,Thursday,5,Southwest Monsoon,False,25.8,10.4,63,Rain,False,,False,False
2024-05-09,Mini Pizza,220,38,35,3,Thursday,5,Southwest Monsoon,False,25.8,10.4,63,Rain,False,,False,False
2024-05-09,Sausage Bun,140,39,37,2,Thursday,5,Southwest Monsoon,False,25.8,10.4,63,Rain,False,,False,False
2024-05-09,Vegetable Roti,100,52,46,6,Thursday,5,Southwest Monsoon,False,25.8,10.4,63,Rain,False,,False,False
2024-05-10,Chicken Bun,130,44,40,4,Friday,5,Southwest Monsoon,False,25.8,14.2,63,Rain,False,,False,False
2024-05-10,Chicken Pastry,180,69,61,8,Friday,5,Southwest Monsoon,False,25.8,14.2,63,Rain,False,,False,False
2024-05-10,Chicken Samosa,90,56,49,7,Friday,5,Southwest Monsoon,False,25.8,14.2,63,Rain,False,,False,False
2024-05-10,Cream Bun,120,35,33,2,Friday,5,Southwest Monsoon,False,25.8,14.2,63,Rain,False,,False,False
2024-05-10,Egg Roll,100,49,47,2,Friday,5,Southwest Monsoon,False,25.8,14.2,63,Rain,False,,False,False
2024-05-10,Fish Bun,120,57,52,5,Friday,5,Southwest Monsoon,False,25.8,14.2,63,Rain,False,,False,False
2024-05-10,Fish Patty,110,42,41,1,Friday,5,Southwest Monsoon,False,25.8,14.2,63,Rain,False,,False,False
2024-05-10,Mini Pizza,220,36,32,4,Friday,5,Southwest Monsoon,False,25.8,14.2,63,Rain,False,,False,False
2024-05-10,Sausage Bun,140,38,36,2,Friday,5,Southwest Monsoon,False,25.8,14.2,63,Rain,False,,False,False
2024-05-10,Vegetable Roti,100,41,38,3,Friday,5,Southwest Monsoon,False,25.8,14.2,63,Rain,False,,False,False
2024-05-11,Chicken Bun,130,53,51,2,Saturday,5,Southwest Monsoon,True,25.9,18.5,65,Rain,False,,False,False
2024-05-11,Chicken Pastry,180,72,68,4,Saturday,5,Southwest Monsoon,True,25.9,18.5,65,Rain,False,,False,False
2024-05-11,Chicken Samosa,90,58,55,3,Saturday,5,Southwest Monsoon,True,25.9,18.5,65,Rain,False,,False,False
2024-05-11,Cream Bun,120,43,40,3,Saturday,5,Southwest Monsoon,True,25.9,18.5,65,Rain,False,,False,False
2024-05-11,Egg Roll,100,48,45,3,Saturday,5,Southwest Monsoon,True,25.9,18.5,65,Rain,False,,False,False
2024-05-11,Fish Bun,120,70,64,6,Saturday,5,Southwest Monsoon,True,25.9,18.5,65,Rain,False,,False,False
2024-05-11,Fish Patty,110,42,39,3,Saturday,5,Southwest Monsoon,True,25.9,18.5,65,Rain,False,,False,False
2024-05-11,Mini Pizza,220,40,37,3,Saturday,5,Southwest Monsoon,True,25.9,18.5,65,Rain,False,,False,False
2024-05-11,Sausage Bun,140,57,51,6,Saturday,5,Southwest Monsoon,True,25.9,18.5,65,Rain,False,,False,False
2024-05-11,Vegetable Roti,100,53,47,6,Saturday,5,Southwest Monsoon,True,25.9,18.5,65,Rain,False,,False,False
2024-05-12,Chicken Bun,130,48,47,1,Sunday,5,Southwest Monsoon,True,24.8,16.1,63,Rain,False,,False,False
2024-05-12,Chicken Pastry,180,81,75,6,Sunday,5,Southwest Monsoon,True,24.8,16.1,63,Rain,False,,False,False
2024-05-12,Chicken Samosa,90,59,54,5,Sunday,5,Southwest Monsoon,True,24.8,16.1,63,Rain,False,,False,False
2024-05-12,Cream Bun,120,46,44,2,Sunday,5,Southwest Monsoon,True,24.8,16.1,63,Rain,False,,False,False
2024-05-12,Egg Roll,100,56,52,4,Sunday,5,Southwest Monsoon,True,24.8,16.1,63,Rain,False,,False,False
2024-05-12,Fish Bun,120,55,53,2,Sunday,5,Southwest Monsoon,True,24.8,16.1,63,Rain,False,,False,False
2024-05-12,Fish Patty,110,50,43,7,Sunday,5,Southwest Monsoon,True,24.8,16.1,63,Rain,False,,False,False
2024-05-12,Mini Pizza,220,41,39,2,Sunday,5,Southwest Monsoon,True,24.8,16.1,63,Rain,False,,False,False
2024-05-12,Sausage Bun,140,50,47,3,Sunday,5,Southwest Monsoon,True,24.8,16.1,63,Rain,False,,False,False
2024-05-12,Vegetable Roti,100,52,49,3,Sunday,5,Southwest Monsoon,True,24.8,16.1,63,Rain,False,,False,False
2024-05-13,Chicken Bun,130,55,49,6,Monday,5,Southwest Monsoon,False,25.5,10.6,63,Rain,False,,False,False
2024-05-13,Chicken Pastry,180,62,59,3,Monday,5,Southwest Monsoon,False,25.5,10.6,63,Rain,False,,False,False
2024-05-13,Chicken Samosa,90,53,48,5,Monday,5,Southwest Monsoon,False,25.5,10.6,63,Rain,False,,False,False
2024-05-13,Cream Bun,120,37,34,3,Monday,5,Southwest Monsoon,False,25.5,10.6,63,Rain,False,,False,False
2024-05-13,Egg Roll,100,47,43,4,Monday,5,Southwest Monsoon,False,25.5,10.6,63,Rain,False,,False,False
2024-05-13,Fish Bun,120,58,56,2,Monday,5,Southwest Monsoon,False,25.5,10.6,63,Rain,False,,False,False
2024-05-13,Fish Patty,110,43,41,2,Monday,5,Southwest Monsoon,False,25.5,10.6,63,Rain,False,,False,False
2024-05-13,Mini Pizza,220,40,36,4,Monday,5,Southwest Monsoon,False,25.5,10.6,63,Rain,False,,False,False
2024-05-13,Sausage Bun,140,46,42,4,Monday,5,Southwest Monsoon,False,25.5,10.6,63,Rain,False,,False,False
2024-05-13,Vegetable Roti,100,47,44,3,Monday,5,Southwest Monsoon,False,25.5,10.6,63,Rain,False,,False,False
2024-05-14,Chicken Bun,130,44,42,2,Tuesday,5,Southwest Monsoon,False,24.9,17.5,65,Rain,False,,False,False
2024-05-14,Chicken Pastry,180,75,70,5,Tuesday,5,Southwest Monsoon,False,24.9,17.5,65,Rain,False,,False,False
2024-05-14,Chicken Samosa,90,52,50,2,Tuesday,5,Southwest Monsoon,False,24.9,17.5,65,Rain,False,,False,False
2024-05-14,Cream Bun,120,37,35,2,Tuesday,5,Southwest Monsoon,False,24.9,17.5,65,Rain,False,,False,False
2024-05-14,Egg Roll,100,41,38,3,Tuesday,5,Southwest Monsoon,False,24.9,17.5,65,Rain,False,,False,False
2024-05-14,Fish Bun,120,59,56,3,Tuesday,5,Southwest Monsoon,False,24.9,17.5,65,Rain,False,,False,False
2024-05-14,Fish Patty,110,44,43,1,Tuesday,5,Southwest Monsoon,False,24.9,17.5,65,Rain,False,,False,False
2024-05-14,Mini Pizza,220,36,33,3,Tuesday,5,Southwest Monsoon,False,24.9,17.5,65,Rain,False,,False,False
2024-05-14,Sausage Bun,140,52,47,5,Tuesday,5,Southwest Monsoon,False,24.9,17.5,65,Rain,False,,False,False
2024-05-14,Vegetable Roti,100,38,35,3,Tuesday,5,Southwest Monsoon,False,24.9,17.5,65,Rain,False,,False,False
2024-05-15,Chicken Bun,130,51,46,5,Wednesday,5,Southwest Monsoon,False,25.2,16.5,65,Rain,False,,False,False
2024-05-15,Chicken Pastry,180,71,68,3,Wednesday,5,Southwest Monsoon,False,25.2,16.5,65,Rain,False,,False,False
2024-05-15,Chicken Samosa,90,56,54,2,Wednesday,5,Southwest Monsoon,False,25.2,16.5,65,Rain,False,,False,False
2024-05-15,Cream Bun,120,36,35,1,Wednesday,5,Southwest Monsoon,False,25.2,16.5,65,Rain,False,,False,False
2024-05-15,Egg Roll,100,47,44,3,Wednesday,5,Southwest Monsoon,False,25.2,16.5,65,Rain,False,,False,False
2024-05-15,Fish Bun,120,62,55,7,Wednesday,5,Southwest Monsoon,False,25.2,16.5,65,Rain,False,,False,False
2024-05-15,Fish Patty,110,43,40,3,Wednesday,5,Southwest Monsoon,False,25.2,16.5,65,Rain,False,,False,False
2024-05-15,Mini Pizza,220,35,32,3,Wednesday,5,Southwest Monsoon,False,25.2,16.5,65,Rain,False,,False,False
2024-05-15,Sausage Bun,140,45,42,3,Wednesday,5,Southwest Monsoon,False,25.2,16.5,65,Rain,False,,False,False
2024-05-15,Vegetable Roti,100,41,41,0,Wednesday,5,Southwest Monsoon,False,25.2,16.5,65,Rain,False,,False,False
2024-05-16,Chicken Bun,130,43,42,1,Thursday,5,Southwest Monsoon,False,24.5,16.5,63,Rain,False,,False,False
2024-05-16,Chicken Pastry,180,73,65,8,Thursday,5,Southwest Monsoon,False,24.5,16.5,63,Rain,False,,False,False
2024-05-16,Chicken Samosa,90,67,59,8,Thursday,5,Southwest Monsoon,False,24.5,16.5,63,Rain,False,,False,False
2024-05-16,Cream Bun,120,43,40,3,Thursday,5,Southwest Monsoon,False,24.5,16.5,63,Rain,False,,False,False
2024-05-16,Egg Roll,100,45,42,3,Thursday,5,Southwest Monsoon,False,24.5,16.5,63,Rain,False,,False,False
2024-05-16,Fish Bun,120,50,46,4,Thursday,5,Southwest Monsoon,False,24.5,16.5,63,Rain,False,,False,False
2024-05-16,Fish Patty,110,46,44,2,Thursday,5,Southwest Monsoon,False,24.5,16.5,63,Rain,False,,False,False
2024-05-16,Mini Pizza,220,32,30,2,Thursday,5,Southwest Monsoon,False,24.5,16.5,63,Rain,False,,False,False
2024-05-16,Sausage Bun,140,46,43,3,Thursday,5,Southwest Monsoon,False,24.5,16.5,63,Rain,False,,False,False
2024-05-16,Vegetable Roti,100,41,38,3,Thursday,5,Southwest Monsoon,False,24.5,16.5,63,Rain,False,,False,False
2024-05-17,Chicken Bun,130,68,64,4,Friday,5,Southwest Monsoon,False,25.0,1.3,51,Drizzle,False,,False,False
2024-05-17,Chicken Pastry,180,88,80,8,Friday,5,Southwest Monsoon,False,25.0,1.3,51,Drizzle,False,,False,False
2024-05-17,Chicken Samosa,90,77,69,8,Friday,5,Southwest Monsoon,False,25.0,1.3,51,Drizzle,False,,False,False
2024-05-17,Cream Bun,120,43,40,3,Friday,5,Southwest Monsoon,False,25.0,1.3,51,Drizzle,False,,False,False
2024-05-17,Egg Roll,100,71,63,8,Friday,5,Southwest Monsoon,False,25.0,1.3,51,Drizzle,False,,False,False
2024-05-17,Fish Bun,120,67,66,1,Friday,5,Southwest Monsoon,False,25.0,1.3,51,Drizzle,False,,False,False
2024-05-17,Fish Patty,110,58,52,6,Friday,5,Southwest Monsoon,False,25.0,1.3,51,Drizzle,False,,False,False
2024-05-17,Mini Pizza,220,47,43,4,Friday,5,Southwest Monsoon,False,25.0,1.3,51,Drizzle,False,,False,False
2024-05-17,Sausage Bun,140,63,61,2,Friday,5,Southwest Monsoon,False,25.0,1.3,51,Drizzle,False,,False,False
2024-05-17,Vegetable Roti,100,63,59,4,Friday,5,Southwest Monsoon,False,25.0,1.3,51,Drizzle,False,,False,False
2024-05-18,Chicken Bun,130,61,55,6,Saturday,5,Southwest Monsoon,True,24.4,11.6,63,Rain,False,,False,False
2024-05-18,Chicken Pastry,180,70,68,2,Saturday,5,Southwest Monsoon,True,24.4,11.6,63,Rain,False,,False,False
2024-05-18,Chicken Samosa,90,65,62,3,Saturday,5,Southwest Monsoon,True,24.4,11.6,63,Rain,False,,False,False
2024-05-18,Cream Bun,120,42,39,3,Saturday,5,Southwest Monsoon,True,24.4,11.6,63,Rain,False,,False,False
2024-05-18,Egg Roll,100,48,45,3,Saturday,5,Southwest Monsoon,True,24.4,11.6,63,Rain,False,,False,False
2024-05-18,Fish Bun,120,66,59,7,Saturday,5,Southwest Monsoon,True,24.4,11.6,63,Rain,False,,False,False
2024-05-18,Fish Patty,110,51,46,5,Saturday,5,Southwest Monsoon,True,24.4,11.6,63,Rain,False,,False,False
2024-05-18,Mini Pizza,220,43,40,3,Saturday,5,Southwest Monsoon,True,24.4,11.6,63,Rain,False,,False,False
2024-05-18,Sausage Bun,140,53,45,8,Saturday,5,Southwest Monsoon,True,24.4,11.6,63,Rain,False,,False,False
2024-05-18,Vegetable Roti,100,47,41,6,Saturday,5,Southwest Monsoon,True,24.4,11.6,63,Rain,False,,False,False
2024-05-19,Chicken Bun,130,61,57,4,Sunday,5,Southwest Monsoon,True,24.2,13.3,63,Rain,False,,False,False
2024-05-19,Chicken Pastry,180,85,80,5,Sunday,5,Southwest Monsoon,True,24.2,13.3,63,Rain,False,,False,False
2024-05-19,Chicken Samosa,90,65,61,4,Sunday,5,Southwest Monsoon,True,24.2,13.3,63,Rain,False,,False,False
2024-05-19,Cream Bun,120,40,38,2,Sunday,5,Southwest Monsoon,True,24.2,13.3,63,Rain,False,,False,False
2024-05-19,Egg Roll,100,52,48,4,Sunday,5,Southwest Monsoon,True,24.2,13.3,63,Rain,False,,False,False
2024-05-19,Fish Bun,120,68,61,7,Sunday,5,Southwest Monsoon,True,24.2,13.3,63,Rain,False,,False,False
2024-05-19,Fish Patty,110,43,40,3,Sunday,5,Southwest Monsoon,True,24.2,13.3,63,Rain,False,,False,False
2024-05-19,Mini Pizza,220,43,40,3,Sunday,5,Southwest Monsoon,True,24.2,13.3,63,Rain,False,,False,False
2024-05-19,Sausage Bun,140,56,51,5,Sunday,5,Southwest Monsoon,True,24.2,13.3,63,Rain,False,,False,False
2024-05-19,Vegetable Roti,100,50,46,4,Sunday,5,Southwest Monsoon,True,24.2,13.3,63,Rain,False,,False,False
2024-05-20,Chicken Bun,130,48,45,3,Monday,5,Southwest Monsoon,False,23.3,24.8,63,Rain,False,,False,False
2024-05-20,Chicken Pastry,180,71,64,7,Monday,5,Southwest Monsoon,False,23.3,24.8,63,Rain,False,,False,False
2024-05-20,Chicken Samosa,90,57,51,6,Monday,5,Southwest Monsoon,False,23.3,24.8,63,Rain,False,,False,False
2024-05-20,Cream Bun,120,36,34,2,Monday,5,Southwest Monsoon,False,23.3,24.8,63,Rain,False,,False,False
2024-05-20,Egg Roll,100,44,41,3,Monday,5,Southwest Monsoon,False,23.3,24.8,63,Rain,False,,False,False
2024-05-20,Fish Bun,120,59,56,3,Monday,5,Southwest Monsoon,False,23.3,24.8,63,Rain,False,,False,False
2024-05-20,Fish Patty,110,41,40,1,Monday,5,Southwest Monsoon,False,23.3,24.8,63,Rain,False,,False,False
2024-05-20,Mini Pizza,220,32,29,3,Monday,5,Southwest Monsoon,False,23.3,24.8,63,Rain,False,,False,False
2024-05-20,Sausage Bun,140,46,43,3,Monday,5,Southwest Monsoon,False,23.3,24.8,63,Rain,False,,False,False
2024-05-20,Vegetable Roti,100,47,46,1,Monday,5,Southwest Monsoon,False,23.3,24.8,63,Rain,False,,False,False
2024-05-21,Chicken Bun,130,52,47,5,Tuesday,5,Southwest Monsoon,False,24.3,7.7,63,Rain,False,,False,False
2024-05-21,Chicken Pastry,180,63,58,5,Tuesday,5,Southwest Monsoon,False,24.3,7.7,63,Rain,False,,False,False
2024-05-21,Chicken Samosa,90,69,64,5,Tuesday,5,Southwest Monsoon,False,24.3,7.7,63,Rain,False,,False,False
2024-05-21,Cream Bun,120,40,38,2,Tuesday,5,Southwest Monsoon,False,24.3,7.7,63,Rain,False,,False,False
2024-05-21,Egg Roll,100,53,49,4,Tuesday,5,Southwest Monsoon,False,24.3,7.7,63,Rain,False,,False,False
2024-05-21,Fish Bun,120,68,65,3,Tuesday,5,Southwest Monsoon,False,24.3,7.7,63,Rain,False,,False,False
2024-05-21,Fish Patty,110,46,39,7,Tuesday,5,Southwest Monsoon,False,24.3,7.7,63,Rain,False,,False,False
2024-05-21,Mini Pizza,220,37,34,3,Tuesday,5,Southwest Monsoon,False,24.3,7.7,63,Rain,False,,False,False
2024-05-21,Sausage Bun,140,51,47,4,Tuesday,5,Southwest Monsoon,False,24.3,7.7,63,Rain,False,,False,False
2024-05-21,Vegetable Roti,100,63,55,8,Tuesday,5,Southwest Monsoon,False,24.3,7.7,63,Rain,False,,False,False
2024-05-22,Chicken Bun,130,52,46,6,Wednesday,5,Southwest Monsoon,False,24.1,15.0,61,Rain,False,,True,False
2024-05-22,Chicken Pastry,180,72,64,8,Wednesday,5,Southwest Monsoon,False,24.1,15.0,61,Rain,False,,True,False
2024-05-22,Chicken Samosa,90,52,50,2,Wednesday,5,Southwest Monsoon,False,24.1,15.0,61,Rain,False,,True,False
2024-05-22,Cream Bun,120,42,39,3,Wednesday,5,Southwest Monsoon,False,24.1,15.0,61,Rain,False,,True,False
2024-05-22,Egg Roll,100,43,41,2,Wednesday,5,Southwest Monsoon,False,24.1,15.0,61,Rain,False,,True,False
2024-05-22,Fish Bun,120,61,55,6,Wednesday,5,Southwest Monsoon,False,24.1,15.0,61,Rain,False,,True,False
2024-05-22,Fish Patty,110,46,41,5,Wednesday,5,Southwest Monsoon,False,24.1,15.0,61,Rain,False,,True,False
2024-05-22,Mini Pizza,220,35,32,3,Wednesday,5,Southwest Monsoon,False,24.1,15.0,61,Rain,False,,True,False
2024-05-22,Sausage Bun,140,45,40,5,Wednesday,5,Southwest Monsoon,False,24.1,15.0,61,Rain,False,,True,False
2024-05-22,Vegetable Roti,100,41,39,2,Wednesday,5,Southwest Monsoon,False,24.1,15.0,61,Rain,False,,True,False
2024-05-23,Chicken Bun,130,48,45,3,Thursday,5,Southwest Monsoon,False,24.0,18.7,61,Rain,True,Vesak Full Moon Poya Day,True,False
2024-05-23,Chicken Pastry,180,72,65,7,Thursday,5,Southwest Monsoon,False,24.0,18.7,61,Rain,True,Vesak Full Moon Poya Day,True,False
2024-05-23,Chicken Samosa,90,55,50,5,Thursday,5,Southwest Monsoon,False,24.0,18.7,61,Rain,True,Vesak Full Moon Poya Day,True,False
2024-05-23,Cream Bun,120,39,38,1,Thursday,5,Southwest Monsoon,False,24.0,18.7,61,Rain,True,Vesak Full Moon Poya Day,True,False
2024-05-23,Egg Roll,100,46,44,2,Thursday,5,Southwest Monsoon,False,24.0,18.7,61,Rain,True,Vesak Full Moon Poya Day,True,False
2024-05-23,Fish Bun,120,65,55,10,Thursday,5,Southwest Monsoon,False,24.0,18.7,61,Rain,True,Vesak Full Moon Poya Day,True,False
2024-05-23,Fish Patty,110,47,43,4,Thursday,5,Southwest Monsoon,False,24.0,18.7,61,Rain,True,Vesak Full Moon Poya Day,True,False
2024-05-23,Mini Pizza,220,36,34,2,Thursday,5,Southwest Monsoon,False,24.0,18.7,61,Rain,True,Vesak Full Moon Poya Day,True,False
2024-05-23,Sausage Bun,140,48,48,0,Thursday,5,Southwest Monsoon,False,24.0,18.7,61,Rain,True,Vesak Full Moon Poya Day,True,False
2024-05-23,Vegetable Roti,100,51,45,6,Thursday,5,Southwest Monsoon,False,24.0,18.7,61,Rain,True,Vesak Full Moon Poya Day,True,False
2024-05-24,Chicken Bun,130,54,49,5,Friday,5,Southwest Monsoon,False,24.2,13.2,61,Rain,True,Day Following Vesak Full Moon Poya Day,False,True
2024-05-24,Chicken Pastry,180,83,75,8,Friday,5,Southwest Monsoon,False,24.2,13.2,61,Rain,True,Day Following Vesak Full Moon Poya Day,False,True
2024-05-24,Chicken Samosa,90,61,55,6,Friday,5,Southwest Monsoon,False,24.2,13.2,61,Rain,True,Day Following Vesak Full Moon Poya Day,False,True
2024-05-24,Cream Bun,120,43,41,2,Friday,5,Southwest Monsoon,False,24.2,13.2,61,Rain,True,Day Following Vesak Full Moon Poya Day,False,True
2024-05-24,Egg Roll,100,51,47,4,Friday,5,Southwest Monsoon,False,24.2,13.2,61,Rain,True,Day Following Vesak Full Moon Poya Day,False,True
2024-05-24,Fish Bun,120,71,63,8,Friday,5,Southwest Monsoon,False,24.2,13.2,61,Rain,True,Day Following Vesak Full Moon Poya Day,False,True
2024-05-24,Fish Patty,110,45,42,3,Friday,5,Southwest Monsoon,False,24.2,13.2,61,Rain,True,Day Following Vesak Full Moon Poya Day,False,True
2024-05-24,Mini Pizza,220,44,41,3,Friday,5,Southwest Monsoon,False,24.2,13.2,61,Rain,True,Day Following Vesak Full Moon Poya Day,False,True
2024-05-24,Sausage Bun,140,47,45,2,Friday,5,Southwest Monsoon,False,24.2,13.2,61,Rain,True,Day Following Vesak Full Moon Poya Day,False,True
2024-05-24,Vegetable Roti,100,52,48,4,Friday,5,Southwest Monsoon,False,24.2,13.2,61,Rain,True,Day Following Vesak Full Moon Poya Day,False,True
2024-05-25,Chicken Bun,130,56,49,7,Saturday,5,Southwest Monsoon,True,23.7,28.2,63,Rain,False,,False,True
2024-05-25,Chicken Pastry,180,71,69,2,Saturday,5,Southwest Monsoon,True,23.7,28.2,63,Rain,False,,False,True
2024-05-25,Chicken Samosa,90,53,48,5,Saturday,5,Southwest Monsoon,True,23.7,28.2,63,Rain,False,,False,True
2024-05-25,Cream Bun,120,40,40,0,Saturday,5,Southwest Monsoon,True,23.7,28.2,63,Rain,False,,False,True
2024-05-25,Egg Roll,100,50,46,4,Saturday,5,Southwest Monsoon,True,23.7,28.2,63,Rain,False,,False,True
2024-05-25,Fish Bun,120,66,62,4,Saturday,5,Southwest Monsoon,True,23.7,28.2,63,Rain,False,,False,True
2024-05-25,Fish Patty,110,42,38,4,Saturday,5,Southwest Monsoon,True,23.7,28.2,63,Rain,False,,False,True
2024-05-25,Mini Pizza,220,49,43,6,Saturday,5,Southwest Monsoon,True,23.7,28.2,63,Rain,False,,False,True
2024-05-25,Sausage Bun,140,55,48,7,Saturday,5,Southwest Monsoon,True,23.7,28.2,63,Rain,False,,False,True
2024-05-25,Vegetable Roti,100,51,47,4,Saturday,5,Southwest Monsoon,True,23.7,28.2,63,Rain,False,,False,True
2024-05-26,Chicken Bun,130,53,48,5,Sunday,5,Southwest Monsoon,True,24.3,13.1,61,Rain,False,,False,False
2024-05-26,Chicken Pastry,180,74,68,6,Sunday,5,Southwest Monsoon,True,24.3,13.1,61,Rain,False,,False,False
2024-05-26,Chicken Samosa,90,60,57,3,Sunday,5,Southwest Monsoon,True,24.3,13.1,61,Rain,False,,False,False
2024-05-26,Cream Bun,120,49,44,5,Sunday,5,Southwest Monsoon,True,24.3,13.1,61,Rain,False,,False,False
2024-05-26,Egg Roll,100,50,45,5,Sunday,5,Southwest Monsoon,True,24.3,13.1,61,Rain,False,,False,False
2024-05-26,Fish Bun,120,57,54,3,Sunday,5,Southwest Monsoon,True,24.3,13.1,61,Rain,False,,False,False
2024-05-26,Fish Patty,110,41,38,3,Sunday,5,Southwest Monsoon,True,24.3,13.1,61,Rain,False,,False,False
2024-05-26,Mini Pizza,220,38,34,4,Sunday,5,Southwest Monsoon,True,24.3,13.1,61,Rain,False,,False,False
2024-05-26,Sausage Bun,140,44,44,0,Sunday,5,Southwest Monsoon,True,24.3,13.1,61,Rain,False,,False,False
2024-05-26,Vegetable Roti,100,53,49,4,Sunday,5,Southwest Monsoon,True,24.3,13.1,61,Rain,False,,False,False
2024-05-27,Chicken Bun,130,46,42,4,Monday,5,Southwest Monsoon,False,24.8,11.1,63,Rain,False,,False,False
2024-05-27,Chicken Pastry,180,81,72,9,Monday,5,Southwest Monsoon,False,24.8,11.1,63,Rain,False,,False,False
2024-05-27,Chicken Samosa,90,64,56,8,Monday,5,Southwest Monsoon,False,24.8,11.1,63,Rain,False,,False,False
2024-05-27,Cream Bun,120,34,34,0,Monday,5,Southwest Monsoon,False,24.8,11.1,63,Rain,False,,False,False
2024-05-27,Egg Roll,100,47,43,4,Monday,5,Southwest Monsoon,False,24.8,11.1,63,Rain,False,,False,False
2024-05-27,Fish Bun,120,61,57,4,Monday,5,Southwest Monsoon,False,24.8,11.1,63,Rain,False,,False,False
2024-05-27,Fish Patty,110,48,43,5,Monday,5,Southwest Monsoon,False,24.8,11.1,63,Rain,False,,False,False
2024-05-27,Mini Pizza,220,36,33,3,Monday,5,Southwest Monsoon,False,24.8,11.1,63,Rain,False,,False,False
2024-05-27,Sausage Bun,140,38,36,2,Monday,5,Southwest Monsoon,False,24.8,11.1,63,Rain,False,,False,False
2024-05-27,Vegetable Roti,100,55,50,5,Monday,5,Southwest Monsoon,False,24.8,11.1,63,Rain,False,,False,False
2024-05-28,Chicken Bun,130,54,50,4,Tuesday,5,Southwest Monsoon,False,24.3,14.3,63,Rain,False,,False,False
2024-05-28,Chicken Pastry,180,63,58,5,Tuesday,5,Southwest Monsoon,False,24.3,14.3,63,Rain,False,,False,False
2024-05-28,Chicken Samosa,90,58,50,8,Tuesday,5,Southwest Monsoon,False,24.3,14.3,63,Rain,False,,False,False
2024-05-28,Cream Bun,120,37,35,2,Tuesday,5,Southwest Monsoon,False,24.3,14.3,63,Rain,False,,False,False
2024-05-28,Egg Roll,100,45,44,1,Tuesday,5,Southwest Monsoon,False,24.3,14.3,63,Rain,False,,False,False
2024-05-28,Fish Bun,120,57,54,3,Tuesday,5,Southwest Monsoon,False,24.3,14.3,63,Rain,False,,False,False
2024-05-28,Fish Patty,110,49,45,4,Tuesday,5,Southwest Monsoon,False,24.3,14.3,63,Rain,False,,False,False
2024-05-28,Mini Pizza,220,32,30,2,Tuesday,5,Southwest Monsoon,False,24.3,14.3,63,Rain,False,,False,False
2024-05-28,Sausage Bun,140,47,43,4,Tuesday,5,Southwest Monsoon,False,24.3,14.3,63,Rain,False,,False,False
2024-05-28,Vegetable Roti,100,49,46,3,Tuesday,5,Southwest Monsoon,False,24.3,14.3,63,Rain,False,,False,False
2024-05-29,Chicken Bun,130,69,61,8,Wednesday,5,Southwest Monsoon,False,24.7,3.2,55,Drizzle,False,,False,False
2024-05-29,Chicken Pastry,180,90,79,11,Wednesday,5,Southwest Monsoon,False,24.7,3.2,55,Drizzle,False,,False,False
2024-05-29,Chicken Samosa,90,72,67,5,Wednesday,5,Southwest Monsoon,False,24.7,3.2,55,Drizzle,False,,False,False
2024-05-29,Cream Bun,120,49,42,7,Wednesday,5,Southwest Monsoon,False,24.7,3.2,55,Drizzle,False,,False,False
2024-05-29,Egg Roll,100,53,50,3,Wednesday,5,Southwest Monsoon,False,24.7,3.2,55,Drizzle,False,,False,False
2024-05-29,Fish Bun,120,73,67,6,Wednesday,5,Southwest Monsoon,False,24.7,3.2,55,Drizzle,False,,False,False
2024-05-29,Fish Patty,110,58,51,7,Wednesday,5,Southwest Monsoon,False,24.7,3.2,55,Drizzle,False,,False,False
2024-05-29,Mini Pizza,220,38,33,5,Wednesday,5,Southwest Monsoon,False,24.7,3.2,55,Drizzle,False,,False,False
2024-05-29,Sausage Bun,140,55,52,3,Wednesday,5,Southwest Monsoon,False,24.7,3.2,55,Drizzle,False,,False,False
2024-05-29,Vegetable Roti,100,61,54,7,Wednesday,5,Southwest Monsoon,False,24.7,3.2,55,Drizzle,False,,False,False
2024-05-30,Chicken Bun,130,59,55,4,Thursday,5,Southwest Monsoon,False,24.5,26.2,65,Rain,False,,False,False
2024-05-30,Chicken Pastry,180,77,70,7,Thursday,5,Southwest Monsoon,False,24.5,26.2,65,Rain,False,,False,False
2024-05-30,Chicken Samosa,90,49,49,0,Thursday,5,Southwest Monsoon,False,24.5,26.2,65,Rain,False,,False,False
2024-05-30,Cream Bun,120,37,34,3,Thursday,5,Southwest Monsoon,False,24.5,26.2,65,Rain,False,,False,False
2024-05-30,Egg Roll,100,46,43,3,Thursday,5,Southwest Monsoon,False,24.5,26.2,65,Rain,False,,False,False
2024-05-30,Fish Bun,120,62,60,2,Thursday,5,Southwest Monsoon,False,24.5,26.2,65,Rain,False,,False,False
2024-05-30,Fish Patty,110,42,38,4,Thursday,5,Southwest Monsoon,False,24.5,26.2,65,Rain,False,,False,False
2024-05-30,Mini Pizza,220,35,31,4,Thursday,5,Southwest Monsoon,False,24.5,26.2,65,Rain,False,,False,False
2024-05-30,Sausage Bun,140,49,46,3,Thursday,5,Southwest Monsoon,False,24.5,26.2,65,Rain,False,,False,False
2024-05-30,Vegetable Roti,100,38,34,4,Thursday,5,Southwest Monsoon,False,24.5,26.2,65,Rain,False,,False,False
2024-05-31,Chicken Bun,130,67,61,6,Friday,5,Southwest Monsoon,False,25.3,1.3,51,Drizzle,False,,False,False
2024-05-31,Chicken Pastry,180,87,77,10,Friday,5,Southwest Monsoon,False,25.3,1.3,51,Drizzle,False,,False,False
2024-05-31,Chicken Samosa,90,66,61,5,Friday,5,Southwest Monsoon,False,25.3,1.3,51,Drizzle,False,,False,False
2024-05-31,Cream Bun,120,46,42,4,Friday,5,Southwest Monsoon,False,25.3,1.3,51,Drizzle,False,,False,False
2024-05-31,Egg Roll,100,62,57,5,Friday,5,Southwest Monsoon,False,25.3,1.3,51,Drizzle,False,,False,False
2024-05-31,Fish Bun,120,77,73,4,Friday,5,Southwest Monsoon,False,25.3,1.3,51,Drizzle,False,,False,False
2024-05-31,Fish Patty,110,53,49,4,Friday,5,Southwest Monsoon,False,25.3,1.3,51,Drizzle,False,,False,False
2024-05-31,Mini Pizza,220,44,41,3,Friday,5,Southwest Monsoon,False,25.3,1.3,51,Drizzle,False,,False,False
2024-05-31,Sausage Bun,140,67,61,6,Friday,5,Southwest Monsoon,False,25.3,1.3,51,Drizzle,False,,False,False
2024-05-31,Vegetable Roti,100,60,58,2,Friday,5,Southwest Monsoon,False,25.3,1.3,51,Drizzle,False,,False,False
2024-06-01,Chicken Bun,130,56,53,3,Saturday,6,Southwest Monsoon,True,25.1,23.1,63,Rain,False,,False,False
2024-06-01,Chicken Pastry,180,82,76,6,Saturday,6,Southwest Monsoon,True,25.1,23.1,63,Rain,False,,False,False
2024-06-01,Chicken Samosa,90,51,48,3,Saturday,6,Southwest Monsoon,True,25.1,23.1,63,Rain,False,,False,False
2024-06-01,Cream Bun,120,39,36,3,Saturday,6,Southwest Monsoon,True,25.1,23.1,63,Rain,False,,False,False
2024-06-01,Egg Roll,100,49,46,3,Saturday,6,Southwest Monsoon,True,25.1,23.1,63,Rain,False,,False,False
2024-06-01,Fish Bun,120,55,52,3,Saturday,6,Southwest Monsoon,True,25.1,23.1,63,Rain,False,,False,False
2024-06-01,Fish Patty,110,49,43,6,Saturday,6,Southwest Monsoon,True,25.1,23.1,63,Rain,False,,False,False
2024-06-01,Mini Pizza,220,38,36,2,Saturday,6,Southwest Monsoon,True,25.1,23.1,63,Rain,False,,False,False
2024-06-01,Sausage Bun,140,45,43,2,Saturday,6,Southwest Monsoon,True,25.1,23.1,63,Rain,False,,False,False
2024-06-01,Vegetable Roti,100,47,43,4,Saturday,6,Southwest Monsoon,True,25.1,23.1,63,Rain,False,,False,False
2024-06-02,Chicken Bun,130,57,52,5,Sunday,6,Southwest Monsoon,True,24.8,13.3,63,Rain,False,,False,False
2024-06-02,Chicken Pastry,180,82,75,7,Sunday,6,Southwest Monsoon,True,24.8,13.3,63,Rain,False,,False,False
2024-06-02,Chicken Samosa,90,56,50,6,Sunday,6,Southwest Monsoon,True,24.8,13.3,63,Rain,False,,False,False
2024-06-02,Cream Bun,120,38,34,4,Sunday,6,Southwest Monsoon,True,24.8,13.3,63,Rain,False,,False,False
2024-06-02,Egg Roll,100,48,44,4,Sunday,6,Southwest Monsoon,True,24.8,13.3,63,Rain,False,,False,False
2024-06-02,Fish Bun,120,73,67,6,Sunday,6,Southwest Monsoon,True,24.8,13.3,63,Rain,False,,False,False
2024-06-02,Fish Patty,110,49,47,2,Sunday,6,Southwest Monsoon,True,24.8,13.3,63,Rain,False,,False,False
2024-06-02,Mini Pizza,220,38,37,1,Sunday,6,Southwest Monsoon,True,24.8,13.3,63,Rain,False,,False,False
2024-06-02,Sausage Bun,140,51,49,2,Sunday,6,Southwest Monsoon,True,24.8,13.3,63,Rain,False,,False,False
2024-06-02,Vegetable Roti,100,49,45,4,Sunday,6,Southwest Monsoon,True,24.8,13.3,63,Rain,False,,False,False
2024-06-03,Chicken Bun,130,69,65,4,Monday,6,Southwest Monsoon,False,24.5,1.7,51,Drizzle,False,,False,False
2024-06-03,Chicken Pastry,180,81,78,3,Monday,6,Southwest Monsoon,False,24.5,1.7,51,Drizzle,False,,False,False
2024-06-03,Chicken Samosa,90,79,72,7,Monday,6,Southwest Monsoon,False,24.5,1.7,51,Drizzle,False,,False,False
2024-06-03,Cream Bun,120,48,46,2,Monday,6,Southwest Monsoon,False,24.5,1.7,51,Drizzle,False,,False,False
2024-06-03,Egg Roll,100,60,54,6,Monday,6,Southwest Monsoon,False,24.5,1.7,51,Drizzle,False,,False,False
2024-06-03,Fish Bun,120,73,69,4,Monday,6,Southwest Monsoon,False,24.5,1.7,51,Drizzle,False,,False,False
2024-06-03,Fish Patty,110,57,51,6,Monday,6,Southwest Monsoon,False,24.5,1.7,51,Drizzle,False,,False,False
2024-06-03,Mini Pizza,220,44,42,2,Monday,6,Southwest Monsoon,False,24.5,1.7,51,Drizzle,False,,False,False
2024-06-03,Sausage Bun,140,64,62,2,Monday,6,Southwest Monsoon,False,24.5,1.7,51,Drizzle,False,,False,False
2024-06-03,Vegetable Roti,100,50,48,2,Monday,6,Southwest Monsoon,False,24.5,1.7,51,Drizzle,False,,False,False
2024-06-04,Chicken Bun,130,70,62,8,Tuesday,6,Southwest Monsoon,False,24.5,0.9,53,Drizzle,False,,False,False
2024-06-04,Chicken Pastry,180,82,77,5,Tuesday,6,Southwest Monsoon,False,24.5,0.9,53,Drizzle,False,,False,False
2024-06-04,Chicken Samosa,90,61,59,2,Tuesday,6,Southwest Monsoon,False,24.5,0.9,53,Drizzle,False,,False,False
2024-06-04,Cream Bun,120,56,51,5,Tuesday,6,Southwest Monsoon,False,24.5,0.9,53,Drizzle,False,,False,False
2024-06-04,Egg Roll,100,61,56,5,Tuesday,6,Southwest Monsoon,False,24.5,0.9,53,Drizzle,False,,False,False
2024-06-04,Fish Bun,120,82,73,9,Tuesday,6,Southwest Monsoon,False,24.5,0.9,53,Drizzle,False,,False,False
2024-06-04,Fish Patty,110,48,46,2,Tuesday,6,Southwest Monsoon,False,24.5,0.9,53,Drizzle,False,,False,False
2024-06-04,Mini Pizza,220,42,39,3,Tuesday,6,Southwest Monsoon,False,24.5,0.9,53,Drizzle,False,,False,False
2024-06-04,Sausage Bun,140,63,57,6,Tuesday,6,Southwest Monsoon,False,24.5,0.9,53,Drizzle,False,,False,False
2024-06-04,Vegetable Roti,100,61,56,5,Tuesday,6,Southwest Monsoon,False,24.5,0.9,53,Drizzle,False,,False,False
2024-06-05,Chicken Bun,130,68,64,4,Wednesday,6,Southwest Monsoon,False,24.6,0.5,51,Drizzle,False,,False,False
2024-06-05,Chicken Pastry,180,95,87,8,Wednesday,6,Southwest Monsoon,False,24.6,0.5,51,Drizzle,False,,False,False
2024-06-05,Chicken Samosa,90,76,66,10,Wednesday,6,Southwest Monsoon,False,24.6,0.5,51,Drizzle,False,,False,False
2024-06-05,Cream Bun,120,49,46,3,Wednesday,6,Southwest Monsoon,False,24.6,0.5,51,Drizzle,False,,False,False
2024-06-05,Egg Roll,100,64,58,6,Wednesday,6,Southwest Monsoon,False,24.6,0.5,51,Drizzle,False,,False,False
2024-06-05,Fish Bun,120,80,73,7,Wednesday,6,Southwest Monsoon,False,24.6,0.5,51,Drizzle,False,,False,False
2024-06-05,Fish Patty,110,54,49,5,Wednesday,6,Southwest Monsoon,False,24.6,0.5,51,Drizzle,False,,False,False
2024-06-05,Mini Pizza,220,51,46,5,Wednesday,6,Southwest Monsoon,False,24.6,0.5,51,Drizzle,False,,False,False
2024-06-05,Sausage Bun,140,56,54,2,Wednesday,6,Southwest Monsoon,False,24.6,0.5,51,Drizzle,False,,False,False
2024-06-05,Vegetable Roti,100,58,53,5,Wednesday,6,Southwest Monsoon,False,24.6,0.5,51,Drizzle,False,,False,False
2024-06-06,Chicken Bun,130,59,56,3,Thursday,6,Southwest Monsoon,False,24.4,4.3,61,Rain,False,,False,False
2024-06-06,Chicken Pastry,180,85,72,13,Thursday,6,Southwest Monsoon,False,24.4,4.3,61,Rain,False,,False,False
2024-06-06,Chicken Samosa,90,56,53,3,Thursday,6,Southwest Monsoon,False,24.4,4.3,61,Rain,False,,False,False
2024-06-06,Cream Bun,120,42,39,3,Thursday,6,Southwest Monsoon,False,24.4,4.3,61,Rain,False,,False,False
2024-06-06,Egg Roll,100,55,50,5,Thursday,6,Southwest Monsoon,False,24.4,4.3,61,Rain,False,,False,False
2024-06-06,Fish Bun,120,69,63,6,Thursday,6,Southwest Monsoon,False,24.4,4.3,61,Rain,False,,False,False
2024-06-06,Fish Patty,110,58,53,5,Thursday,6,Southwest Monsoon,False,24.4,4.3,61,Rain,False,,False,False
2024-06-06,Mini Pizza,220,41,38,3,Thursday,6,Southwest Monsoon,False,24.4,4.3,61,Rain,False,,False,False
2024-06-06,Sausage Bun,140,49,47,2,Thursday,6,Southwest Monsoon,False,24.4,4.3,61,Rain,False,,False,False
2024-06-06,Vegetable Roti,100,57,53,4,Thursday,6,Southwest Monsoon,False,24.4,4.3,61,Rain,False,,False,False
2024-06-07,Chicken Bun,130,72,65,7,Friday,6,Southwest Monsoon,False,24.6,0.8,53,Drizzle,False,,False,False
2024-06-07,Chicken Pastry,180,91,83,8,Friday,6,Southwest Monsoon,False,24.6,0.8,53,Drizzle,False,,False,False
2024-06-07,Chicken Samosa,90,72,66,6,Friday,6,Southwest Monsoon,False,24.6,0.8,53,Drizzle,False,,False,False
2024-06-07,Cream Bun,120,53,49,4,Friday,6,Southwest Monsoon,False,24.6,0.8,53,Drizzle,False,,False,False
2024-06-07,Egg Roll,100,59,54,5,Friday,6,Southwest Monsoon,False,24.6,0.8,53,Drizzle,False,,False,False
2024-06-07,Fish Bun,120,79,72,7,Friday,6,Southwest Monsoon,False,24.6,0.8,53,Drizzle,False,,False,False
2024-06-07,Fish Patty,110,50,48,2,Friday,6,Southwest Monsoon,False,24.6,0.8,53,Drizzle,False,,False,False
2024-06-07,Mini Pizza,220,48,44,4,Friday,6,Southwest Monsoon,False,24.6,0.8,53,Drizzle,False,,False,False
2024-06-07,Sausage Bun,140,60,59,1,Friday,6,Southwest Monsoon,False,24.6,0.8,53,Drizzle,False,,False,False
2024-06-07,Vegetable Roti,100,53,50,3,Friday,6,Southwest Monsoon,False,24.6,0.8,53,Drizzle,False,,False,False
2024-06-08,Chicken Bun,130,64,61,3,Saturday,6,Southwest Monsoon,True,24.5,0.0,3,Cloudy,False,,False,False
2024-06-08,Chicken Pastry,180,91,89,2,Saturday,6,Southwest Monsoon,True,24.5,0.0,3,Cloudy,False,,False,False
2024-06-08,Chicken Samosa,90,80,75,5,Saturday,6,Southwest Monsoon,True,24.5,0.0,3,Cloudy,False,,False,False
2024-06-08,Cream Bun,120,56,54,2,Saturday,6,Southwest Monsoon,True,24.5,0.0,3,Cloudy,False,,False,False
2024-06-08,Egg Roll,100,68,66,2,Saturday,6,Southwest Monsoon,True,24.5,0.0,3,Cloudy,False,,False,False
2024-06-08,Fish Bun,120,80,73,7,Saturday,6,Southwest Monsoon,True,24.5,0.0,3,Cloudy,False,,False,False
2024-06-08,Fish Patty,110,57,55,2,Saturday,6,Southwest Monsoon,True,24.5,0.0,3,Cloudy,False,,False,False
2024-06-08,Mini Pizza,220,50,47,3,Saturday,6,Southwest Monsoon,True,24.5,0.0,3,Cloudy,False,,False,False
2024-06-08,Sausage Bun,140,69,62,7,Saturday,6,Southwest Monsoon,True,24.5,0.0,3,Cloudy,False,,False,False
2024-06-08,Vegetable Roti,100,57,54,3,Saturday,6,Southwest Monsoon,True,24.5,0.0,3,Cloudy,False,,False,False
2024-06-09,Chicken Bun,130,71,66,5,Sunday,6,Southwest Monsoon,True,24.4,1.2,51,Drizzle,False,,False,False
2024-06-09,Chicken Pastry,180,99,88,11,Sunday,6,Southwest Monsoon,True,24.4,1.2,51,Drizzle,False,,False,False
2024-06-09,Chicken Samosa,90,89,80,9,Sunday,6,Southwest Monsoon,True,24.4,1.2,51,Drizzle,False,,False,False
2024-06-09,Cream Bun,120,55,53,2,Sunday,6,Southwest Monsoon,True,24.4,1.2,51,Drizzle,False,,False,False
2024-06-09,Egg Roll,100,67,63,4,Sunday,6,Southwest Monsoon,True,24.4,1.2,51,Drizzle,False,,False,False
2024-06-09,Fish Bun,120,82,73,9,Sunday,6,Southwest Monsoon,True,24.4,1.2,51,Drizzle,False,,False,False
2024-06-09,Fish Patty,110,63,59,4,Sunday,6,Southwest Monsoon,True,24.4,1.2,51,Drizzle,False,,False,False
2024-06-09,Mini Pizza,220,48,43,5,Sunday,6,Southwest Monsoon,True,24.4,1.2,51,Drizzle,False,,False,False
2024-06-09,Sausage Bun,140,71,65,6,Sunday,6,Southwest Monsoon,True,24.4,1.2,51,Drizzle,False,,False,False
2024-06-09,Vegetable Roti,100,64,59,5,Sunday,6,Southwest Monsoon,True,24.4,1.2,51,Drizzle,False,,False,False
2024-06-10,Chicken Bun,130,65,57,8,Monday,6,Southwest Monsoon,False,24.6,1.8,51,Drizzle,False,,False,False
2024-06-10,Chicken Pastry,180,96,89,7,Monday,6,Southwest Monsoon,False,24.6,1.8,51,Drizzle,False,,False,False
2024-06-10,Chicken Samosa,90,69,66,3,Monday,6,Southwest Monsoon,False,24.6,1.8,51,Drizzle,False,,False,False
2024-06-10,Cream Bun,120,44,40,4,Monday,6,Southwest Monsoon,False,24.6,1.8,51,Drizzle,False,,False,False
2024-06-10,Egg Roll,100,59,56,3,Monday,6,Southwest Monsoon,False,24.6,1.8,51,Drizzle,False,,False,False
2024-06-10,Fish Bun,120,60,59,1,Monday,6,Southwest Monsoon,False,24.6,1.8,51,Drizzle,False,,False,False
2024-06-10,Fish Patty,110,54,52,2,Monday,6,Southwest Monsoon,False,24.6,1.8,51,Drizzle,False,,False,False
2024-06-10,Mini Pizza,220,45,41,4,Monday,6,Southwest Monsoon,False,24.6,1.8,51,Drizzle,False,,False,False
2024-06-10,Sausage Bun,140,57,52,5,Monday,6,Southwest Monsoon,False,24.6,1.8,51,Drizzle,False,,False,False
2024-06-10,Vegetable Roti,100,53,49,4,Monday,6,Southwest Monsoon,False,24.6,1.8,51,Drizzle,False,,False,False
2024-06-11,Chicken Bun,130,71,66,5,Tuesday,6,Southwest Monsoon,False,24.7,0.8,51,Drizzle,False,,False,False
2024-06-11,Chicken Pastry,180,95,90,5,Tuesday,6,Southwest Monsoon,False,24.7,0.8,51,Drizzle,False,,False,False
2024-06-11,Chicken Samosa,90,63,59,4,Tuesday,6,Southwest Monsoon,False,24.7,0.8,51,Drizzle,False,,False,False
2024-06-11,Cream Bun,120,45,40,5,Tuesday,6,Southwest Monsoon,False,24.7,0.8,51,Drizzle,False,,False,False
2024-06-11,Egg Roll,100,64,59,5,Tuesday,6,Southwest Monsoon,False,24.7,0.8,51,Drizzle,False,,False,False
2024-06-11,Fish Bun,120,76,70,6,Tuesday,6,Southwest Monsoon,False,24.7,0.8,51,Drizzle,False,,False,False
2024-06-11,Fish Patty,110,59,54,5,Tuesday,6,Southwest Monsoon,False,24.7,0.8,51,Drizzle,False,,False,False
2024-06-11,Mini Pizza,220,44,39,5,Tuesday,6,Southwest Monsoon,False,24.7,0.8,51,Drizzle,False,,False,False
2024-06-11,Sausage Bun,140,59,54,5,Tuesday,6,Southwest Monsoon,False,24.7,0.8,51,Drizzle,False,,False,False
2024-06-11,Vegetable Roti,100,52,50,2,Tuesday,6,Southwest Monsoon,False,24.7,0.8,51,Drizzle,False,,False,False
2024-06-12,Chicken Bun,130,69,65,4,Wednesday,6,Southwest Monsoon,False,24.6,1.2,53,Drizzle,False,,False,False
2024-06-12,Chicken Pastry,180,86,83,3,Wednesday,6,Southwest Monsoon,False,24.6,1.2,53,Drizzle,False,,False,False
2024-06-12,Chicken Samosa,90,63,59,4,Wednesday,6,Southwest Monsoon,False,24.6,1.2,53,Drizzle,False,,False,False
2024-06-12,Cream Bun,120,47,44,3,Wednesday,6,Southwest Monsoon,False,24.6,1.2,53,Drizzle,False,,False,False
2024-06-12,Egg Roll,100,59,54,5,Wednesday,6,Southwest Monsoon,False,24.6,1.2,53,Drizzle,False,,False,False
2024-06-12,Fish Bun,120,80,70,10,Wednesday,6,Southwest Monsoon,False,24.6,1.2,53,Drizzle,False,,False,False
2024-06-12,Fish Patty,110,52,49,3,Wednesday,6,Southwest Monsoon,False,24.6,1.2,53,Drizzle,False,,False,False
2024-06-12,Mini Pizza,220,43,43,0,Wednesday,6,Southwest Monsoon,False,24.6,1.2,53,Drizzle,False,,False,False
2024-06-12,Sausage Bun,140,49,47,2,Wednesday,6,Southwest Monsoon,False,24.6,1.2,53,Drizzle,False,,False,False
2024-06-12,Vegetable Roti,100,45,42,3,Wednesday,6,Southwest Monsoon,False,24.6,1.2,53,Drizzle,False,,False,False
2024-06-13,Chicken Bun,130,64,59,5,Thursday,6,Southwest Monsoon,False,24.9,0.9,51,Drizzle,False,,False,False
2024-06-13,Chicken Pastry,180,104,94,10,Thursday,6,Southwest Monsoon,False,24.9,0.9,51,Drizzle,False,,False,False
2024-06-13,Chicken Samosa,90,66,61,5,Thursday,6,Southwest Monsoon,False,24.9,0.9,51,Drizzle,False,,False,False
2024-06-13,Cream Bun,120,47,43,4,Thursday,6,Southwest Monsoon,False,24.9,0.9,51,Drizzle,False,,False,False
2024-06-13,Egg Roll,100,59,53,6,Thursday,6,Southwest Monsoon,False,24.9,0.9,51,Drizzle,False,,False,False
2024-06-13,Fish Bun,120,74,66,8,Thursday,6,Southwest Monsoon,False,24.9,0.9,51,Drizzle,False,,False,False
2024-06-13,Fish Patty,110,51,49,2,Thursday,6,Southwest Monsoon,False,24.9,0.9,51,Drizzle,False,,False,False
2024-06-13,Mini Pizza,220,45,42,3,Thursday,6,Southwest Monsoon,False,24.9,0.9,51,Drizzle,False,,False,False
2024-06-13,Sausage Bun,140,58,53,5,Thursday,6,Southwest Monsoon,False,24.9,0.9,51,Drizzle,False,,False,False
2024-06-13,Vegetable Roti,100,54,48,6,Thursday,6,Southwest Monsoon,False,24.9,0.9,51,Drizzle,False,,False,False
2024-06-14,Chicken Bun,130,65,59,6,Friday,6,Southwest Monsoon,False,24.5,0.1,51,Drizzle,False,,False,False
2024-06-14,Chicken Pastry,180,103,89,14,Friday,6,Southwest Monsoon,False,24.5,0.1,51,Drizzle,False,,False,False
2024-06-14,Chicken Samosa,90,76,69,7,Friday,6,Southwest Monsoon,False,24.5,0.1,51,Drizzle,False,,False,False
2024-06-14,Cream Bun,120,50,46,4,Friday,6,Southwest Monsoon,False,24.5,0.1,51,Drizzle,False,,False,False
2024-06-14,Egg Roll,100,78,71,7,Friday,6,Southwest Monsoon,False,24.5,0.1,51,Drizzle,False,,False,False
2024-06-14,Fish Bun,120,84,75,9,Friday,6,Southwest Monsoon,False,24.5,0.1,51,Drizzle,False,,False,False
2024-06-14,Fish Patty,110,51,48,3,Friday,6,Southwest Monsoon,False,24.5,0.1,51,Drizzle,False,,False,False
2024-06-14,Mini Pizza,220,44,42,2,Friday,6,Southwest Monsoon,False,24.5,0.1,51,Drizzle,False,,False,False
2024-06-14,Sausage Bun,140,68,61,7,Friday,6,Southwest Monsoon,False,24.5,0.1,51,Drizzle,False,,False,False
2024-06-14,Vegetable Roti,100,62,56,6,Friday,6,Southwest Monsoon,False,24.5,0.1,51,Drizzle,False,,False,False
2024-06-15,Chicken Bun,130,71,66,5,Saturday,6,Southwest Monsoon,True,24.3,1.3,51,Drizzle,False,,False,False
2024-06-15,Chicken Pastry,180,87,81,6,Saturday,6,Southwest Monsoon,True,24.3,1.3,51,Drizzle,False,,False,False
2024-06-15,Chicken Samosa,90,64,63,1,Saturday,6,Southwest Monsoon,True,24.3,1.3,51,Drizzle,False,,False,False
2024-06-15,Cream Bun,120,46,43,3,Saturday,6,Southwest Monsoon,True,24.3,1.3,51,Drizzle,False,,False,False
2024-06-15,Egg Roll,100,71,65,6,Saturday,6,Southwest Monsoon,True,24.3,1.3,51,Drizzle,False,,False,False
2024-06-15,Fish Bun,120,84,76,8,Saturday,6,Southwest Monsoon,True,24.3,1.3,51,Drizzle,False,,False,False
2024-06-15,Fish Patty,110,56,52,4,Saturday,6,Southwest Monsoon,True,24.3,1.3,51,Drizzle,False,,False,False
2024-06-15,Mini Pizza,220,52,47,5,Saturday,6,Southwest Monsoon,True,24.3,1.3,51,Drizzle,False,,False,False
2024-06-15,Sausage Bun,140,65,61,4,Saturday,6,Southwest Monsoon,True,24.3,1.3,51,Drizzle,False,,False,False
2024-06-15,Vegetable Roti,100,64,59,5,Saturday,6,Southwest Monsoon,True,24.3,1.3,51,Drizzle,False,,False,False
2024-06-16,Chicken Bun,130,74,68,6,Sunday,6,Southwest Monsoon,True,24.8,0.4,51,Drizzle,False,,True,False
2024-06-16,Chicken Pastry,180,102,92,10,Sunday,6,Southwest Monsoon,True,24.8,0.4,51,Drizzle,False,,True,False
2024-06-16,Chicken Samosa,90,69,64,5,Sunday,6,Southwest Monsoon,True,24.8,0.4,51,Drizzle,False,,True,False
2024-06-16,Cream Bun,120,59,56,3,Sunday,6,Southwest Monsoon,True,24.8,0.4,51,Drizzle,False,,True,False
2024-06-16,Egg Roll,100,59,55,4,Sunday,6,Southwest Monsoon,True,24.8,0.4,51,Drizzle,False,,True,False
2024-06-16,Fish Bun,120,95,86,9,Sunday,6,Southwest Monsoon,True,24.8,0.4,51,Drizzle,False,,True,False
2024-06-16,Fish Patty,110,61,58,3,Sunday,6,Southwest Monsoon,True,24.8,0.4,51,Drizzle,False,,True,False
2024-06-16,Mini Pizza,220,51,48,3,Sunday,6,Southwest Monsoon,True,24.8,0.4,51,Drizzle,False,,True,False
2024-06-16,Sausage Bun,140,60,60,0,Sunday,6,Southwest Monsoon,True,24.8,0.4,51,Drizzle,False,,True,False
2024-06-16,Vegetable Roti,100,63,58,5,Sunday,6,Southwest Monsoon,True,24.8,0.4,51,Drizzle,False,,True,False
2024-06-17,Chicken Bun,130,68,66,2,Monday,6,Southwest Monsoon,False,24.5,1.0,53,Drizzle,True,Eid al-Adha,False,False
2024-06-17,Chicken Pastry,180,93,93,0,Monday,6,Southwest Monsoon,False,24.5,1.0,53,Drizzle,True,Eid al-Adha,False,False
2024-06-17,Chicken Samosa,90,68,64,4,Monday,6,Southwest Monsoon,False,24.5,1.0,53,Drizzle,True,Eid al-Adha,False,False
2024-06-17,Cream Bun,120,49,46,3,Monday,6,Southwest Monsoon,False,24.5,1.0,53,Drizzle,True,Eid al-Adha,False,False
2024-06-17,Egg Roll,100,66,64,2,Monday,6,Southwest Monsoon,False,24.5,1.0,53,Drizzle,True,Eid al-Adha,False,False
2024-06-17,Fish Bun,120,81,77,4,Monday,6,Southwest Monsoon,False,24.5,1.0,53,Drizzle,True,Eid al-Adha,False,False
2024-06-17,Fish Patty,110,62,57,5,Monday,6,Southwest Monsoon,False,24.5,1.0,53,Drizzle,True,Eid al-Adha,False,False
2024-06-17,Mini Pizza,220,54,50,4,Monday,6,Southwest Monsoon,False,24.5,1.0,53,Drizzle,True,Eid al-Adha,False,False
2024-06-17,Sausage Bun,140,65,61,4,Monday,6,Southwest Monsoon,False,24.5,1.0,53,Drizzle,True,Eid al-Adha,False,False
2024-06-17,Vegetable Roti,100,61,57,4,Monday,6,Southwest Monsoon,False,24.5,1.0,53,Drizzle,True,Eid al-Adha,False,False
2024-06-18,Chicken Bun,130,56,55,1,Tuesday,6,Southwest Monsoon,False,24.1,1.1,51,Drizzle,False,,False,True
2024-06-18,Chicken Pastry,180,92,84,8,Tuesday,6,Southwest Monsoon,False,24.1,1.1,51,Drizzle,False,,False,True
2024-06-18,Chicken Samosa,90,57,54,3,Tuesday,6,Southwest Monsoon,False,24.1,1.1,51,Drizzle,False,,False,True
2024-06-18,Cream Bun,120,44,42,2,Tuesday,6,Southwest Monsoon,False,24.1,1.1,51,Drizzle,False,,False,True
2024-06-18,Egg Roll,100,61,56,5,Tuesday,6,Southwest Monsoon,False,24.1,1.1,51,Drizzle,False,,False,True
2024-06-18,Fish Bun,120,82,78,4,Tuesday,6,Southwest Monsoon,False,24.1,1.1,51,Drizzle,False,,False,True
2024-06-18,Fish Patty,110,48,45,3,Tuesday,6,Southwest Monsoon,False,24.1,1.1,51,Drizzle,False,,False,True
2024-06-18,Mini Pizza,220,41,38,3,Tuesday,6,Southwest Monsoon,False,24.1,1.1,51,Drizzle,False,,False,True
2024-06-18,Sausage Bun,140,64,58,6,Tuesday,6,Southwest Monsoon,False,24.1,1.1,51,Drizzle,False,,False,True
2024-06-18,Vegetable Roti,100,56,53,3,Tuesday,6,Southwest Monsoon,False,24.1,1.1,51,Drizzle,False,,False,True
2024-06-19,Chicken Bun,130,50,50,0,Wednesday,6,Southwest Monsoon,False,24.3,1.1,51,Drizzle,False,,False,False
2024-06-19,Chicken Pastry,180,94,85,9,Wednesday,6,Southwest Monsoon,False,24.3,1.1,51,Drizzle,False,,False,False
2024-06-19,Chicken Samosa,90,72,64,8,Wednesday,6,Southwest Monsoon,False,24.3,1.1,51,Drizzle,False,,False,False
2024-06-19,Cream Bun,120,48,45,3,Wednesday,6,Southwest Monsoon,False,24.3,1.1,51,Drizzle,False,,False,False
2024-06-19,Egg Roll,100,52,50,2,Wednesday,6,Southwest Monsoon,False,24.3,1.1,51,Drizzle,False,,False,False
2024-06-19,Fish Bun,120,73,65,8,Wednesday,6,Southwest Monsoon,False,24.3,1.1,51,Drizzle,False,,False,False
2024-06-19,Fish Patty,110,57,53,4,Wednesday,6,Southwest Monsoon,False,24.3,1.1,51,Drizzle,False,,False,False
2024-06-19,Mini Pizza,220,46,41,5,Wednesday,6,Southwest Monsoon,False,24.3,1.1,51,Drizzle,False,,False,False
2024-06-19,Sausage Bun,140,55,51,4,Wednesday,6,Southwest Monsoon,False,24.3,1.1,51,Drizzle,False,,False,False
2024-06-19,Vegetable Roti,100,64,56,8,Wednesday,6,Southwest Monsoon,False,24.3,1.1,51,Drizzle,False,,False,False
2024-06-20,Chicken Bun,130,59,52,7,Thursday,6,Southwest Monsoon,False,24.5,1.4,53,Drizzle,False,,True,False
2024-06-20,Chicken Pastry,180,88,82,6,Thursday,6,Southwest Monsoon,False,24.5,1.4,53,Drizzle,False,,True,False
2024-06-20,Chicken Samosa,90,70,61,9,Thursday,6,Southwest Monsoon,False,24.5,1.4,53,Drizzle,False,,True,False
2024-06-20,Cream Bun,120,47,43,4,Thursday,6,Southwest Monsoon,False,24.5,1.4,53,Drizzle,False,,True,False
2024-06-20,Egg Roll,100,74,68,6,Thursday,6,Southwest Monsoon,False,24.5,1.4,53,Drizzle,False,,True,False
2024-06-20,Fish Bun,120,76,73,3,Thursday,6,Southwest Monsoon,False,24.5,1.4,53,Drizzle,False,,True,False
2024-06-20,Fish Patty,110,63,57,6,Thursday,6,Southwest Monsoon,False,24.5,1.4,53,Drizzle,False,,True,False
2024-06-20,Mini Pizza,220,40,37,3,Thursday,6,Southwest Monsoon,False,24.5,1.4,53,Drizzle,False,,True,False
2024-06-20,Sausage Bun,140,54,49,5,Thursday,6,Southwest Monsoon,False,24.5,1.4,53,Drizzle,False,,True,False
2024-06-20,Vegetable Roti,100,59,54,5,Thursday,6,Southwest Monsoon,False,24.5,1.4,53,Drizzle,False,,True,False
2024-06-21,Chicken Bun,130,55,50,5,Friday,6,Southwest Monsoon,False,24.2,6.4,61,Rain,True,Poson Full Moon Poya Day,False,False
2024-06-21,Chicken Pastry,180,94,87,7,Friday,6,Southwest Monsoon,False,24.2,6.4,61,Rain,True,Poson Full Moon Poya Day,False,False
2024-06-21,Chicken Samosa,90,70,63,7,Friday,6,Southwest Monsoon,False,24.2,6.4,61,Rain,True,Poson Full Moon Poya Day,False,False
2024-06-21,Cream Bun,120,50,45,5,Friday,6,Southwest Monsoon,False,24.2,6.4,61,Rain,True,Poson Full Moon Poya Day,False,False
2024-06-21,Egg Roll,100,62,58,4,Friday,6,Southwest Monsoon,False,24.2,6.4,61,Rain,True,Poson Full Moon Poya Day,False,False
2024-06-21,Fish Bun,120,73,68,5,Friday,6,Southwest Monsoon,False,24.2,6.4,61,Rain,True,Poson Full Moon Poya Day,False,False
2024-06-21,Fish Patty,110,51,47,4,Friday,6,Southwest Monsoon,False,24.2,6.4,61,Rain,True,Poson Full Moon Poya Day,False,False
2024-06-21,Mini Pizza,220,39,37,2,Friday,6,Southwest Monsoon,False,24.2,6.4,61,Rain,True,Poson Full Moon Poya Day,False,False
2024-06-21,Sausage Bun,140,60,57,3,Friday,6,Southwest Monsoon,False,24.2,6.4,61,Rain,True,Poson Full Moon Poya Day,False,False
2024-06-21,Vegetable Roti,100,56,50,6,Friday,6,Southwest Monsoon,False,24.2,6.4,61,Rain,True,Poson Full Moon Poya Day,False,False
2024-06-22,Chicken Bun,130,50,47,3,Saturday,6,Southwest Monsoon,True,23.9,8.0,61,Rain,False,,False,True
2024-06-22,Chicken Pastry,180,72,70,2,Saturday,6,Southwest Monsoon,True,23.9,8.0,61,Rain,False,,False,True
2024-06-22,Chicken Samosa,90,72,67,5,Saturday,6,Southwest Monsoon,True,23.9,8.0,61,Rain,False,,False,True
2024-06-22,Cream Bun,120,46,42,4,Saturday,6,Southwest Monsoon,True,23.9,8.0,61,Rain,False,,False,True
2024-06-22,Egg Roll,100,60,52,8,Saturday,6,Southwest Monsoon,True,23.9,8.0,61,Rain,False,,False,True
2024-06-22,Fish Bun,120,61,59,2,Saturday,6,Southwest Monsoon,True,23.9,8.0,61,Rain,False,,False,True
2024-06-22,Fish Patty,110,57,51,6,Saturday,6,Southwest Monsoon,True,23.9,8.0,61,Rain,False,,False,True
2024-06-22,Mini Pizza,220,33,31,2,Saturday,6,Southwest Monsoon,True,23.9,8.0,61,Rain,False,,False,True
2024-06-22,Sausage Bun,140,47,43,4,Saturday,6,Southwest Monsoon,True,23.9,8.0,61,Rain,False,,False,True
2024-06-22,Vegetable Roti,100,56,55,1,Saturday,6,Southwest Monsoon,True,23.9,8.0,61,Rain,False,,False,True
2024-06-23,Chicken Bun,130,47,45,2,Sunday,6,Southwest Monsoon,True,23.5,9.8,61,Rain,False,,False,False
2024-06-23,Chicken Pastry,180,74,67,7,Sunday,6,Southwest Monsoon,True,23.5,9.8,61,Rain,False,,False,False
2024-06-23,Chicken Samosa,90,65,59,6,Sunday,6,Southwest Monsoon,True,23.5,9.8,61,Rain,False,,False,False
2024-06-23,Cream Bun,120,41,38,3,Sunday,6,Southwest Monsoon,True,23.5,9.8,61,Rain,False,,False,False
2024-06-23,Egg Roll,100,57,51,6,Sunday,6,Southwest Monsoon,True,23.5,9.8,61,Rain,False,,False,False
2024-06-23,Fish Bun,120,75,67,8,Sunday,6,Southwest Monsoon,True,23.5,9.8,61,Rain,False,,False,False
2024-06-23,Fish Patty,110,48,45,3,Sunday,6,Southwest Monsoon,True,23.5,9.8,61,Rain,False,,False,False
2024-06-23,Mini Pizza,220,45,40,5,Sunday,6,Southwest Monsoon,True,23.5,9.8,61,Rain,False,,False,False
2024-06-23,Sausage Bun,140,54,50,4,Sunday,6,Southwest Monsoon,True,23.5,9.8,61,Rain,False,,False,False
2024-06-23,Vegetable Roti,100,56,51,5,Sunday,6,Southwest Monsoon,True,23.5,9.8,61,Rain,False,,False,False
2024-06-24,Chicken Bun,130,55,53,2,Monday,6,Southwest Monsoon,False,24.0,6.4,61,Rain,False,,False,False
2024-06-24,Chicken Pastry,180,74,66,8,Monday,6,Southwest Monsoon,False,24.0,6.4,61,Rain,False,,False,False
2024-06-24,Chicken Samosa,90,64,58,6,Monday,6,Southwest Monsoon,False,24.0,6.4,61,Rain,False,,False,False
2024-06-24,Cream Bun,120,36,32,4,Monday,6,Southwest Monsoon,False,24.0,6.4,61,Rain,False,,False,False
2024-06-24,Egg Roll,100,56,49,7,Monday,6,Southwest Monsoon,False,24.0,6.4,61,Rain,False,,False,False
2024-06-24,Fish Bun,120,66,64,2,Monday,6,Southwest Monsoon,False,24.0,6.4,61,Rain,False,,False,False
2024-06-24,Fish Patty,110,49,47,2,Monday,6,Southwest Monsoon,False,24.0,6.4,61,Rain,False,,False,False
2024-06-24,Mini Pizza,220,34,32,2,Monday,6,Southwest Monsoon,False,24.0,6.4,61,Rain,False,,False,False
2024-06-24,Sausage Bun,140,50,47,3,Monday,6,Southwest Monsoon,False,24.0,6.4,61,Rain,False,,False,False
2024-06-24,Vegetable Roti,100,51,47,4,Monday,6,Southwest Monsoon,False,24.0,6.4,61,Rain,False,,False,False
2024-06-25,Chicken Bun,130,54,50,4,Tuesday,6,Southwest Monsoon,False,23.7,12.4,63,Rain,False,,False,False
2024-06-25,Chicken Pastry,180,64,59,5,Tuesday,6,Southwest Monsoon,False,23.7,12.4,63,Rain,False,,False,False
2024-06-25,Chicken Samosa,90,59,56,3,Tuesday,6,Southwest Monsoon,False,23.7,12.4,63,Rain,False,,False,False
2024-06-25,Cream Bun,120,40,37,3,Tuesday,6,Southwest Monsoon,False,23.7,12.4,63,Rain,False,,False,False
2024-06-25,Egg Roll,100,44,39,5,Tuesday,6,Southwest Monsoon,False,23.7,12.4,63,Rain,False,,False,False
2024-06-25,Fish Bun,120,53,52,1,Tuesday,6,Southwest Monsoon,False,23.7,12.4,63,Rain,False,,False,False
2024-06-25,Fish Patty,110,37,34,3,Tuesday,6,Southwest Monsoon,False,23.7,12.4,63,Rain,False,,False,False
2024-06-25,Mini Pizza,220,35,33,2,Tuesday,6,Southwest Monsoon,False,23.7,12.4,63,Rain,False,,False,False
2024-06-25,Sausage Bun,140,44,43,1,Tuesday,6,Southwest Monsoon,False,23.7,12.4,63,Rain,False,,False,False
2024-06-25,Vegetable Roti,100,44,43,1,Tuesday,6,Southwest Monsoon,False,23.7,12.4,63,Rain,False,,False,False
2024-06-26,Chicken Bun,130,47,45,2,Wednesday,6,Southwest Monsoon,False,23.2,8.7,61,Rain,False,,False,False
2024-06-26,Chicken Pastry,180,69,63,6,Wednesday,6,Southwest Monsoon,False,23.2,8.7,61,Rain,False,,False,False
2024-06-26,Chicken Samosa,90,62,59,3,Wednesday,6,Southwest Monsoon,False,23.2,8.7,61,Rain,False,,False,False
2024-06-26,Cream Bun,120,38,37,1,Wednesday,6,Southwest Monsoon,False,23.2,8.7,61,Rain,False,,False,False
2024-06-26,Egg Roll,100,48,45,3,Wednesday,6,Southwest Monsoon,False,23.2,8.7,61,Rain,False,,False,False
2024-06-26,Fish Bun,120,63,58,5,Wednesday,6,Southwest Monsoon,False,23.2,8.7,61,Rain,False,,False,False
2024-06-26,Fish Patty,110,44,40,4,Wednesday,6,Southwest Monsoon,False,23.2,8.7,61,Rain,False,,False,False
2024-06-26,Mini Pizza,220,34,31,3,Wednesday,6,Southwest Monsoon,False,23.2,8.7,61,Rain,False,,False,False
2024-06-26,Sausage Bun,140,48,45,3,Wednesday,6,Southwest Monsoon,False,23.2,8.7,61,Rain,False,,False,False
2024-06-26,Vegetable Roti,100,57,51,6,Wednesday,6,Southwest Monsoon,False,23.2,8.7,61,Rain,False,,False,False
2024-06-27,Chicken Bun,130,66,60,6,Thursday,6,Southwest Monsoon,False,24.2,2.9,61,Rain,False,,False,False
2024-06-27,Chicken Pastry,180,89,82,7,Thursday,6,Southwest Monsoon,False,24.2,2.9,61,Rain,False,,False,False
2024-06-27,Chicken Samosa,90,66,64,2,Thursday,6,Southwest Monsoon,False,24.2,2.9,61,Rain,False,,False,False
2024-06-27,Cream Bun,120,45,42,3,Thursday,6,Southwest Monsoon,False,24.2,2.9,61,Rain,False,,False,False
2024-06-27,Egg Roll,100,67,59,8,Thursday,6,Southwest Monsoon,False,24.2,2.9,61,Rain,False,,False,False
2024-06-27,Fish Bun,120,64,60,4,Thursday,6,Southwest Monsoon,False,24.2,2.9,61,Rain,False,,False,False
2024-06-27,Fish Patty,110,57,51,6,Thursday,6,Southwest Monsoon,False,24.2,2.9,61,Rain,False,,False,False
2024-06-27,Mini Pizza,220,39,36,3,Thursday,6,Southwest Monsoon,False,24.2,2.9,61,Rain,False,,False,False
2024-06-27,Sausage Bun,140,51,50,1,Thursday,6,Southwest Monsoon,False,24.2,2.9,61,Rain,False,,False,False
2024-06-27,Vegetable Roti,100,56,54,2,Thursday,6,Southwest Monsoon,False,24.2,2.9,61,Rain,False,,False,False
2024-06-28,Chicken Bun,130,69,61,8,Friday,6,Southwest Monsoon,False,24.2,0.6,51,Drizzle,False,,False,False
2024-06-28,Chicken Pastry,180,101,88,13,Friday,6,Southwest Monsoon,False,24.2,0.6,51,Drizzle,False,,False,False
2024-06-28,Chicken Samosa,90,62,55,7,Friday,6,Southwest Monsoon,False,24.2,0.6,51,Drizzle,False,,False,False
2024-06-28,Cream Bun,120,57,52,5,Friday,6,Southwest Monsoon,False,24.2,0.6,51,Drizzle,False,,False,False
2024-06-28,Egg Roll,100,68,59,9,Friday,6,Southwest Monsoon,False,24.2,0.6,51,Drizzle,False,,False,False
2024-06-28,Fish Bun,120,75,70,5,Friday,6,Southwest Monsoon,False,24.2,0.6,51,Drizzle,False,,False,False
2024-06-28,Fish Patty,110,51,48,3,Friday,6,Southwest Monsoon,False,24.2,0.6,51,Drizzle,False,,False,False
2024-06-28,Mini Pizza,220,42,40,2,Friday,6,Southwest Monsoon,False,24.2,0.6,51,Drizzle,False,,False,False
2024-06-28,Sausage Bun,140,63,54,9,Friday,6,Southwest Monsoon,False,24.2,0.6,51,Drizzle,False,,False,False
2024-06-28,Vegetable Roti,100,53,49,4,Friday,6,Southwest Monsoon,False,24.2,0.6,51,Drizzle,False,,False,False
2024-06-29,Chicken Bun,130,75,71,4,Saturday,6,Southwest Monsoon,True,23.8,0.4,51,Drizzle,False,,False,False
2024-06-29,Chicken Pastry,180,119,102,17,Saturday,6,Southwest Monsoon,True,23.8,0.4,51,Drizzle,False,,False,False
2024-06-29,Chicken Samosa,90,76,71,5,Saturday,6,Southwest Monsoon,True,23.8,0.4,51,Drizzle,False,,False,False
2024-06-29,Cream Bun,120,54,51,3,Saturday,6,Southwest Monsoon,True,23.8,0.4,51,Drizzle,False,,False,False
2024-06-29,Egg Roll,100,70,63,7,Saturday,6,Southwest Monsoon,True,23.8,0.4,51,Drizzle,False,,False,False
2024-06-29,Fish Bun,120,78,69,9,Saturday,6,Southwest Monsoon,True,23.8,0.4,51,Drizzle,False,,False,False
2024-06-29,Fish Patty,110,64,59,5,Saturday,6,Southwest Monsoon,True,23.8,0.4,51,Drizzle,False,,False,False
2024-06-29,Mini Pizza,220,58,55,3,Saturday,6,Southwest Monsoon,True,23.8,0.4,51,Drizzle,False,,False,False
2024-06-29,Sausage Bun,140,60,54,6,Saturday,6,Southwest Monsoon,True,23.8,0.4,51,Drizzle,False,,False,False
2024-06-29,Vegetable Roti,100,57,50,7,Saturday,6,Southwest Monsoon,True,23.8,0.4,51,Drizzle,False,,False,False
2024-06-30,Chicken Bun,130,76,68,8,Sunday,6,Southwest Monsoon,True,23.7,1.9,53,Drizzle,False,,False,False
2024-06-30,Chicken Pastry,180,98,93,5,Sunday,6,Southwest Monsoon,True,23.7,1.9,53,Drizzle,False,,False,False
2024-06-30,Chicken Samosa,90,71,69,2,Sunday,6,Southwest Monsoon,True,23.7,1.9,53,Drizzle,False,,False,False
2024-06-30,Cream Bun,120,51,47,4,Sunday,6,Southwest Monsoon,True,23.7,1.9,53,Drizzle,False,,False,False
2024-06-30,Egg Roll,100,69,60,9,Sunday,6,Southwest Monsoon,True,23.7,1.9,53,Drizzle,False,,False,False
2024-06-30,Fish Bun,120,77,69,8,Sunday,6,Southwest Monsoon,True,23.7,1.9,53,Drizzle,False,,False,False
2024-06-30,Fish Patty,110,65,59,6,Sunday,6,Southwest Monsoon,True,23.7,1.9,53,Drizzle,False,,False,False
2024-06-30,Mini Pizza,220,51,45,6,Sunday,6,Southwest Monsoon,True,23.7,1.9,53,Drizzle,False,,False,False
2024-06-30,Sausage Bun,140,61,59,2,Sunday,6,Southwest Monsoon,True,23.7,1.9,53,Drizzle,False,,False,False
2024-06-30,Vegetable Roti,100,59,56,3,Sunday,6,Southwest Monsoon,True,23.7,1.9,53,Drizzle,False,,False,False
2024-07-01,Chicken Bun,130,73,67,6,Monday,7,Southwest Monsoon,False,24.0,1.7,51,Drizzle,False,,False,False
2024-07-01,Chicken Pastry,180,83,73,10,Monday,7,Southwest Monsoon,False,24.0,1.7,51,Drizzle,False,,False,False
2024-07-01,Chicken Samosa,90,64,59,5,Monday,7,Southwest Monsoon,False,24.0,1.7,51,Drizzle,False,,False,False
2024-07-01,Cream Bun,120,52,47,5,Monday,7,Southwest Monsoon,False,24.0,1.7,51,Drizzle,False,,False,False
2024-07-01,Egg Roll,100,58,56,2,Monday,7,Southwest Monsoon,False,24.0,1.7,51,Drizzle,False,,False,False
2024-07-01,Fish Bun,120,73,69,4,Monday,7,Southwest Monsoon,False,24.0,1.7,51,Drizzle,False,,False,False
2024-07-01,Fish Patty,110,61,56,5,Monday,7,Southwest Monsoon,False,24.0,1.7,51,Drizzle,False,,False,False
2024-07-01,Mini Pizza,220,45,39,6,Monday,7,Southwest Monsoon,False,24.0,1.7,51,Drizzle,False,,False,False
2024-07-01,Sausage Bun,140,63,58,5,Monday,7,Southwest Monsoon,False,24.0,1.7,51,Drizzle,False,,False,False
2024-07-01,Vegetable Roti,100,63,59,4,Monday,7,Southwest Monsoon,False,24.0,1.7,51,Drizzle,False,,False,False
2024-07-02,Chicken Bun,130,68,62,6,Tuesday,7,Southwest Monsoon,False,24.7,1.7,51,Drizzle,False,,False,False
2024-07-02,Chicken Pastry,180,90,82,8,Tuesday,7,Southwest Monsoon,False,24.7,1.7,51,Drizzle,False,,False,False
2024-07-02,Chicken Samosa,90,65,60,5,Tuesday,7,Southwest Monsoon,False,24.7,1.7,51,Drizzle,False,,False,False
2024-07-02,Cream Bun,120,47,46,1,Tuesday,7,Southwest Monsoon,False,24.7,1.7,51,Drizzle,False,,False,False
2024-07-02,Egg Roll,100,57,56,1,Tuesday,7,Southwest Monsoon,False,24.7,1.7,51,Drizzle,False,,False,False
2024-07-02,Fish Bun,120,73,67,6,Tuesday,7,Southwest Monsoon,False,24.7,1.7,51,Drizzle,False,,False,False
2024-07-02,Fish Patty,110,48,44,4,Tuesday,7,Southwest Monsoon,False,24.7,1.7,51,Drizzle,False,,False,False
2024-07-02,Mini Pizza,220,40,36,4,Tuesday,7,Southwest Monsoon,False,24.7,1.7,51,Drizzle,False,,False,False
2024-07-02,Sausage Bun,140,56,49,7,Tuesday,7,Southwest Monsoon,False,24.7,1.7,51,Drizzle,False,,False,False
2024-07-02,Vegetable Roti,100,55,53,2,Tuesday,7,Southwest Monsoon,False,24.7,1.7,51,Drizzle,False,,False,False
2024-07-03,Chicken Bun,130,69,64,5,Wednesday,7,Southwest Monsoon,False,24.9,1.3,51,Drizzle,False,,False,False
2024-07-03,Chicken Pastry,180,88,80,8,Wednesday,7,Southwest Monsoon,False,24.9,1.3,51,Drizzle,False,,False,False
2024-07-03,Chicken Samosa,90,61,59,2,Wednesday,7,Southwest Monsoon,False,24.9,1.3,51,Drizzle,False,,False,False
2024-07-03,Cream Bun,120,39,38,1,Wednesday,7,Southwest Monsoon,False,24.9,1.3,51,Drizzle,False,,False,False
2024-07-03,Egg Roll,100,58,53,5,Wednesday,7,Southwest Monsoon,False,24.9,1.3,51,Drizzle,False,,False,False
2024-07-03,Fish Bun,120,75,70,5,Wednesday,7,Southwest Monsoon,False,24.9,1.3,51,Drizzle,False,,False,False
2024-07-03,Fish Patty,110,70,62,8,Wednesday,7,Southwest Monsoon,False,24.9,1.3,51,Drizzle,False,,False,False
2024-07-03,Mini Pizza,220,41,38,3,Wednesday,7,Southwest Monsoon,False,24.9,1.3,51,Drizzle,False,,False,False
2024-07-03,Sausage Bun,140,64,61,3,Wednesday,7,Southwest Monsoon,False,24.9,1.3,51,Drizzle,False,,False,False
2024-07-03,Vegetable Roti,100,54,49,5,Wednesday,7,Southwest Monsoon,False,24.9,1.3,51,Drizzle,False,,False,False
2024-07-04,Chicken Bun,130,63,57,6,Thursday,7,Southwest Monsoon,False,24.3,4.9,61,Rain,False,,False,False
2024-07-04,Chicken Pastry,180,76,72,4,Thursday,7,Southwest Monsoon,False,24.3,4.9,61,Rain,False,,False,False
2024-07-04,Chicken Samosa,90,69,63,6,Thursday,7,Southwest Monsoon,False,24.3,4.9,61,Rain,False,,False,False
2024-07-04,Cream Bun,120,40,37,3,Thursday,7,Southwest Monsoon,False,24.3,4.9,61,Rain,False,,False,False
2024-07-04,Egg Roll,100,58,54,4,Thursday,7,Southwest Monsoon,False,24.3,4.9,61,Rain,False,,False,False
2024-07-04,Fish Bun,120,64,61,3,Thursday,7,Southwest Monsoon,False,24.3,4.9,61,Rain,False,,False,False
2024-07-04,Fish Patty,110,50,47,3,Thursday,7,Southwest Monsoon,False,24.3,4.9,61,Rain,False,,False,False
2024-07-04,Mini Pizza,220,36,33,3,Thursday,7,Southwest Monsoon,False,24.3,4.9,61,Rain,False,,False,False
2024-07-04,Sausage Bun,140,49,47,2,Thursday,7,Southwest Monsoon,False,24.3,4.9,61,Rain,False,,False,False
2024-07-04,Vegetable Roti,100,55,50,5,Thursday,7,Southwest Monsoon,False,24.3,4.9,61,Rain,False,,False,False
2024-07-05,Chicken Bun,130,47,43,4,Friday,7,Southwest Monsoon,False,23.3,9.9,63,Rain,False,,False,False
2024-07-05,Chicken Pastry,180,71,64,7,Friday,7,Southwest Monsoon,False,23.3,9.9,63,Rain,False,,False,False
2024-07-05,Chicken Samosa,90,56,53,3,Friday,7,Southwest Monsoon,False,23.3,9.9,63,Rain,False,,False,False
2024-07-05,Cream Bun,120,45,42,3,Friday,7,Southwest Monsoon,False,23.3,9.9,63,Rain,False,,False,False
2024-07-05,Egg Roll,100,50,44,6,Friday,7,Southwest Monsoon,False,23.3,9.9,63,Rain,False,,False,False
2024-07-05,Fish Bun,120,69,62,7,Friday,7,Southwest Monsoon,False,23.3,9.9,63,Rain,False,,False,False
2024-07-05,Fish Patty,110,47,43,4,Friday,7,Southwest Monsoon,False,23.3,9.9,63,Rain,False,,False,False
2024-07-05,Mini Pizza,220,35,31,4,Friday,7,Southwest Monsoon,False,23.3,9.9,63,Rain,False,,False,False
2024-07-05,Sausage Bun,140,45,42,3,Friday,7,Southwest Monsoon,False,23.3,9.9,63,Rain,False,,False,False
2024-07-05,Vegetable Roti,100,51,46,5,Friday,7,Southwest Monsoon,False,23.3,9.9,63,Rain,False,,False,False
2024-07-06,Chicken Bun,130,69,65,4,Saturday,7,Southwest Monsoon,True,24.1,1.7,53,Drizzle,False,,False,False
2024-07-06,Chicken Pastry,180,86,82,4,Saturday,7,Southwest Monsoon,True,24.1,1.7,53,Drizzle,False,,False,False
2024-07-06,Chicken Samosa,90,73,72,1,Saturday,7,Southwest Monsoon,True,24.1,1.7,53,Drizzle,False,,False,False
2024-07-06,Cream Bun,120,55,50,5,Saturday,7,Southwest Monsoon,True,24.1,1.7,53,Drizzle,False,,False,False
2024-07-06,Egg Roll,100,79,74,5,Saturday,7,Southwest Monsoon,True,24.1,1.7,53,Drizzle,False,,False,False
2024-07-06,Fish Bun,120,73,66,7,Saturday,7,Southwest Monsoon,True,24.1,1.7,53,Drizzle,False,,False,False
2024-07-06,Fish Patty,110,59,52,7,Saturday,7,Southwest Monsoon,True,24.1,1.7,53,Drizzle,False,,False,False
2024-07-06,Mini Pizza,220,49,47,2,Saturday,7,Southwest Monsoon,True,24.1,1.7,53,Drizzle,False,,False,False
2024-07-06,Sausage Bun,140,64,60,4,Saturday,7,Southwest Monsoon,True,24.1,1.7,53,Drizzle,False,,False,False
2024-07-06,Vegetable Roti,100,56,50,6,Saturday,7,Southwest Monsoon,True,24.1,1.7,53,Drizzle,False,,False,False
2024-07-07,Chicken Bun,130,64,62,2,Sunday,7,Southwest Monsoon,True,24.4,2.8,55,Drizzle,False,,False,False
2024-07-07,Chicken Pastry,180,95,86,9,Sunday,7,Southwest Monsoon,True,24.4,2.8,55,Drizzle,False,,False,False
2024-07-07,Chicken Samosa,90,69,68,1,Sunday,7,Southwest Monsoon,True,24.4,2.8,55,Drizzle,False,,False,False
2024-07-07,Cream Bun,120,54,49,5,Sunday,7,Southwest Monsoon,True,24.4,2.8,55,Drizzle,False,,False,False
2024-07-07,Egg Roll,100,66,59,7,Sunday,7,Southwest Monsoon,True,24.4,2.8,55,Drizzle,False,,False,False
2024-07-07,Fish Bun,120,84,76,8,Sunday,7,Southwest Monsoon,True,24.4,2.8,55,Drizzle,False,,False,False
2024-07-07,Fish Patty,110,64,58,6,Sunday,7,Southwest Monsoon,True,24.4,2.8,55,Drizzle,False,,False,False
2024-07-07,Mini Pizza,220,45,41,4,Sunday,7,Southwest Monsoon,True,24.4,2.8,55,Drizzle,False,,False,False
2024-07-07,Sausage Bun,140,66,63,3,Sunday,7,Southwest Monsoon,True,24.4,2.8,55,Drizzle,False,,False,False
2024-07-07,Vegetable Roti,100,66,60,6,Sunday,7,Southwest Monsoon,True,24.4,2.8,55,Drizzle,False,,False,False
2024-07-08,Chicken Bun,130,59,52,7,Monday,7,Southwest Monsoon,False,23.8,5.4,55,Drizzle,False,,False,False
2024-07-08,Chicken Pastry,180,74,73,1,Monday,7,Southwest Monsoon,False,23.8,5.4,55,Drizzle,False,,False,False
2024-07-08,Chicken Samosa,90,69,64,5,Monday,7,Southwest Monsoon,False,23.8,5.4,55,Drizzle,False,,False,False
2024-07-08,Cream Bun,120,39,35,4,Monday,7,Southwest Monsoon,False,23.8,5.4,55,Drizzle,False,,False,False
2024-07-08,Egg Roll,100,60,58,2,Monday,7,Southwest Monsoon,False,23.8,5.4,55,Drizzle,False,,False,False
2024-07-08,Fish Bun,120,67,59,8,Monday,7,Southwest Monsoon,False,23.8,5.4,55,Drizzle,False,,False,False
2024-07-08,Fish Patty,110,56,53,3,Monday,7,Southwest Monsoon,False,23.8,5.4,55,Drizzle,False,,False,False
2024-07-08,Mini Pizza,220,29,28,1,Monday,7,Southwest Monsoon,False,23.8,5.4,55,Drizzle,False,,False,False
2024-07-08,Sausage Bun,140,47,44,3,Monday,7,Southwest Monsoon,False,23.8,5.4,55,Drizzle,False,,False,False
2024-07-08,Vegetable Roti,100,53,49,4,Monday,7,Southwest Monsoon,False,23.8,5.4,55,Drizzle,False,,False,False
2024-07-09,Chicken Bun,130,66,62,4,Tuesday,7,Southwest Monsoon,False,24.3,1.5,53,Drizzle,False,,False,False
2024-07-09,Chicken Pastry,180,85,81,4,Tuesday,7,Southwest Monsoon,False,24.3,1.5,53,Drizzle,False,,False,False
2024-07-09,Chicken Samosa,90,76,71,5,Tuesday,7,Southwest Monsoon,False,24.3,1.5,53,Drizzle,False,,False,False
2024-07-09,Cream Bun,120,46,43,3,Tuesday,7,Southwest Monsoon,False,24.3,1.5,53,Drizzle,False,,False,False
2024-07-09,Egg Roll,100,61,61,0,Tuesday,7,Southwest Monsoon,False,24.3,1.5,53,Drizzle,False,,False,False
2024-07-09,Fish Bun,120,74,68,6,Tuesday,7,Southwest Monsoon,False,24.3,1.5,53,Drizzle,False,,False,False
2024-07-09,Fish Patty,110,56,51,5,Tuesday,7,Southwest Monsoon,False,24.3,1.5,53,Drizzle,False,,False,False
2024-07-09,Mini Pizza,220,43,40,3,Tuesday,7,Southwest Monsoon,False,24.3,1.5,53,Drizzle,False,,False,False
2024-07-09,Sausage Bun,140,63,60,3,Tuesday,7,Southwest Monsoon,False,24.3,1.5,53,Drizzle,False,,False,False
2024-07-09,Vegetable Roti,100,54,50,4,Tuesday,7,Southwest Monsoon,False,24.3,1.5,53,Drizzle,False,,False,False
2024-07-10,Chicken Bun,130,67,58,9,Wednesday,7,Southwest Monsoon,False,24.1,0.5,51,Drizzle,False,,False,False
2024-07-10,Chicken Pastry,180,104,93,11,Wednesday,7,Southwest Monsoon,False,24.1,0.5,51,Drizzle,False,,False,False
2024-07-10,Chicken Samosa,90,68,63,5,Wednesday,7,Southwest Monsoon,False,24.1,0.5,51,Drizzle,False,,False,False
2024-07-10,Cream Bun,120,48,46,2,Wednesday,7,Southwest Monsoon,False,24.1,0.5,51,Drizzle,False,,False,False
2024-07-10,Egg Roll,100,61,57,4,Wednesday,7,Southwest Monsoon,False,24.1,0.5,51,Drizzle,False,,False,False
2024-07-10,Fish Bun,120,76,71,5,Wednesday,7,Southwest Monsoon,False,24.1,0.5,51,Drizzle,False,,False,False
2024-07-10,Fish Patty,110,56,54,2,Wednesday,7,Southwest Monsoon,False,24.1,0.5,51,Drizzle,False,,False,False
2024-07-10,Mini Pizza,220,47,44,3,Wednesday,7,Southwest Monsoon,False,24.1,0.5,51,Drizzle,False,,False,False
2024-07-10,Sausage Bun,140,70,64,6,Wednesday,7,Southwest Monsoon,False,24.1,0.5,51,Drizzle,False,,False,False
2024-07-10,Vegetable Roti,100,63,58,5,Wednesday,7,Southwest Monsoon,False,24.1,0.5,51,Drizzle,False,,False,False
2024-07-11,Chicken Bun,130,65,62,3,Thursday,7,Southwest Monsoon,False,24.6,1.9,53,Drizzle,False,,False,False
2024-07-11,Chicken Pastry,180,79,73,6,Thursday,7,Southwest Monsoon,False,24.6,1.9,53,Drizzle,False,,False,False
2024-07-11,Chicken Samosa,90,67,61,6,Thursday,7,Southwest Monsoon,False,24.6,1.9,53,Drizzle,False,,False,False
2024-07-11,Cream Bun,120,42,39,3,Thursday,7,Southwest Monsoon,False,24.6,1.9,53,Drizzle,False,,False,False
2024-07-11,Egg Roll,100,57,57,0,Thursday,7,Southwest Monsoon,False,24.6,1.9,53,Drizzle,False,,False,False
2024-07-11,Fish Bun,120,80,70,10,Thursday,7,Southwest Monsoon,False,24.6,1.9,53,Drizzle,False,,False,False
2024-07-11,Fish Patty,110,57,54,3,Thursday,7,Southwest Monsoon,False,24.6,1.9,53,Drizzle,False,,False,False
2024-07-11,Mini Pizza,220,38,35,3,Thursday,7,Southwest Monsoon,False,24.6,1.9,53,Drizzle,False,,False,False
2024-07-11,Sausage Bun,140,56,55,1,Thursday,7,Southwest Monsoon,False,24.6,1.9,53,Drizzle,False,,False,False
2024-07-11,Vegetable Roti,100,62,53,9,Thursday,7,Southwest Monsoon,False,24.6,1.9,53,Drizzle,False,,False,False
2024-07-12,Chicken Bun,130,62,59,3,Friday,7,Southwest Monsoon,False,24.4,2.2,53,Drizzle,False,,False,False
2024-07-12,Chicken Pastry,180,82,74,8,Friday,7,Southwest Monsoon,False,24.4,2.2,53,Drizzle,False,,False,False
2024-07-12,Chicken Samosa,90,62,57,5,Friday,7,Southwest Monsoon,False,24.4,2.2,53,Drizzle,False,,False,False
2024-07-12,Cream Bun,120,44,42,2,Friday,7,Southwest Monsoon,False,24.4,2.2,53,Drizzle,False,,False,False
2024-07-12,Egg Roll,100,51,49,2,Friday,7,Southwest Monsoon,False,24.4,2.2,53,Drizzle,False,,False,False
2024-07-12,Fish Bun,120,71,62,9,Friday,7,Southwest Monsoon,False,24.4,2.2,53,Drizzle,False,,False,False
2024-07-12,Fish Patty,110,57,52,5,Friday,7,Southwest Monsoon,False,24.4,2.2,53,Drizzle,False,,False,False
2024-07-12,Mini Pizza,220,38,35,3,Friday,7,Southwest Monsoon,False,24.4,2.2,53,Drizzle,False,,False,False
2024-07-12,Sausage Bun,140,54,49,5,Friday,7,Southwest Monsoon,False,24.4,2.2,53,Drizzle,False,,False,False
2024-07-12,Vegetable Roti,100,63,55,8,Friday,7,Southwest Monsoon,False,24.4,2.2,53,Drizzle,False,,False,False
2024-07-13,Chicken Bun,130,47,46,1,Saturday,7,Southwest Monsoon,True,23.4,14.9,63,Rain,False,,False,False
2024-07-13,Chicken Pastry,180,78,69,9,Saturday,7,Southwest Monsoon,True,23.4,14.9,63,Rain,False,,False,False
2024-07-13,Chicken Samosa,90,58,53,5,Saturday,7,Southwest Monsoon,True,23.4,14.9,63,Rain,False,,False,False
2024-07-13,Cream Bun,120,34,33,1,Saturday,7,Southwest Monsoon,True,23.4,14.9,63,Rain,False,,False,False
2024-07-13,Egg Roll,100,48,44,4,Saturday,7,Southwest Monsoon,True,23.4,14.9,63,Rain,False,,False,False
2024-07-13,Fish Bun,120,65,58,7,Saturday,7,Southwest Monsoon,True,23.4,14.9,63,Rain,False,,False,False
2024-07-13,Fish Patty,110,43,41,2,Saturday,7,Southwest Monsoon,True,23.4,14.9,63,Rain,False,,False,False
2024-07-13,Mini Pizza,220,39,34,5,Saturday,7,Southwest Monsoon,True,23.4,14.9,63,Rain,False,,False,False
2024-07-13,Sausage Bun,140,50,49,1,Saturday,7,Southwest Monsoon,True,23.4,14.9,63,Rain,False,,False,False
2024-07-13,Vegetable Roti,100,43,40,3,Saturday,7,Southwest Monsoon,True,23.4,14.9,63,Rain,False,,False,False
2024-07-14,Chicken Bun,130,82,70,12,Sunday,7,Southwest Monsoon,True,24.5,3.1,53,Drizzle,False,,False,False
2024-07-14,Chicken Pastry,180,101,92,9,Sunday,7,Southwest Monsoon,True,24.5,3.1,53,Drizzle,False,,False,False
2024-07-14,Chicken Samosa,90,75,69,6,Sunday,7,Southwest Monsoon,True,24.5,3.1,53,Drizzle,False,,False,False
2024-07-14,Cream Bun,120,47,45,2,Sunday,7,Southwest Monsoon,True,24.5,3.1,53,Drizzle,False,,False,False
2024-07-14,Egg Roll,100,61,52,9,Sunday,7,Southwest Monsoon,True,24.5,3.1,53,Drizzle,False,,False,False
2024-07-14,Fish Bun,120,70,65,5,Sunday,7,Southwest Monsoon,True,24.5,3.1,53,Drizzle,False,,False,False
2024-07-14,Fish Patty,110,50,49,1,Sunday,7,Southwest Monsoon,True,24.5,3.1,53,Drizzle,False,,False,False
2024-07-14,Mini Pizza,220,44,42,2,Sunday,7,Southwest Monsoon,True,24.5,3.1,53,Drizzle,False,,False,False
2024-07-14,Sausage Bun,140,51,48,3,Sunday,7,Southwest Monsoon,True,24.5,3.1,53,Drizzle,False,,False,False
2024-07-14,Vegetable Roti,100,51,49,2,Sunday,7,Southwest Monsoon,True,24.5,3.1,53,Drizzle,False,,False,False
2024-07-15,Chicken Bun,130,46,42,4,Monday,7,Southwest Monsoon,False,23.8,16.1,63,Rain,False,,False,False
2024-07-15,Chicken Pastry,180,69,65,4,Monday,7,Southwest Monsoon,False,23.8,16.1,63,Rain,False,,False,False
2024-07-15,Chicken Samosa,90,57,50,7,Monday,7,Southwest Monsoon,False,23.8,16.1,63,Rain,False,,False,False
2024-07-15,Cream Bun,120,40,36,4,Monday,7,Southwest Monsoon,False,23.8,16.1,63,Rain,False,,False,False
2024-07-15,Egg Roll,100,48,43,5,Monday,7,Southwest Monsoon,False,23.8,16.1,63,Rain,False,,False,False
2024-07-15,Fish Bun,120,52,47,5,Monday,7,Southwest Monsoon,False,23.8,16.1,63,Rain,False,,False,False
2024-07-15,Fish Patty,110,36,34,2,Monday,7,Southwest Monsoon,False,23.8,16.1,63,Rain,False,,False,False
2024-07-15,Mini Pizza,220,38,35,3,Monday,7,Southwest Monsoon,False,23.8,16.1,63,Rain,False,,False,False
2024-07-15,Sausage Bun,140,47,43,4,Monday,7,Southwest Monsoon,False,23.8,16.1,63,Rain,False,,False,False
2024-07-15,Vegetable Roti,100,43,42,1,Monday,7,Southwest Monsoon,False,23.8,16.1,63,Rain,False,,False,False
2024-07-16,Chicken Bun,130,57,49,8,Tuesday,7,Southwest Monsoon,False,24.0,6.3,61,Rain,False,,False,False
2024-07-16,Chicken Pastry,180,74,69,5,Tuesday,7,Southwest Monsoon,False,24.0,6.3,61,Rain,False,,False,False
2024-07-16,Chicken Samosa,90,59,56,3,Tuesday,7,Southwest Monsoon,False,24.0,6.3,61,Rain,False,,False,False
2024-07-16,Cream Bun,120,36,34,2,Tuesday,7,Southwest Monsoon,False,24.0,6.3,61,Rain,False,,False,False
2024-07-16,Egg Roll,100,59,55,4,Tuesday,7,Southwest Monsoon,False,24.0,6.3,61,Rain,False,,False,False
2024-07-16,Fish Bun,120,65,59,6,Tuesday,7,Southwest Monsoon,False,24.0,6.3,61,Rain,False,,False,False
2024-07-16,Fish Patty,110,50,46,4,Tuesday,7,Southwest Monsoon,False,24.0,6.3,61,Rain,False,,False,False
2024-07-16,Mini Pizza,220,33,30,3,Tuesday,7,Southwest Monsoon,False,24.0,6.3,61,Rain,False,,False,False
2024-07-16,Sausage Bun,140,47,47,0,Tuesday,7,Southwest Monsoon,False,24.0,6.3,61,Rain,False,,False,False
2024-07-16,Vegetable Roti,100,55,54,1,Tuesday,7,Southwest Monsoon,False,24.0,6.3,61,Rain,False,,False,False
2024-07-17,Chicken Bun,130,47,43,4,Wednesday,7,Southwest Monsoon,False,23.7,8.2,63,Rain,False,,False,False
2024-07-17,Chicken Pastry,180,79,70,9,Wednesday,7,Southwest Monsoon,False,23.7,8.2,63,Rain,False,,False,False
2024-07-17,Chicken Samosa,90,68,61,7,Wednesday,7,Southwest Monsoon,False,23.7,8.2,63,Rain,False,,False,False
2024-07-17,Cream Bun,120,40,35,5,Wednesday,7,Southwest Monsoon,False,23.7,8.2,63,Rain,False,,False,False
2024-07-17,Egg Roll,100,48,46,2,Wednesday,7,Southwest Monsoon,False,23.7,8.2,63,Rain,False,,False,False
2024-07-17,Fish Bun,120,66,62,4,Wednesday,7,Southwest Monsoon,False,23.7,8.2,63,Rain,False,,False,False
2024-07-17,Fish Patty,110,44,42,2,Wednesday,7,Southwest Monsoon,False,23.7,8.2,63,Rain,False,,False,False
2024-07-17,Mini Pizza,220,34,32,2,Wednesday,7,Southwest Monsoon,False,23.7,8.2,63,Rain,False,,False,False
2024-07-17,Sausage Bun,140,46,42,4,Wednesday,7,Southwest Monsoon,False,23.7,8.2,63,Rain,False,,False,False
2024-07-17,Vegetable Roti,100,46,44,2,Wednesday,7,Southwest Monsoon,False,23.7,8.2,63,Rain,False,,False,False
2024-07-18,Chicken Bun,130,49,47,2,Thursday,7,Southwest Monsoon,False,23.7,16.4,63,Rain,False,,False,False
2024-07-18,Chicken Pastry,180,70,65,5,Thursday,7,Southwest Monsoon,False,23.7,16.4,63,Rain,False,,False,False
2024-07-18,Chicken Samosa,90,49,47,2,Thursday,7,Southwest Monsoon,False,23.7,16.4,63,Rain,False,,False,False
2024-07-18,Cream Bun,120,36,34,2,Thursday,7,Southwest Monsoon,False,23.7,16.4,63,Rain,False,,False,False
2024-07-18,Egg Roll,100,42,40,2,Thursday,7,Southwest Monsoon,False,23.7,16.4,63,Rain,False,,False,False
2024-07-18,Fish Bun,120,52,50,2,Thursday,7,Southwest Monsoon,False,23.7,16.4,63,Rain,False,,False,False
2024-07-18,Fish Patty,110,44,42,2,Thursday,7,Southwest Monsoon,False,23.7,16.4,63,Rain,False,,False,False
2024-07-18,Mini Pizza,220,36,34,2,Thursday,7,Southwest Monsoon,False,23.7,16.4,63,Rain,False,,False,False
2024-07-18,Sausage Bun,140,46,44,2,Thursday,7,Southwest Monsoon,False,23.7,16.4,63,Rain,False,,False,False
2024-07-18,Vegetable Roti,100,39,36,3,Thursday,7,Southwest Monsoon,False,23.7,16.4,63,Rain,False,,False,False
2024-07-19,Chicken Bun,130,66,61,5,Friday,7,Southwest Monsoon,False,24.6,2.3,53,Drizzle,False,,True,False
2024-07-19,Chicken Pastry,180,91,82,9,Friday,7,Southwest Monsoon,False,24.6,2.3,53,Drizzle,False,,True,False
2024-07-19,Chicken Samosa,90,66,61,5,Friday,7,Southwest Monsoon,False,24.6,2.3,53,Drizzle,False,,True,False
2024-07-19,Cream Bun,120,51,45,6,Friday,7,Southwest Monsoon,False,24.6,2.3,53,Drizzle,False,,True,False
2024-07-19,Egg Roll,100,66,62,4,Friday,7,Southwest Monsoon,False,24.6,2.3,53,Drizzle,False,,True,False
2024-07-19,Fish Bun,120,80,69,11,Friday,7,Southwest Monsoon,False,24.6,2.3,53,Drizzle,False,,True,False
2024-07-19,Fish Patty,110,53,47,6,Friday,7,Southwest Monsoon,False,24.6,2.3,53,Drizzle,False,,True,False
2024-07-19,Mini Pizza,220,47,42,5,Friday,7,Southwest Monsoon,False,24.6,2.3,53,Drizzle,False,,True,False
2024-07-19,Sausage Bun,140,59,55,4,Friday,7,Southwest Monsoon,False,24.6,2.3,53,Drizzle,False,,True,False
2024-07-19,Vegetable Roti,100,57,52,5,Friday,7,Southwest Monsoon,False,24.6,2.3,53,Drizzle,False,,True,False
2024-07-20,Chicken Bun,130,74,70,4,Saturday,7,Southwest Monsoon,True,25.2,0.4,51,Drizzle,True,Esala Full Moon Poya Day,False,False
2024-07-20,Chicken Pastry,180,121,111,10,Saturday,7,Southwest Monsoon,True,25.2,0.4,51,Drizzle,True,Esala Full Moon Poya Day,False,False
2024-07-20,Chicken Samosa,90,78,73,5,Saturday,7,Southwest Monsoon,True,25.2,0.4,51,Drizzle,True,Esala Full Moon Poya Day,False,False
2024-07-20,Cream Bun,120,72,65,7,Saturday,7,Southwest Monsoon,True,25.2,0.4,51,Drizzle,True,Esala Full Moon Poya Day,False,False
2024-07-20,Egg Roll,100,67,64,3,Saturday,7,Southwest Monsoon,True,25.2,0.4,51,Drizzle,True,Esala Full Moon Poya Day,False,False
2024-07-20,Fish Bun,120,79,77,2,Saturday,7,Southwest Monsoon,True,25.2,0.4,51,Drizzle,True,Esala Full Moon Poya Day,False,False
2024-07-20,Fish Patty,110,66,61,5,Saturday,7,Southwest Monsoon,True,25.2,0.4,51,Drizzle,True,Esala Full Moon Poya Day,False,False
2024-07-20,Mini Pizza,220,76,70,6,Saturday,7,Southwest Monsoon,True,25.2,0.4,51,Drizzle,True,Esala Full Moon Poya Day,False,False
2024-07-20,Sausage Bun,140,72,66,6,Saturday,7,Southwest Monsoon,True,25.2,0.4,51,Drizzle,True,Esala Full Moon Poya Day,False,False
2024-07-20,Vegetable Roti,100,66,60,6,Saturday,7,Southwest Monsoon,True,25.2,0.4,51,Drizzle,True,Esala Full Moon Poya Day,False,False
2024-07-21,Chicken Bun,130,80,74,6,Sunday,7,Southwest Monsoon,True,25.1,0.0,3,Cloudy,False,,False,True
2024-07-21,Chicken Pastry,180,106,99,7,Sunday,7,Southwest Monsoon,True,25.1,0.0,3,Cloudy,False,,False,True
2024-07-21,Chicken Samosa,90,80,74,6,Sunday,7,Southwest Monsoon,True,25.1,0.0,3,Cloudy,False,,False,True
2024-07-21,Cream Bun,120,59,56,3,Sunday,7,Southwest Monsoon,True,25.1,0.0,3,Cloudy,False,,False,True
2024-07-21,Egg Roll,100,63,59,4,Sunday,7,Southwest Monsoon,True,25.1,0.0,3,Cloudy,False,,False,True
2024-07-21,Fish Bun,120,80,78,2,Sunday,7,Southwest Monsoon,True,25.1,0.0,3,Cloudy,False,,False,True
2024-07-21,Fish Patty,110,61,56,5,Sunday,7,Southwest Monsoon,True,25.1,0.0,3,Cloudy,False,,False,True
2024-07-21,Mini Pizza,220,62,56,6,Sunday,7,Southwest Monsoon,True,25.1,0.0,3,Cloudy,False,,False,True
2024-07-21,Sausage Bun,140,72,66,6,Sunday,7,Southwest Monsoon,True,25.1,0.0,3,Cloudy,False,,False,True
2024-07-21,Vegetable Roti,100,61,58,3,Sunday,7,Southwest Monsoon,True,25.1,0.0,3,Cloudy,False,,False,True
2024-07-22,Chicken Bun,130,57,53,4,Monday,7,Southwest Monsoon,False,24.4,5.4,63,Rain,False,,False,False
2024-07-22,Chicken Pastry,180,80,72,8,Monday,7,Southwest Monsoon,False,24.4,5.4,63,Rain,False,,False,False
2024-07-22,Chicken Samosa,90,62,58,4,Monday,7,Southwest Monsoon,False,24.4,5.4,63,Rain,False,,False,False
2024-07-22,Cream Bun,120,41,36,5,Monday,7,Southwest Monsoon,False,24.4,5.4,63,Rain,False,,False,False
2024-07-22,Egg Roll,100,57,52,5,Monday,7,Southwest Monsoon,False,24.4,5.4,63,Rain,False,,False,False
2024-07-22,Fish Bun,120,65,61,4,Monday,7,Southwest Monsoon,False,24.4,5.4,63,Rain,False,,False,False
2024-07-22,Fish Patty,110,46,46,0,Monday,7,Southwest Monsoon,False,24.4,5.4,63,Rain,False,,False,False
2024-07-22,Mini Pizza,220,27,25,2,Monday,7,Southwest Monsoon,False,24.4,5.4,63,Rain,False,,False,False
2024-07-22,Sausage Bun,140,46,44,2,Monday,7,Southwest Monsoon,False,24.4,5.4,63,Rain,False,,False,False
2024-07-22,Vegetable Roti,100,51,47,4,Monday,7,Southwest Monsoon,False,24.4,5.4,63,Rain,False,,False,False
2024-07-23,Chicken Bun,130,78,72,6,Tuesday,7,Southwest Monsoon,False,25.0,0.9,51,Drizzle,False,,False,False
2024-07-23,Chicken Pastry,180,102,92,10,Tuesday,7,Southwest Monsoon,False,25.0,0.9,51,Drizzle,False,,False,False
2024-07-23,Chicken Samosa,90,71,66,5,Tuesday,7,Southwest Monsoon,False,25.0,0.9,51,Drizzle,False,,False,False
2024-07-23,Cream Bun,120,45,43,2,Tuesday,7,Southwest Monsoon,False,25.0,0.9,51,Drizzle,False,,False,False
2024-07-23,Egg Roll,100,67,62,5,Tuesday,7,Southwest Monsoon,False,25.0,0.9,51,Drizzle,False,,False,False
2024-07-23,Fish Bun,120,75,70,5,Tuesday,7,Southwest Monsoon,False,25.0,0.9,51,Drizzle,False,,False,False
2024-07-23,Fish Patty,110,55,50,5,Tuesday,7,Southwest Monsoon,False,25.0,0.9,51,Drizzle,False,,False,False
2024-07-23,Mini Pizza,220,48,43,5,Tuesday,7,Southwest Monsoon,False,25.0,0.9,51,Drizzle,False,,False,False
2024-07-23,Sausage Bun,140,60,59,1,Tuesday,7,Southwest Monsoon,False,25.0,0.9,51,Drizzle,False,,False,False
2024-07-23,Vegetable Roti,100,52,51,1,Tuesday,7,Southwest Monsoon,False,25.0,0.9,51,Drizzle,False,,False,False
2024-07-24,Chicken Bun,130,73,66,7,Wednesday,7,Southwest Monsoon,False,25.0,0.0,3,Cloudy,False,,False,False
2024-07-24,Chicken Pastry,180,99,91,8,Wednesday,7,Southwest Monsoon,False,25.0,0.0,3,Cloudy,False,,False,False
2024-07-24,Chicken Samosa,90,65,62,3,Wednesday,7,Southwest Monsoon,False,25.0,0.0,3,Cloudy,False,,False,False
2024-07-24,Cream Bun,120,49,45,4,Wednesday,7,Southwest Monsoon,False,25.0,0.0,3,Cloudy,False,,False,False
2024-07-24,Egg Roll,100,63,57,6,Wednesday,7,Southwest Monsoon,False,25.0,0.0,3,Cloudy,False,,False,False
2024-07-24,Fish Bun,120,77,67,10,Wednesday,7,Southwest Monsoon,False,25.0,0.0,3,Cloudy,False,,False,False
2024-07-24,Fish Patty,110,64,59,5,Wednesday,7,Southwest Monsoon,False,25.0,0.0,3,Cloudy,False,,False,False
2024-07-24,Mini Pizza,220,52,47,5,Wednesday,7,Southwest Monsoon,False,25.0,0.0,3,Cloudy,False,,False,False
2024-07-24,Sausage Bun,140,57,54,3,Wednesday,7,Southwest Monsoon,False,25.0,0.0,3,Cloudy,False,,False,False
2024-07-24,Vegetable Roti,100,51,45,6,Wednesday,7,Southwest Monsoon,False,25.0,0.0,3,Cloudy,False,,False,False
2024-07-25,Chicken Bun,130,66,63,3,Thursday,7,Southwest Monsoon,False,25.0,2.4,53,Drizzle,False,,False,False
2024-07-25,Chicken Pastry,180,84,76,8,Thursday,7,Southwest Monsoon,False,25.0,2.4,53,Drizzle,False,,False,False
2024-07-25,Chicken Samosa,90,63,58,5,Thursday,7,Southwest Monsoon,False,25.0,2.4,53,Drizzle,False,,False,False
2024-07-25,Cream Bun,120,47,44,3,Thursday,7,Southwest Monsoon,False,25.0,2.4,53,Drizzle,False,,False,False
2024-07-25,Egg Roll,100,64,59,5,Thursday,7,Southwest Monsoon,False,25.0,2.4,53,Drizzle,False,,False,False
2024-07-25,Fish Bun,120,69,63,6,Thursday,7,Southwest Monsoon,False,25.0,2.4,53,Drizzle,False,,False,False
2024-07-25,Fish Patty,110,51,49,2,Thursday,7,Southwest Monsoon,False,25.0,2.4,53,Drizzle,False,,False,False
2024-07-25,Mini Pizza,220,45,41,4,Thursday,7,Southwest Monsoon,False,25.0,2.4,53,Drizzle,False,,False,False
2024-07-25,Sausage Bun,140,53,50,3,Thursday,7,Southwest Monsoon,False,25.0,2.4,53,Drizzle,False,,False,False
2024-07-25,Vegetable Roti,100,61,57,4,Thursday,7,Southwest Monsoon,False,25.0,2.4,53,Drizzle,False,,False,False
2024-07-26,Chicken Bun,130,68,60,8,Friday,7,Southwest Monsoon,False,25.2,0.9,51,Drizzle,False,,False,False
2024-07-26,Chicken Pastry,180,101,84,17,Friday,7,Southwest Monsoon,False,25.2,0.9,51,Drizzle,False,,False,False
2024-07-26,Chicken Samosa,90,76,69,7,Friday,7,Southwest Monsoon,False,25.2,0.9,51,Drizzle,False,,False,False
2024-07-26,Cream Bun,120,49,47,2,Friday,7,Southwest Monsoon,False,25.2,0.9,51,Drizzle,False,,False,False
2024-07-26,Egg Roll,100,65,64,1,Friday,7,Southwest Monsoon,False,25.2,0.9,51,Drizzle,False,,False,False
2024-07-26,Fish Bun,120,76,71,5,Friday,7,Southwest Monsoon,False,25.2,0.9,51,Drizzle,False,,False,False
2024-07-26,Fish Patty,110,52,51,1,Friday,7,Southwest Monsoon,False,25.2,0.9,51,Drizzle,False,,False,False
2024-07-26,Mini Pizza,220,47,42,5,Friday,7,Southwest Monsoon,False,25.2,0.9,51,Drizzle,False,,False,False
2024-07-26,Sausage Bun,140,56,53,3,Friday,7,Southwest Monsoon,False,25.2,0.9,51,Drizzle,False,,False,False
2024-07-26,Vegetable Roti,100,62,54,8,Friday,7,Southwest Monsoon,False,25.2,0.9,51,Drizzle,False,,False,False
2024-07-27,Chicken Bun,130,81,74,7,Saturday,7,Southwest Monsoon,True,25.3,0.4,51,Drizzle,False,,False,False
2024-07-27,Chicken Pastry,180,90,87,3,Saturday,7,Southwest Monsoon,True,25.3,0.4,51,Drizzle,False,,False,False
2024-07-27,Chicken Samosa,90,62,59,3,Saturday,7,Southwest Monsoon,True,25.3,0.4,51,Drizzle,False,,False,False
2024-07-27,Cream Bun,120,57,54,3,Saturday,7,Southwest Monsoon,True,25.3,0.4,51,Drizzle,False,,False,False
2024-07-27,Egg Roll,100,68,62,6,Saturday,7,Southwest Monsoon,True,25.3,0.4,51,Drizzle,False,,False,False
2024-07-27,Fish Bun,120,84,81,3,Saturday,7,Southwest Monsoon,True,25.3,0.4,51,Drizzle,False,,False,False
2024-07-27,Fish Patty,110,61,56,5,Saturday,7,Southwest Monsoon,True,25.3,0.4,51,Drizzle,False,,False,False
2024-07-27,Mini Pizza,220,58,53,5,Saturday,7,Southwest Monsoon,True,25.3,0.4,51,Drizzle,False,,False,False
2024-07-27,Sausage Bun,140,62,58,4,Saturday,7,Southwest Monsoon,True,25.3,0.4,51,Drizzle,False,,False,False
2024-07-27,Vegetable Roti,100,55,53,2,Saturday,7,Southwest Monsoon,True,25.3,0.4,51,Drizzle,False,,False,False
2024-07-28,Chicken Bun,130,70,63,7,Sunday,7,Southwest Monsoon,True,24.4,5.8,53,Drizzle,False,,False,False
2024-07-28,Chicken Pastry,180,92,85,7,Sunday,7,Southwest Monsoon,True,24.4,5.8,53,Drizzle,False,,False,False
2024-07-28,Chicken Samosa,90,60,55,5,Sunday,7,Southwest Monsoon,True,24.4,5.8,53,Drizzle,False,,False,False
2024-07-28,Cream Bun,120,44,42,2,Sunday,7,Southwest Monsoon,True,24.4,5.8,53,Drizzle,False,,False,False
2024-07-28,Egg Roll,100,60,55,5,Sunday,7,Southwest Monsoon,True,24.4,5.8,53,Drizzle,False,,False,False
2024-07-28,Fish Bun,120,72,62,10,Sunday,7,Southwest Monsoon,True,24.4,5.8,53,Drizzle,False,,False,False
2024-07-28,Fish Patty,110,54,47,7,Sunday,7,Southwest Monsoon,True,24.4,5.8,53,Drizzle,False,,False,False
2024-07-28,Mini Pizza,220,40,39,1,Sunday,7,Southwest Monsoon,True,24.4,5.8,53,Drizzle,False,,False,False
2024-07-28,Sausage Bun,140,61,58,3,Sunday,7,Southwest Monsoon,True,24.4,5.8,53,Drizzle,False,,False,False
2024-07-28,Vegetable Roti,100,58,54,4,Sunday,7,Southwest Monsoon,True,24.4,5.8,53,Drizzle,False,,False,False
2024-07-29,Chicken Bun,130,50,46,4,Monday,7,Southwest Monsoon,False,24.2,12.7,61,Rain,False,,False,False
2024-07-29,Chicken Pastry,180,60,59,1,Monday,7,Southwest Monsoon,False,24.2,12.7,61,Rain,False,,False,False
2024-07-29,Chicken Samosa,90,64,60,4,Monday,7,Southwest Monsoon,False,24.2,12.7,61,Rain,False,,False,False
2024-07-29,Cream Bun,120,39,36,3,Monday,7,Southwest Monsoon,False,24.2,12.7,61,Rain,False,,False,False
2024-07-29,Egg Roll,100,50,47,3,Monday,7,Southwest Monsoon,False,24.2,12.7,61,Rain,False,,False,False
2024-07-29,Fish Bun,120,65,56,9,Monday,7,Southwest Monsoon,False,24.2,12.7,61,Rain,False,,False,False
2024-07-29,Fish Patty,110,45,42,3,Monday,7,Southwest Monsoon,False,24.2,12.7,61,Rain,False,,False,False
2024-07-29,Mini Pizza,220,38,35,3,Monday,7,Southwest Monsoon,False,24.2,12.7,61,Rain,False,,False,False
2024-07-29,Sausage Bun,140,47,42,5,Monday,7,Southwest Monsoon,False,24.2,12.7,61,Rain,False,,False,False
2024-07-29,Vegetable Roti,100,48,43,5,Monday,7,Southwest Monsoon,False,24.2,12.7,61,Rain,False,,False,False
2024-07-30,Chicken Bun,130,72,65,7,Tuesday,7,Southwest Monsoon,False,24.3,2.1,53,Drizzle,False,,False,False
2024-07-30,Chicken Pastry,180,100,91,9,Tuesday,7,Southwest Monsoon,False,24.3,2.1,53,Drizzle,False,,False,False
2024-07-30,Chicken Samosa,90,69,63,6,Tuesday,7,Southwest Monsoon,False,24.3,2.1,53,Drizzle,False,,False,False
2024-07-30,Cream Bun,120,45,40,5,Tuesday,7,Southwest Monsoon,False,24.3,2.1,53,Drizzle,False,,False,False
2024-07-30,Egg Roll,100,58,53,5,Tuesday,7,Southwest Monsoon,False,24.3,2.1,53,Drizzle,False,,False,False
2024-07-30,Fish Bun,120,88,85,3,Tuesday,7,Southwest Monsoon,False,24.3,2.1,53,Drizzle,False,,False,False
2024-07-30,Fish Patty,110,53,48,5,Tuesday,7,Southwest Monsoon,False,24.3,2.1,53,Drizzle,False,,False,False
2024-07-30,Mini Pizza,220,42,39,3,Tuesday,7,Southwest Monsoon,False,24.3,2.1,53,Drizzle,False,,False,False
2024-07-30,Sausage Bun,140,66,60,6,Tuesday,7,Southwest Monsoon,False,24.3,2.1,53,Drizzle,False,,False,False
2024-07-30,Vegetable Roti,100,63,55,8,Tuesday,7,Southwest Monsoon,False,24.3,2.1,53,Drizzle,False,,False,False
2024-07-31,Chicken Bun,130,60,56,4,Wednesday,7,Southwest Monsoon,False,24.2,3.3,55,Drizzle,False,,False,False
2024-07-31,Chicken Pastry,180,82,78,4,Wednesday,7,Southwest Monsoon,False,24.2,3.3,55,Drizzle,False,,False,False
2024-07-31,Chicken Samosa,90,74,69,5,Wednesday,7,Southwest Monsoon,False,24.2,3.3,55,Drizzle,False,,False,False
2024-07-31,Cream Bun,120,43,42,1,Wednesday,7,Southwest Monsoon,False,24.2,3.3,55,Drizzle,False,,False,False
2024-07-31,Egg Roll,100,59,55,4,Wednesday,7,Southwest Monsoon,False,24.2,3.3,55,Drizzle,False,,False,False
2024-07-31,Fish Bun,120,65,62,3,Wednesday,7,Southwest Monsoon,False,24.2,3.3,55,Drizzle,False,,False,False
2024-07-31,Fish Patty,110,53,47,6,Wednesday,7,Southwest Monsoon,False,24.2,3.3,55,Drizzle,False,,False,False
2024-07-31,Mini Pizza,220,35,31,4,Wednesday,7,Southwest Monsoon,False,24.2,3.3,55,Drizzle,False,,False,False
2024-07-31,Sausage Bun,140,55,49,6,Wednesday,7,Southwest Monsoon,False,24.2,3.3,55,Drizzle,False,,False,False
2024-07-31,Vegetable Roti,100,58,53,5,Wednesday,7,Southwest Monsoon,False,24.2,3.3,55,Drizzle,False,,False,False
2024-08-01,Chicken Bun,130,56,54,2,Thursday,8,Southwest Monsoon,False,24.5,1.4,53,Drizzle,False,,False,False
2024-08-01,Chicken Pastry,180,94,84,10,Thursday,8,Southwest Monsoon,False,24.5,1.4,53,Drizzle,False,,False,False
2024-08-01,Chicken Samosa,90,64,61,3,Thursday,8,Southwest Monsoon,False,24.5,1.4,53,Drizzle,False,,False,False
2024-08-01,Cream Bun,120,53,46,7,Thursday,8,Southwest Monsoon,False,24.5,1.4,53,Drizzle,False,,False,False
2024-08-01,Egg Roll,100,57,54,3,Thursday,8,Southwest Monsoon,False,24.5,1.4,53,Drizzle,False,,False,False
2024-08-01,Fish Bun,120,73,66,7,Thursday,8,Southwest Monsoon,False,24.5,1.4,53,Drizzle,False,,False,False
2024-08-01,Fish Patty,110,59,55,4,Thursday,8,Southwest Monsoon,False,24.5,1.4,53,Drizzle,False,,False,False
2024-08-01,Mini Pizza,220,45,42,3,Thursday,8,Southwest Monsoon,False,24.5,1.4,53,Drizzle,False,,False,False
2024-08-01,Sausage Bun,140,61,57,4,Thursday,8,Southwest Monsoon,False,24.5,1.4,53,Drizzle,False,,False,False
2024-08-01,Vegetable Roti,100,55,50,5,Thursday,8,Southwest Monsoon,False,24.5,1.4,53,Drizzle,False,,False,False
2024-08-02,Chicken Bun,130,58,57,1,Friday,8,Southwest Monsoon,False,24.3,2.1,53,Drizzle,False,,False,False
2024-08-02,Chicken Pastry,180,89,89,0,Friday,8,Southwest Monsoon,False,24.3,2.1,53,Drizzle,False,,False,False
2024-08-02,Chicken Samosa,90,76,71,5,Friday,8,Southwest Monsoon,False,24.3,2.1,53,Drizzle,False,,False,False
2024-08-02,Cream Bun,120,45,40,5,Friday,8,Southwest Monsoon,False,24.3,2.1,53,Drizzle,False,,False,False
2024-08-02,Egg Roll,100,62,54,8,Friday,8,Southwest Monsoon,False,24.3,2.1,53,Drizzle,False,,False,False
2024-08-02,Fish Bun,120,77,72,5,Friday,8,Southwest Monsoon,False,24.3,2.1,53,Drizzle,False,,False,False
2024-08-02,Fish Patty,110,55,50,5,Friday,8,Southwest Monsoon,False,24.3,2.1,53,Drizzle,False,,False,False
2024-08-02,Mini Pizza,220,39,37,2,Friday,8,Southwest Monsoon,False,24.3,2.1,53,Drizzle,False,,False,False
2024-08-02,Sausage Bun,140,59,54,5,Friday,8,Southwest Monsoon,False,24.3,2.1,53,Drizzle,False,,False,False
2024-08-02,Vegetable Roti,100,53,50,3,Friday,8,Southwest Monsoon,False,24.3,2.1,53,Drizzle,False,,False,False
2024-08-03,Chicken Bun,130,74,68,6,Saturday,8,Southwest Monsoon,True,24.3,1.5,53,Drizzle,False,,False,False
2024-08-03,Chicken Pastry,180,100,89,11,Saturday,8,Southwest Monsoon,True,24.3,1.5,53,Drizzle,False,,False,False
2024-08-03,Chicken Samosa,90,76,64,12,Saturday,8,Southwest Monsoon,True,24.3,1.5,53,Drizzle,False,,False,False
2024-08-03,Cream Bun,120,56,51,5,Saturday,8,Southwest Monsoon,True,24.3,1.5,53,Drizzle,False,,False,False
2024-08-03,Egg Roll,100,66,61,5,Saturday,8,Southwest Monsoon,True,24.3,1.5,53,Drizzle,False,,False,False
2024-08-03,Fish Bun,120,75,71,4,Saturday,8,Southwest Monsoon,True,24.3,1.5,53,Drizzle,False,,False,False
2024-08-03,Fish Patty,110,56,56,0,Saturday,8,Southwest Monsoon,True,24.3,1.5,53,Drizzle,False,,False,False
2024-08-03,Mini Pizza,220,53,50,3,Saturday,8,Southwest Monsoon,True,24.3,1.5,53,Drizzle,False,,False,False
2024-08-03,Sausage Bun,140,65,60,5,Saturday,8,Southwest Monsoon,True,24.3,1.5,53,Drizzle,False,,False,False
2024-08-03,Vegetable Roti,100,67,58,9,Saturday,8,Southwest Monsoon,True,24.3,1.5,53,Drizzle,False,,False,False
2024-08-04,Chicken Bun,130,79,76,3,Sunday,8,Southwest Monsoon,True,24.6,1.0,51,Drizzle,False,,False,False
2024-08-04,Chicken Pastry,180,96,89,7,Sunday,8,Southwest Monsoon,True,24.6,1.0,51,Drizzle,False,,False,False
2024-08-04,Chicken Samosa,90,75,70,5,Sunday,8,Southwest Monsoon,True,24.6,1.0,51,Drizzle,False,,False,False
2024-08-04,Cream Bun,120,65,58,7,Sunday,8,Southwest Monsoon,True,24.6,1.0,51,Drizzle,False,,False,False
2024-08-04,Egg Roll,100,61,57,4,Sunday,8,Southwest Monsoon,True,24.6,1.0,51,Drizzle,False,,False,False
2024-08-04,Fish Bun,120,74,68,6,Sunday,8,Southwest Monsoon,True,24.6,1.0,51,Drizzle,False,,False,False
2024-08-04,Fish Patty,110,59,58,1,Sunday,8,Southwest Monsoon,True,24.6,1.0,51,Drizzle,False,,False,False
2024-08-04,Mini Pizza,220,53,50,3,Sunday,8,Southwest Monsoon,True,24.6,1.0,51,Drizzle,False,,False,False
2024-08-04,Sausage Bun,140,67,64,3,Sunday,8,Southwest Monsoon,True,24.6,1.0,51,Drizzle,False,,False,False
2024-08-04,Vegetable Roti,100,68,62,6,Sunday,8,Southwest Monsoon,True,24.6,1.0,51,Drizzle,False,,False,False
2024-08-05,Chicken Bun,130,62,60,2,Monday,8,Southwest Monsoon,False,24.0,0.8,51,Drizzle,False,,False,False
2024-08-05,Chicken Pastry,180,81,72,9,Monday,8,Southwest Monsoon,False,24.0,0.8,51,Drizzle,False,,False,False
2024-08-05,Chicken Samosa,90,71,62,9,Monday,8,Southwest Monsoon,False,24.0,0.8,51,Drizzle,False,,False,False
2024-08-05,Cream Bun,120,47,46,1,Monday,8,Southwest Monsoon,False,24.0,0.8,51,Drizzle,False,,False,False
2024-08-05,Egg Roll,100,60,55,5,Monday,8,Southwest Monsoon,False,24.0,0.8,51,Drizzle,False,,False,False
2024-08-05,Fish Bun,120,73,69,4,Monday,8,Southwest Monsoon,False,24.0,0.8,51,Drizzle,False,,False,False
2024-08-05,Fish Patty,110,58,53,5,Monday,8,Southwest Monsoon,False,24.0,0.8,51,Drizzle,False,,False,False
2024-08-05,Mini Pizza,220,47,44,3,Monday,8,Southwest Monsoon,False,24.0,0.8,51,Drizzle,False,,False,False
2024-08-05,Sausage Bun,140,55,52,3,Monday,8,Southwest Monsoon,False,24.0,0.8,51,Drizzle,False,,False,False
2024-08-05,Vegetable Roti,100,50,50,0,Monday,8,Southwest Monsoon,False,24.0,0.8,51,Drizzle,False,,False,False
2024-08-06,Chicken Bun,130,58,55,3,Tuesday,8,Southwest Monsoon,False,24.5,0.3,51,Drizzle,False,,False,False
2024-08-06,Chicken Pastry,180,96,88,8,Tuesday,8,Southwest Monsoon,False,24.5,0.3,51,Drizzle,False,,False,False
2024-08-06,Chicken Samosa,90,64,62,2,Tuesday,8,Southwest Monsoon,False,24.5,0.3,51,Drizzle,False,,False,False
2024-08-06,Cream Bun,120,49,43,6,Tuesday,8,Southwest Monsoon,False,24.5,0.3,51,Drizzle,False,,False,False
2024-08-06,Egg Roll,100,55,49,6,Tuesday,8,Southwest Monsoon,False,24.5,0.3,51,Drizzle,False,,False,False
2024-08-06,Fish Bun,120,72,68,4,Tuesday,8,Southwest Monsoon,False,24.5,0.3,51,Drizzle,False,,False,False
2024-08-06,Fish Patty,110,57,52,5,Tuesday,8,Southwest Monsoon,False,24.5,0.3,51,Drizzle,False,,False,False
2024-08-06,Mini Pizza,220,41,38,3,Tuesday,8,Southwest Monsoon,False,24.5,0.3,51,Drizzle,False,,False,False
2024-08-06,Sausage Bun,140,61,61,0,Tuesday,8,Southwest Monsoon,False,24.5,0.3,51,Drizzle,False,,False,False
2024-08-06,Vegetable Roti,100,60,56,4,Tuesday,8,Southwest Monsoon,False,24.5,0.3,51,Drizzle,False,,False,False
2024-08-07,Chicken Bun,130,70,62,8,Wednesday,8,Southwest Monsoon,False,24.9,0.5,51,Drizzle,False,,False,False
2024-08-07,Chicken Pastry,180,107,98,9,Wednesday,8,Southwest Monsoon,False,24.9,0.5,51,Drizzle,False,,False,False
2024-08-07,Chicken Samosa,90,61,59,2,Wednesday,8,Southwest Monsoon,False,24.9,0.5,51,Drizzle,False,,False,False
2024-08-07,Cream Bun,120,45,43,2,Wednesday,8,Southwest Monsoon,False,24.9,0.5,51,Drizzle,False,,False,False
2024-08-07,Egg Roll,100,65,61,4,Wednesday,8,Southwest Monsoon,False,24.9,0.5,51,Drizzle,False,,False,False
2024-08-07,Fish Bun,120,76,72,4,Wednesday,8,Southwest Monsoon,False,24.9,0.5,51,Drizzle,False,,False,False
2024-08-07,Fish Patty,110,51,45,6,Wednesday,8,Southwest Monsoon,False,24.9,0.5,51,Drizzle,False,,False,False
2024-08-07,Mini Pizza,220,45,42,3,Wednesday,8,Southwest Monsoon,False,24.9,0.5,51,Drizzle,False,,False,False
2024-08-07,Sausage Bun,140,57,52,5,Wednesday,8,Southwest Monsoon,False,24.9,0.5,51,Drizzle,False,,False,False
2024-08-07,Vegetable Roti,100,58,53,5,Wednesday,8,Southwest Monsoon,False,24.9,0.5,51,Drizzle,False,,False,False
2024-08-08,Chicken Bun,130,54,50,4,Thursday,8,Southwest Monsoon,False,23.4,11.3,63,Rain,False,,False,False
2024-08-08,Chicken Pastry,180,67,63,4,Thursday,8,Southwest Monsoon,False,23.4,11.3,63,Rain,False,,False,False
2024-08-08,Chicken Samosa,90,63,56,7,Thursday,8,Southwest Monsoon,False,23.4,11.3,63,Rain,False,,False,False
2024-08-08,Cream Bun,120,38,36,2,Thursday,8,Southwest Monsoon,False,23.4,11.3,63,Rain,False,,False,False
2024-08-08,Egg Roll,100,47,42,5,Thursday,8,Southwest Monsoon,False,23.4,11.3,63,Rain,False,,False,False
2024-08-08,Fish Bun,120,59,52,7,Thursday,8,Southwest Monsoon,False,23.4,11.3,63,Rain,False,,False,False
2024-08-08,Fish Patty,110,41,40,1,Thursday,8,Southwest Monsoon,False,23.4,11.3,63,Rain,False,,False,False
2024-08-08,Mini Pizza,220,37,34,3,Thursday,8,Southwest Monsoon,False,23.4,11.3,63,Rain,False,,False,False
2024-08-08,Sausage Bun,140,43,41,2,Thursday,8,Southwest Monsoon,False,23.4,11.3,63,Rain,False,,False,False
2024-08-08,Vegetable Roti,100,46,42,4,Thursday,8,Southwest Monsoon,False,23.4,11.3,63,Rain,False,,False,False
2024-08-09,Chicken Bun,130,63,62,1,Friday,8,Southwest Monsoon,False,24.3,0.3,51,Drizzle,False,,False,False
2024-08-09,Chicken Pastry,180,104,94,10,Friday,8,Southwest Monsoon,False,24.3,0.3,51,Drizzle,False,,False,False
2024-08-09,Chicken Samosa,90,61,58,3,Friday,8,Southwest Monsoon,False,24.3,0.3,51,Drizzle,False,,False,False
2024-08-09,Cream Bun,120,54,49,5,Friday,8,Southwest Monsoon,False,24.3,0.3,51,Drizzle,False,,False,False
2024-08-09,Egg Roll,100,60,54,6,Friday,8,Southwest Monsoon,False,24.3,0.3,51,Drizzle,False,,False,False
2024-08-09,Fish Bun,120,67,63,4,Friday,8,Southwest Monsoon,False,24.3,0.3,51,Drizzle,False,,False,False
2024-08-09,Fish Patty,110,52,51,1,Friday,8,Southwest Monsoon,False,24.3,0.3,51,Drizzle,False,,False,False
2024-08-09,Mini Pizza,220,45,41,4,Friday,8,Southwest Monsoon,False,24.3,0.3,51,Drizzle,False,,False,False
2024-08-09,Sausage Bun,140,72,65,7,Friday,8,Southwest Monsoon,False,24.3,0.3,51,Drizzle,False,,False,False
2024-08-09,Vegetable Roti,100,57,55,2,Friday,8,Southwest Monsoon,False,24.3,0.3,51,Drizzle,False,,False,False
2024-08-10,Chicken Bun,130,54,50,4,Saturday,8,Southwest Monsoon,True,23.7,8.1,63,Rain,False,,False,False
2024-08-10,Chicken Pastry,180,72,72,0,Saturday,8,Southwest Monsoon,True,23.7,8.1,63,Rain,False,,False,False
2024-08-10,Chicken Samosa,90,65,60,5,Saturday,8,Southwest Monsoon,True,23.7,8.1,63,Rain,False,,False,False
2024-08-10,Cream Bun,120,38,35,3,Saturday,8,Southwest Monsoon,True,23.7,8.1,63,Rain,False,,False,False
2024-08-10,Egg Roll,100,53,51,2,Saturday,8,Southwest Monsoon,True,23.7,8.1,63,Rain,False,,False,False
2024-08-10,Fish Bun,120,68,65,3,Saturday,8,Southwest Monsoon,True,23.7,8.1,63,Rain,False,,False,False
2024-08-10,Fish Patty,110,56,52,4,Saturday,8,Southwest Monsoon,True,23.7,8.1,63,Rain,False,,False,False
2024-08-10,Mini Pizza,220,39,36,3,Saturday,8,Southwest Monsoon,True,23.7,8.1,63,Rain,False,,False,False
2024-08-10,Sausage Bun,140,58,50,8,Saturday,8,Southwest Monsoon,True,23.7,8.1,63,Rain,False,,False,False
2024-08-10,Vegetable Roti,100,56,52,4,Saturday,8,Southwest Monsoon,True,23.7,8.1,63,Rain,False,,False,False
2024-08-11,Chicken Bun,130,63,60,3,Sunday,8,Southwest Monsoon,True,24.1,5.2,63,Rain,False,,False,False
2024-08-11,Chicken Pastry,180,88,82,6,Sunday,8,Southwest Monsoon,True,24.1,5.2,63,Rain,False,,False,False
2024-08-11,Chicken Samosa,90,75,69,6,Sunday,8,Southwest Monsoon,True,24.1,5.2,63,Rain,False,,False,False
2024-08-11,Cream Bun,120,52,47,5,Sunday,8,Southwest Monsoon,True,24.1,5.2,63,Rain,False,,False,False
2024-08-11,Egg Roll,100,65,59,6,Sunday,8,Southwest Monsoon,True,24.1,5.2,63,Rain,False,,False,False
2024-08-11,Fish Bun,120,80,76,4,Sunday,8,Southwest Monsoon,True,24.1,5.2,63,Rain,False,,False,False
2024-08-11,Fish Patty,110,63,60,3,Sunday,8,Southwest Monsoon,True,24.1,5.2,63,Rain,False,,False,False
2024-08-11,Mini Pizza,220,40,38,2,Sunday,8,Southwest Monsoon,True,24.1,5.2,63,Rain,False,,False,False
2024-08-11,Sausage Bun,140,56,51,5,Sunday,8,Southwest Monsoon,True,24.1,5.2,63,Rain,False,,False,False
2024-08-11,Vegetable Roti,100,57,53,4,Sunday,8,Southwest Monsoon,True,24.1,5.2,63,Rain,False,,False,False
2024-08-12,Chicken Bun,130,53,51,2,Monday,8,Southwest Monsoon,False,24.0,41.0,65,Rain,False,,False,False
2024-08-12,Chicken Pastry,180,69,64,5,Monday,8,Southwest Monsoon,False,24.0,41.0,65,Rain,False,,False,False
2024-08-12,Chicken Samosa,90,51,48,3,Monday,8,Southwest Monsoon,False,24.0,41.0,65,Rain,False,,False,False
2024-08-12,Cream Bun,120,33,32,1,Monday,8,Southwest Monsoon,False,24.0,41.0,65,Rain,False,,False,False
2024-08-12,Egg Roll,100,44,42,2,Monday,8,Southwest Monsoon,False,24.0,41.0,65,Rain,False,,False,False
2024-08-12,Fish Bun,120,58,53,5,Monday,8,Southwest Monsoon,False,24.0,41.0,65,Rain,False,,False,False
2024-08-12,Fish Patty,110,42,39,3,Monday,8,Southwest Monsoon,False,24.0,41.0,65,Rain,False,,False,False
2024-08-12,Mini Pizza,220,30,30,0,Monday,8,Southwest Monsoon,False,24.0,41.0,65,Rain,False,,False,False
2024-08-12,Sausage Bun,140,44,43,1,Monday,8,Southwest Monsoon,False,24.0,41.0,65,Rain,False,,False,False
2024-08-12,Vegetable Roti,100,46,44,2,Monday,8,Southwest Monsoon,False,24.0,41.0,65,Rain,False,,False,False
2024-08-13,Chicken Bun,130,62,58,4,Tuesday,8,Southwest Monsoon,False,23.8,2.3,55,Drizzle,False,,False,False
2024-08-13,Chicken Pastry,180,79,71,8,Tuesday,8,Southwest Monsoon,False,23.8,2.3,55,Drizzle,False,,False,False
2024-08-13,Chicken Samosa,90,62,61,1,Tuesday,8,Southwest Monsoon,False,23.8,2.3,55,Drizzle,False,,False,False
2024-08-13,Cream Bun,120,50,47,3,Tuesday,8,Southwest Monsoon,False,23.8,2.3,55,Drizzle,False,,False,False
2024-08-13,Egg Roll,100,60,53,7,Tuesday,8,Southwest Monsoon,False,23.8,2.3,55,Drizzle,False,,False,False
2024-08-13,Fish Bun,120,68,61,7,Tuesday,8,Southwest Monsoon,False,23.8,2.3,55,Drizzle,False,,False,False
2024-08-13,Fish Patty,110,52,47,5,Tuesday,8,Southwest Monsoon,False,23.8,2.3,55,Drizzle,False,,False,False
2024-08-13,Mini Pizza,220,43,40,3,Tuesday,8,Southwest Monsoon,False,23.8,2.3,55,Drizzle,False,,False,False
2024-08-13,Sausage Bun,140,60,54,6,Tuesday,8,Southwest Monsoon,False,23.8,2.3,55,Drizzle,False,,False,False
2024-08-13,Vegetable Roti,100,57,55,2,Tuesday,8,Southwest Monsoon,False,23.8,2.3,55,Drizzle,False,,False,False
2024-08-14,Chicken Bun,130,71,65,6,Wednesday,8,Southwest Monsoon,False,23.8,1.3,51,Drizzle,False,,False,False
2024-08-14,Chicken Pastry,180,84,77,7,Wednesday,8,Southwest Monsoon,False,23.8,1.3,51,Drizzle,False,,False,False
2024-08-14,Chicken Samosa,90,64,58,6,Wednesday,8,Southwest Monsoon,False,23.8,1.3,51,Drizzle,False,,False,False
2024-08-14,Cream Bun,120,52,51,1,Wednesday,8,Southwest Monsoon,False,23.8,1.3,51,Drizzle,False,,False,False
2024-08-14,Egg Roll,100,63,61,2,Wednesday,8,Southwest Monsoon,False,23.8,1.3,51,Drizzle,False,,False,False
2024-08-14,Fish Bun,120,74,68,6,Wednesday,8,Southwest Monsoon,False,23.8,1.3,51,Drizzle,False,,False,False
2024-08-14,Fish Patty,110,55,49,6,Wednesday,8,Southwest Monsoon,False,23.8,1.3,51,Drizzle,False,,False,False
2024-08-14,Mini Pizza,220,40,37,3,Wednesday,8,Southwest Monsoon,False,23.8,1.3,51,Drizzle,False,,False,False
2024-08-14,Sausage Bun,140,61,56,5,Wednesday,8,Southwest Monsoon,False,23.8,1.3,51,Drizzle,False,,False,False
2024-08-14,Vegetable Roti,100,58,53,5,Wednesday,8,Southwest Monsoon,False,23.8,1.3,51,Drizzle,False,,False,False
2024-08-15,Chicken Bun,130,62,59,3,Thursday,8,Southwest Monsoon,False,23.8,4.6,63,Rain,False,,False,False
2024-08-15,Chicken Pastry,180,86,79,7,Thursday,8,Southwest Monsoon,False,23.8,4.6,63,Rain,False,,False,False
2024-08-15,Chicken Samosa,90,66,64,2,Thursday,8,Southwest Monsoon,False,23.8,4.6,63,Rain,False,,False,False
2024-08-15,Cream Bun,120,39,36,3,Thursday,8,Southwest Monsoon,False,23.8,4.6,63,Rain,False,,False,False
2024-08-15,Egg Roll,100,58,54,4,Thursday,8,Southwest Monsoon,False,23.8,4.6,63,Rain,False,,False,False
2024-08-15,Fish Bun,120,59,56,3,Thursday,8,Southwest Monsoon,False,23.8,4.6,63,Rain,False,,False,False
2024-08-15,Fish Patty,110,50,48,2,Thursday,8,Southwest Monsoon,False,23.8,4.6,63,Rain,False,,False,False
2024-08-15,Mini Pizza,220,35,32,3,Thursday,8,Southwest Monsoon,False,23.8,4.6,63,Rain,False,,False,False
2024-08-15,Sausage Bun,140,64,56,8,Thursday,8,Southwest Monsoon,False,23.8,4.6,63,Rain,False,,False,False
2024-08-15,Vegetable Roti,100,45,40,5,Thursday,8,Southwest Monsoon,False,23.8,4.6,63,Rain,False,,False,False
2024-08-16,Chicken Bun,130,51,45,6,Friday,8,Southwest Monsoon,False,23.9,13.4,63,Rain,False,,False,False
2024-08-16,Chicken Pastry,180,70,66,4,Friday,8,Southwest Monsoon,False,23.9,13.4,63,Rain,False,,False,False
2024-08-16,Chicken Samosa,90,55,50,5,Friday,8,Southwest Monsoon,False,23.9,13.4,63,Rain,False,,False,False
2024-08-16,Cream Bun,120,38,35,3,Friday,8,Southwest Monsoon,False,23.9,13.4,63,Rain,False,,False,False
2024-08-16,Egg Roll,100,48,44,4,Friday,8,Southwest Monsoon,False,23.9,13.4,63,Rain,False,,False,False
2024-08-16,Fish Bun,120,57,53,4,Friday,8,Southwest Monsoon,False,23.9,13.4,63,Rain,False,,False,False
2024-08-16,Fish Patty,110,44,40,4,Friday,8,Southwest Monsoon,False,23.9,13.4,63,Rain,False,,False,False
2024-08-16,Mini Pizza,220,29,29,0,Friday,8,Southwest Monsoon,False,23.9,13.4,63,Rain,False,,False,False
2024-08-16,Sausage Bun,140,49,45,4,Friday,8,Southwest Monsoon,False,23.9,13.4,63,Rain,False,,False,False
2024-08-16,Vegetable Roti,100,36,33,3,Friday,8,Southwest Monsoon,False,23.9,13.4,63,Rain,False,,False,False
2024-08-17,Chicken Bun,130,60,53,7,Saturday,8,Southwest Monsoon,True,23.6,14.8,63,Rain,False,,False,False
2024-08-17,Chicken Pastry,180,76,69,7,Saturday,8,Southwest Monsoon,True,23.6,14.8,63,Rain,False,,False,False
2024-08-17,Chicken Samosa,90,69,60,9,Saturday,8,Southwest Monsoon,True,23.6,14.8,63,Rain,False,,False,False
2024-08-17,Cream Bun,120,43,40,3,Saturday,8,Southwest Monsoon,True,23.6,14.8,63,Rain,False,,False,False
2024-08-17,Egg Roll,100,49,45,4,Saturday,8,Southwest Monsoon,True,23.6,14.8,63,Rain,False,,False,False
2024-08-17,Fish Bun,120,64,57,7,Saturday,8,Southwest Monsoon,True,23.6,14.8,63,Rain,False,,False,False
2024-08-17,Fish Patty,110,38,36,2,Saturday,8,Southwest Monsoon,True,23.6,14.8,63,Rain,False,,False,False
2024-08-17,Mini Pizza,220,40,37,3,Saturday,8,Southwest Monsoon,True,23.6,14.8,63,Rain,False,,False,False
2024-08-17,Sausage Bun,140,53,48,5,Saturday,8,Southwest Monsoon,True,23.6,14.8,63,Rain,False,,False,False
2024-08-17,Vegetable Roti,100,51,45,6,Saturday,8,Southwest Monsoon,True,23.6,14.8,63,Rain,False,,False,False
2024-08-18,Chicken Bun,130,76,66,10,Sunday,8,Southwest Monsoon,True,23.8,2.1,53,Drizzle,False,,True,False
2024-08-18,Chicken Pastry,180,104,96,8,Sunday,8,Southwest Monsoon,True,23.8,2.1,53,Drizzle,False,,True,False
2024-08-18,Chicken Samosa,90,91,83,8,Sunday,8,Southwest Monsoon,True,23.8,2.1,53,Drizzle,False,,True,False
2024-08-18,Cream Bun,120,51,48,3,Sunday,8,Southwest Monsoon,True,23.8,2.1,53,Drizzle,False,,True,False
2024-08-18,Egg Roll,100,65,60,5,Sunday,8,Southwest Monsoon,True,23.8,2.1,53,Drizzle,False,,True,False
2024-08-18,Fish Bun,120,82,75,7,Sunday,8,Southwest Monsoon,True,23.8,2.1,53,Drizzle,False,,True,False
2024-08-18,Fish Patty,110,53,50,3,Sunday,8,Southwest Monsoon,True,23.8,2.1,53,Drizzle,False,,True,False
2024-08-18,Mini Pizza,220,39,37,2,Sunday,8,Southwest Monsoon,True,23.8,2.1,53,Drizzle,False,,True,False
2024-08-18,Sausage Bun,140,65,57,8,Sunday,8,Southwest Monsoon,True,23.8,2.1,53,Drizzle,False,,True,False
2024-08-18,Vegetable Roti,100,59,52,7,Sunday,8,Southwest Monsoon,True,23.8,2.1,53,Drizzle,False,,True,False
2024-08-19,Chicken Bun,130,51,50,1,Monday,8,Southwest Monsoon,False,23.9,6.4,63,Rain,True,Nikini Full Moon Poya Day,False,False
2024-08-19,Chicken Pastry,180,75,70,5,Monday,8,Southwest Monsoon,False,23.9,6.4,63,Rain,True,Nikini Full Moon Poya Day,False,False
2024-08-19,Chicken Samosa,90,66,62,4,Monday,8,Southwest Monsoon,False,23.9,6.4,63,Rain,True,Nikini Full Moon Poya Day,False,False
2024-08-19,Cream Bun,120,38,37,1,Monday,8,Southwest Monsoon,False,23.9,6.4,63,Rain,True,Nikini Full Moon Poya Day,False,False
2024-08-19,Egg Roll,100,67,61,6,Monday,8,Southwest Monsoon,False,23.9,6.4,63,Rain,True,Nikini Full Moon Poya Day,False,False
2024-08-19,Fish Bun,120,77,69,8,Monday,8,Southwest Monsoon,False,23.9,6.4,63,Rain,True,Nikini Full Moon Poya Day,False,False
2024-08-19,Fish Patty,110,49,47,2,Monday,8,Southwest Monsoon,False,23.9,6.4,63,Rain,True,Nikini Full Moon Poya Day,False,False
2024-08-19,Mini Pizza,220,31,30,1,Monday,8,Southwest Monsoon,False,23.9,6.4,63,Rain,True,Nikini Full Moon Poya Day,False,False
2024-08-19,Sausage Bun,140,55,53,2,Monday,8,Southwest Monsoon,False,23.9,6.4,63,Rain,True,Nikini Full Moon Poya Day,False,False
2024-08-19,Vegetable Roti,100,55,50,5,Monday,8,Southwest Monsoon,False,23.9,6.4,63,Rain,True,Nikini Full Moon Poya Day,False,False
2024-08-20,Chicken Bun,130,62,56,6,Tuesday,8,Southwest Monsoon,False,23.7,1.6,51,Drizzle,False,,False,True
2024-08-20,Chicken Pastry,180,97,92,5,Tuesday,8,Southwest Monsoon,False,23.7,1.6,51,Drizzle,False,,False,True
2024-08-20,Chicken Samosa,90,63,60,3,Tuesday,8,Southwest Monsoon,False,23.7,1.6,51,Drizzle,False,,False,True
2024-08-20,Cream Bun,120,49,46,3,Tuesday,8,Southwest Monsoon,False,23.7,1.6,51,Drizzle,False,,False,True
2024-08-20,Egg Roll,100,59,56,3,Tuesday,8,Southwest Monsoon,False,23.7,1.6,51,Drizzle,False,,False,True
2024-08-20,Fish Bun,120,79,73,6,Tuesday,8,Southwest Monsoon,False,23.7,1.6,51,Drizzle,False,,False,True
2024-08-20,Fish Patty,110,56,52,4,Tuesday,8,Southwest Monsoon,False,23.7,1.6,51,Drizzle,False,,False,True
2024-08-20,Mini Pizza,220,40,37,3,Tuesday,8,Southwest Monsoon,False,23.7,1.6,51,Drizzle,False,,False,True
2024-08-20,Sausage Bun,140,60,56,4,Tuesday,8,Southwest Monsoon,False,23.7,1.6,51,Drizzle,False,,False,True
2024-08-20,Vegetable Roti,100,56,53,3,Tuesday,8,Southwest Monsoon,False,23.7,1.6,51,Drizzle,False,,False,True
2024-08-21,Chicken Bun,130,40,38,2,Wednesday,8,Southwest Monsoon,False,22.8,9.0,63,Rain,False,,False,False
2024-08-21,Chicken Pastry,180,59,55,4,Wednesday,8,Southwest Monsoon,False,22.8,9.0,63,Rain,False,,False,False
2024-08-21,Chicken Samosa,90,55,53,2,Wednesday,8,Southwest Monsoon,False,22.8,9.0,63,Rain,False,,False,False
2024-08-21,Cream Bun,120,39,36,3,Wednesday,8,Southwest Monsoon,False,22.8,9.0,63,Rain,False,,False,False
2024-08-21,Egg Roll,100,61,55,6,Wednesday,8,Southwest Monsoon,False,22.8,9.0,63,Rain,False,,False,False
2024-08-21,Fish Bun,120,64,61,3,Wednesday,8,Southwest Monsoon,False,22.8,9.0,63,Rain,False,,False,False
2024-08-21,Fish Patty,110,51,48,3,Wednesday,8,Southwest Monsoon,False,22.8,9.0,63,Rain,False,,False,False
2024-08-21,Mini Pizza,220,35,32,3,Wednesday,8,Southwest Monsoon,False,22.8,9.0,63,Rain,False,,False,False
2024-08-21,Sausage Bun,140,48,43,5,Wednesday,8,Southwest Monsoon,False,22.8,9.0,63,Rain,False,,False,False
2024-08-21,Vegetable Roti,100,56,51,5,Wednesday,8,Southwest Monsoon,False,22.8,9.0,63,Rain,False,,False,False
2024-08-22,Chicken Bun,130,73,67,6,Thursday,8,Southwest Monsoon,False,23.6,0.5,51,Drizzle,False,,False,False
2024-08-22,Chicken Pastry,180,104,96,8,Thursday,8,Southwest Monsoon,False,23.6,0.5,51,Drizzle,False,,False,False
2024-08-22,Chicken Samosa,90,76,70,6,Thursday,8,Southwest Monsoon,False,23.6,0.5,51,Drizzle,False,,False,False
2024-08-22,Cream Bun,120,51,48,3,Thursday,8,Southwest Monsoon,False,23.6,0.5,51,Drizzle,False,,False,False
2024-08-22,Egg Roll,100,58,55,3,Thursday,8,Southwest Monsoon,False,23.6,0.5,51,Drizzle,False,,False,False
2024-08-22,Fish Bun,120,71,67,4,Thursday,8,Southwest Monsoon,False,23.6,0.5,51,Drizzle,False,,False,False
2024-08-22,Fish Patty,110,54,51,3,Thursday,8,Southwest Monsoon,False,23.6,0.5,51,Drizzle,False,,False,False
2024-08-22,Mini Pizza,220,48,45,3,Thursday,8,Southwest Monsoon,False,23.6,0.5,51,Drizzle,False,,False,False
2024-08-22,Sausage Bun,140,61,56,5,Thursday,8,Southwest Monsoon,False,23.6,0.5,51,Drizzle,False,,False,False
2024-08-22,Vegetable Roti,100,50,49,1,Thursday,8,Southwest Monsoon,False,23.6,0.5,51,Drizzle,False,,False,False
2024-08-23,Chicken Bun,130,67,63,4,Friday,8,Southwest Monsoon,False,24.0,1.2,53,Drizzle,False,,False,False
2024-08-23,Chicken Pastry,180,94,88,6,Friday,8,Southwest Monsoon,False,24.0,1.2,53,Drizzle,False,,False,False
2024-08-23,Chicken Samosa,90,71,65,6,Friday,8,Southwest Monsoon,False,24.0,1.2,53,Drizzle,False,,False,False
2024-08-23,Cream Bun,120,51,49,2,Friday,8,Southwest Monsoon,False,24.0,1.2,53,Drizzle,False,,False,False
2024-08-23,Egg Roll,100,66,60,6,Friday,8,Southwest Monsoon,False,24.0,1.2,53,Drizzle,False,,False,False
2024-08-23,Fish Bun,120,65,60,5,Friday,8,Southwest Monsoon,False,24.0,1.2,53,Drizzle,False,,False,False
2024-08-23,Fish Patty,110,53,48,5,Friday,8,Southwest Monsoon,False,24.0,1.2,53,Drizzle,False,,False,False
2024-08-23,Mini Pizza,220,46,43,3,Friday,8,Southwest Monsoon,False,24.0,1.2,53,Drizzle,False,,False,False
2024-08-23,Sausage Bun,140,60,53,7,Friday,8,Southwest Monsoon,False,24.0,1.2,53,Drizzle,False,,False,False
2024-08-23,Vegetable Roti,100,59,55,4,Friday,8,Southwest Monsoon,False,24.0,1.2,53,Drizzle,False,,False,False
2024-08-24,Chicken Bun,130,72,67,5,Saturday,8,Southwest Monsoon,True,23.8,0.6,51,Drizzle,False,,False,False
2024-08-24,Chicken Pastry,180,81,77,4,Saturday,8,Southwest Monsoon,True,23.8,0.6,51,Drizzle,False,,False,False
2024-08-24,Chicken Samosa,90,80,74,6,Saturday,8,Southwest Monsoon,True,23.8,0.6,51,Drizzle,False,,False,False
2024-08-24,Cream Bun,120,62,62,0,Saturday,8,Southwest Monsoon,True,23.8,0.6,51,Drizzle,False,,False,False
2024-08-24,Egg Roll,100,72,64,8,Saturday,8,Southwest Monsoon,True,23.8,0.6,51,Drizzle,False,,False,False
2024-08-24,Fish Bun,120,82,77,5,Saturday,8,Southwest Monsoon,True,23.8,0.6,51,Drizzle,False,,False,False
2024-08-24,Fish Patty,110,62,58,4,Saturday,8,Southwest Monsoon,True,23.8,0.6,51,Drizzle,False,,False,False
2024-08-24,Mini Pizza,220,52,47,5,Saturday,8,Southwest Monsoon,True,23.8,0.6,51,Drizzle,False,,False,False
2024-08-24,Sausage Bun,140,66,61,5,Saturday,8,Southwest Monsoon,True,23.8,0.6,51,Drizzle,False,,False,False
2024-08-24,Vegetable Roti,100,59,57,2,Saturday,8,Southwest Monsoon,True,23.8,0.6,51,Drizzle,False,,False,False
2024-08-25,Chicken Bun,130,76,70,6,Sunday,8,Southwest Monsoon,True,23.8,1.8,53,Drizzle,False,,False,False
2024-08-25,Chicken Pastry,180,97,90,7,Sunday,8,Southwest Monsoon,True,23.8,1.8,53,Drizzle,False,,False,False
2024-08-25,Chicken Samosa,90,68,64,4,Sunday,8,Southwest Monsoon,True,23.8,1.8,53,Drizzle,False,,False,False
2024-08-25,Cream Bun,120,54,52,2,Sunday,8,Southwest Monsoon,True,23.8,1.8,53,Drizzle,False,,False,False
2024-08-25,Egg Roll,100,65,60,5,Sunday,8,Southwest Monsoon,True,23.8,1.8,53,Drizzle,False,,False,False
2024-08-25,Fish Bun,120,81,75,6,Sunday,8,Southwest Monsoon,True,23.8,1.8,53,Drizzle,False,,False,False
2024-08-25,Fish Patty,110,51,50,1,Sunday,8,Southwest Monsoon,True,23.8,1.8,53,Drizzle,False,,False,False
2024-08-25,Mini Pizza,220,52,47,5,Sunday,8,Southwest Monsoon,True,23.8,1.8,53,Drizzle,False,,False,False
2024-08-25,Sausage Bun,140,72,68,4,Sunday,8,Southwest Monsoon,True,23.8,1.8,53,Drizzle,False,,False,False
2024-08-25,Vegetable Roti,100,62,60,2,Sunday,8,Southwest Monsoon,True,23.8,1.8,53,Drizzle,False,,False,False
2024-08-26,Chicken Bun,130,64,64,0,Monday,8,Southwest Monsoon,False,24.2,0.0,3,Cloudy,False,,False,False
2024-08-26,Chicken Pastry,180,104,88,16,Monday,8,Southwest Monsoon,False,24.2,0.0,3,Cloudy,False,,False,False
2024-08-26,Chicken Samosa,90,69,64,5,Monday,8,Southwest Monsoon,False,24.2,0.0,3,Cloudy,False,,False,False
2024-08-26,Cream Bun,120,51,46,5,Monday,8,Southwest Monsoon,False,24.2,0.0,3,Cloudy,False,,False,False
2024-08-26,Egg Roll,100,70,64,6,Monday,8,Southwest Monsoon,False,24.2,0.0,3,Cloudy,False,,False,False
2024-08-26,Fish Bun,120,82,72,10,Monday,8,Southwest Monsoon,False,24.2,0.0,3,Cloudy,False,,False,False
2024-08-26,Fish Patty,110,53,47,6,Monday,8,Southwest Monsoon,False,24.2,0.0,3,Cloudy,False,,False,False
2024-08-26,Mini Pizza,220,42,41,1,Monday,8,Southwest Monsoon,False,24.2,0.0,3,Cloudy,False,,False,False
2024-08-26,Sausage Bun,140,63,57,6,Monday,8,Southwest Monsoon,False,24.2,0.0,3,Cloudy,False,,False,False
2024-08-26,Vegetable Roti,100,57,51,6,Monday,8,Southwest Monsoon,False,24.2,0.0,3,Cloudy,False,,False,False
2024-08-27,Chicken Bun,130,55,55,0,Tuesday,8,Southwest Monsoon,False,24.0,0.0,3,Cloudy,False,,False,False
2024-08-27,Chicken Pastry,180,95,85,10,Tuesday,8,Southwest Monsoon,False,24.0,0.0,3,Cloudy,False,,False,False
2024-08-27,Chicken Samosa,90,67,63,4,Tuesday,8,Southwest Monsoon,False,24.0,0.0,3,Cloudy,False,,False,False
2024-08-27,Cream Bun,120,54,50,4,Tuesday,8,Southwest Monsoon,False,24.0,0.0,3,Cloudy,False,,False,False
2024-08-27,Egg Roll,100,61,59,2,Tuesday,8,Southwest Monsoon,False,24.0,0.0,3,Cloudy,False,,False,False
2024-08-27,Fish Bun,120,72,66,6,Tuesday,8,Southwest Monsoon,False,24.0,0.0,3,Cloudy,False,,False,False
2024-08-27,Fish Patty,110,67,61,6,Tuesday,8,Southwest Monsoon,False,24.0,0.0,3,Cloudy,False,,False,False
2024-08-27,Mini Pizza,220,50,45,5,Tuesday,8,Southwest Monsoon,False,24.0,0.0,3,Cloudy,False,,False,False
2024-08-27,Sausage Bun,140,66,63,3,Tuesday,8,Southwest Monsoon,False,24.0,0.0,3,Cloudy,False,,False,False
2024-08-27,Vegetable Roti,100,53,49,4,Tuesday,8,Southwest Monsoon,False,24.0,0.0,3,Cloudy,False,,False,False
2024-08-28,Chicken Bun,130,67,63,4,Wednesday,8,Southwest Monsoon,False,24.0,0.2,51,Drizzle,False,,False,False
2024-08-28,Chicken Pastry,180,96,87,9,Wednesday,8,Southwest Monsoon,False,24.0,0.2,51,Drizzle,False,,False,False
2024-08-28,Chicken Samosa,90,69,67,2,Wednesday,8,Southwest Monsoon,False,24.0,0.2,51,Drizzle,False,,False,False
2024-08-28,Cream Bun,120,51,47,4,Wednesday,8,Southwest Monsoon,False,24.0,0.2,51,Drizzle,False,,False,False
2024-08-28,Egg Roll,100,58,56,2,Wednesday,8,Southwest Monsoon,False,24.0,0.2,51,Drizzle,False,,False,False
2024-08-28,Fish Bun,120,79,71,8,Wednesday,8,Southwest Monsoon,False,24.0,0.2,51,Drizzle,False,,False,False
2024-08-28,Fish Patty,110,54,50,4,Wednesday,8,Southwest Monsoon,False,24.0,0.2,51,Drizzle,False,,False,False
2024-08-28,Mini Pizza,220,53,49,4,Wednesday,8,Southwest Monsoon,False,24.0,0.2,51,Drizzle,False,,False,False
2024-08-28,Sausage Bun,140,58,58,0,Wednesday,8,Southwest Monsoon,False,24.0,0.2,51,Drizzle,False,,False,False
2024-08-28,Vegetable Roti,100,67,63,4,Wednesday,8,Southwest Monsoon,False,24.0,0.2,51,Drizzle,False,,False,False
2024-08-29,Chicken Bun,130,53,52,1,Thursday,8,Southwest Monsoon,False,23.7,2.8,53,Drizzle,False,,False,False
2024-08-29,Chicken Pastry,180,80,76,4,Thursday,8,Southwest Monsoon,False,23.7,2.8,53,Drizzle,False,,False,False
2024-08-29,Chicken Samosa,90,74,68,6,Thursday,8,Southwest Monsoon,False,23.7,2.8,53,Drizzle,False,,False,False
2024-08-29,Cream Bun,120,40,38,2,Thursday,8,Southwest Monsoon,False,23.7,2.8,53,Drizzle,False,,False,False
2024-08-29,Egg Roll,100,61,58,3,Thursday,8,Southwest Monsoon,False,23.7,2.8,53,Drizzle,False,,False,False
2024-08-29,Fish Bun,120,78,74,4,Thursday,8,Southwest Monsoon,False,23.7,2.8,53,Drizzle,False,,False,False
2024-08-29,Fish Patty,110,55,54,1,Thursday,8,Southwest Monsoon,False,23.7,2.8,53,Drizzle,False,,False,False
2024-08-29,Mini Pizza,220,32,31,1,Thursday,8,Southwest Monsoon,False,23.7,2.8,53,Drizzle,False,,False,False
2024-08-29,Sausage Bun,140,50,47,3,Thursday,8,Southwest Monsoon,False,23.7,2.8,53,Drizzle,False,,False,False
2024-08-29,Vegetable Roti,100,54,50,4,Thursday,8,Southwest Monsoon,False,23.7,2.8,53,Drizzle,False,,False,False
2024-08-30,Chicken Bun,130,59,55,4,Friday,8,Southwest Monsoon,False,23.6,3.5,55,Drizzle,False,,False,False
2024-08-30,Chicken Pastry,180,82,78,4,Friday,8,Southwest Monsoon,False,23.6,3.5,55,Drizzle,False,,False,False
2024-08-30,Chicken Samosa,90,63,59,4,Friday,8,Southwest Monsoon,False,23.6,3.5,55,Drizzle,False,,False,False
2024-08-30,Cream Bun,120,47,46,1,Friday,8,Southwest Monsoon,False,23.6,3.5,55,Drizzle,False,,False,False
2024-08-30,Egg Roll,100,60,54,6,Friday,8,Southwest Monsoon,False,23.6,3.5,55,Drizzle,False,,False,False
2024-08-30,Fish Bun,120,60,58,2,Friday,8,Southwest Monsoon,False,23.6,3.5,55,Drizzle,False,,False,False
2024-08-30,Fish Patty,110,50,46,4,Friday,8,Southwest Monsoon,False,23.6,3.5,55,Drizzle,False,,False,False
2024-08-30,Mini Pizza,220,33,31,2,Friday,8,Southwest Monsoon,False,23.6,3.5,55,Drizzle,False,,False,False
2024-08-30,Sausage Bun,140,57,51,6,Friday,8,Southwest Monsoon,False,23.6,3.5,55,Drizzle,False,,False,False
2024-08-30,Vegetable Roti,100,61,55,6,Friday,8,Southwest Monsoon,False,23.6,3.5,55,Drizzle,False,,False,False
2024-08-31,Chicken Bun,130,60,55,5,Saturday,8,Southwest Monsoon,True,23.7,4.8,61,Rain,False,,False,False
2024-08-31,Chicken Pastry,180,79,72,7,Saturday,8,Southwest Monsoon,True,23.7,4.8,61,Rain,False,,False,False
2024-08-31,Chicken Samosa,90,71,68,3,Saturday,8,Southwest Monsoon,True,23.7,4.8,61,Rain,False,,False,False
2024-08-31,Cream Bun,120,39,38,1,Saturday,8,Southwest Monsoon,True,23.7,4.8,61,Rain,False,,False,False
2024-08-31,Egg Roll,100,56,52,4,Saturday,8,Southwest Monsoon,True,23.7,4.8,61,Rain,False,,False,False
2024-08-31,Fish Bun,120,81,74,7,Saturday,8,Southwest Monsoon,True,23.7,4.8,61,Rain,False,,False,False
2024-08-31,Fish Patty,110,64,59,5,Saturday,8,Southwest Monsoon,True,23.7,4.8,61,Rain,False,,False,False
2024-08-31,Mini Pizza,220,44,40,4,Saturday,8,Southwest Monsoon,True,23.7,4.8,61,Rain,False,,False,False
2024-08-31,Sausage Bun,140,53,50,3,Saturday,8,Southwest Monsoon,True,23.7,4.8,61,Rain,False,,False,False
2024-08-31,Vegetable Roti,100,53,50,3,Saturday,8,Southwest Monsoon,True,23.7,4.8,61,Rain,False,,False,False
2024-09-01,Chicken Bun,130,58,56,2,Sunday,9,Southwest Monsoon,True,23.7,7.7,61,Rain,False,,False,False
2024-09-01,Chicken Pastry,180,74,68,6,Sunday,9,Southwest Monsoon,True,23.7,7.7,61,Rain,False,,False,False
2024-09-01,Chicken Samosa,90,67,63,4,Sunday,9,Southwest Monsoon,True,23.7,7.7,61,Rain,False,,False,False
2024-09-01,Cream Bun,120,38,36,2,Sunday,9,Southwest Monsoon,True,23.7,7.7,61,Rain,False,,False,False
2024-09-01,Egg Roll,100,57,53,4,Sunday,9,Southwest Monsoon,True,23.7,7.7,61,Rain,False,,False,False
2024-09-01,Fish Bun,120,66,62,4,Sunday,9,Southwest Monsoon,True,23.7,7.7,61,Rain,False,,False,False
2024-09-01,Fish Patty,110,52,46,6,Sunday,9,Southwest Monsoon,True,23.7,7.7,61,Rain,False,,False,False
2024-09-01,Mini Pizza,220,44,39,5,Sunday,9,Southwest Monsoon,True,23.7,7.7,61,Rain,False,,False,False
2024-09-01,Sausage Bun,140,48,45,3,Sunday,9,Southwest Monsoon,True,23.7,7.7,61,Rain,False,,False,False
2024-09-01,Vegetable Roti,100,58,51,7,Sunday,9,Southwest Monsoon,True,23.7,7.7,61,Rain,False,,False,False
2024-09-02,Chicken Bun,130,46,42,4,Monday,9,Southwest Monsoon,False,23.8,10.8,63,Rain,False,,False,False
2024-09-02,Chicken Pastry,180,56,52,4,Monday,9,Southwest Monsoon,False,23.8,10.8,63,Rain,False,,False,False
2024-09-02,Chicken Samosa,90,61,55,6,Monday,9,Southwest Monsoon,False,23.8,10.8,63,Rain,False,,False,False
2024-09-02,Cream Bun,120,36,35,1,Monday,9,Southwest Monsoon,False,23.8,10.8,63,Rain,False,,False,False
2024-09-02,Egg Roll,100,55,49,6,Monday,9,Southwest Monsoon,False,23.8,10.8,63,Rain,False,,False,False
2024-09-02,Fish Bun,120,60,55,5,Monday,9,Southwest Monsoon,False,23.8,10.8,63,Rain,False,,False,False
2024-09-02,Fish Patty,110,41,38,3,Monday,9,Southwest Monsoon,False,23.8,10.8,63,Rain,False,,False,False
2024-09-02,Mini Pizza,220,29,27,2,Monday,9,Southwest Monsoon,False,23.8,10.8,63,Rain,False,,False,False
2024-09-02,Sausage Bun,140,49,45,4,Monday,9,Southwest Monsoon,False,23.8,10.8,63,Rain,False,,False,False
2024-09-02,Vegetable Roti,100,48,46,2,Monday,9,Southwest Monsoon,False,23.8,10.8,63,Rain,False,,False,False
2024-09-03,Chicken Bun,130,65,62,3,Tuesday,9,Southwest Monsoon,False,23.4,2.2,53,Drizzle,False,,False,False
2024-09-03,Chicken Pastry,180,87,78,9,Tuesday,9,Southwest Monsoon,False,23.4,2.2,53,Drizzle,False,,False,False
2024-09-03,Chicken Samosa,90,69,66,3,Tuesday,9,Southwest Monsoon,False,23.4,2.2,53,Drizzle,False,,False,False
2024-09-03,Cream Bun,120,53,48,5,Tuesday,9,Southwest Monsoon,False,23.4,2.2,53,Drizzle,False,,False,False
2024-09-03,Egg Roll,100,55,49,6,Tuesday,9,Southwest Monsoon,False,23.4,2.2,53,Drizzle,False,,False,False
2024-09-03,Fish Bun,120,70,68,2,Tuesday,9,Southwest Monsoon,False,23.4,2.2,53,Drizzle,False,,False,False
2024-09-03,Fish Patty,110,61,55,6,Tuesday,9,Southwest Monsoon,False,23.4,2.2,53,Drizzle,False,,False,False
2024-09-03,Mini Pizza,220,39,38,1,Tuesday,9,Southwest Monsoon,False,23.4,2.2,53,Drizzle,False,,False,False
2024-09-03,Sausage Bun,140,55,52,3,Tuesday,9,Southwest Monsoon,False,23.4,2.2,53,Drizzle,False,,False,False
2024-09-03,Vegetable Roti,100,62,57,5,Tuesday,9,Southwest Monsoon,False,23.4,2.2,53,Drizzle,False,,False,False
2024-09-04,Chicken Bun,130,51,49,2,Wednesday,9,Southwest Monsoon,False,23.0,10.2,61,Rain,False,,False,False
2024-09-04,Chicken Pastry,180,68,64,4,Wednesday,9,Southwest Monsoon,False,23.0,10.2,61,Rain,False,,False,False
2024-09-04,Chicken Samosa,90,60,57,3,Wednesday,9,Southwest Monsoon,False,23.0,10.2,61,Rain,False,,False,False
2024-09-04,Cream Bun,120,35,34,1,Wednesday,9,Southwest Monsoon,False,23.0,10.2,61,Rain,False,,False,False
2024-09-04,Egg Roll,100,49,43,6,Wednesday,9,Southwest Monsoon,False,23.0,10.2,61,Rain,False,,False,False
2024-09-04,Fish Bun,120,58,55,3,Wednesday,9,Southwest Monsoon,False,23.0,10.2,61,Rain,False,,False,False
2024-09-04,Fish Patty,110,45,41,4,Wednesday,9,Southwest Monsoon,False,23.0,10.2,61,Rain,False,,False,False
2024-09-04,Mini Pizza,220,31,31,0,Wednesday,9,Southwest Monsoon,False,23.0,10.2,61,Rain,False,,False,False
2024-09-04,Sausage Bun,140,52,45,7,Wednesday,9,Southwest Monsoon,False,23.0,10.2,61,Rain,False,,False,False
2024-09-04,Vegetable Roti,100,54,49,5,Wednesday,9,Southwest Monsoon,False,23.0,10.2,61,Rain,False,,False,False
2024-09-05,Chicken Bun,130,58,56,2,Thursday,9,Southwest Monsoon,False,24.2,3.1,55,Drizzle,False,,False,False
2024-09-05,Chicken Pastry,180,80,73,7,Thursday,9,Southwest Monsoon,False,24.2,3.1,55,Drizzle,False,,False,False
2024-09-05,Chicken Samosa,90,70,66,4,Thursday,9,Southwest Monsoon,False,24.2,3.1,55,Drizzle,False,,False,False
2024-09-05,Cream Bun,120,44,44,0,Thursday,9,Southwest Monsoon,False,24.2,3.1,55,Drizzle,False,,False,False
2024-09-05,Egg Roll,100,55,51,4,Thursday,9,Southwest Monsoon,False,24.2,3.1,55,Drizzle,False,,False,False
2024-09-05,Fish Bun,120,71,67,4,Thursday,9,Southwest Monsoon,False,24.2,3.1,55,Drizzle,False,,False,False
2024-09-05,Fish Patty,110,51,47,4,Thursday,9,Southwest Monsoon,False,24.2,3.1,55,Drizzle,False,,False,False
2024-09-05,Mini Pizza,220,38,35,3,Thursday,9,Southwest Monsoon,False,24.2,3.1,55,Drizzle,False,,False,False
2024-09-05,Sausage Bun,140,53,50,3,Thursday,9,Southwest Monsoon,False,24.2,3.1,55,Drizzle,False,,False,False
2024-09-05,Vegetable Roti,100,52,50,2,Thursday,9,Southwest Monsoon,False,24.2,3.1,55,Drizzle,False,,False,False
2024-09-06,Chicken Bun,130,52,48,4,Friday,9,Southwest Monsoon,False,23.8,4.6,61,Rain,False,,False,False
2024-09-06,Chicken Pastry,180,83,76,7,Friday,9,Southwest Monsoon,False,23.8,4.6,61,Rain,False,,False,False
2024-09-06,Chicken Samosa,90,63,60,3,Friday,9,Southwest Monsoon,False,23.8,4.6,61,Rain,False,,False,False
2024-09-06,Cream Bun,120,38,36,2,Friday,9,Southwest Monsoon,False,23.8,4.6,61,Rain,False,,False,False
2024-09-06,Egg Roll,100,50,46,4,Friday,9,Southwest Monsoon,False,23.8,4.6,61,Rain,False,,False,False
2024-09-06,Fish Bun,120,64,56,8,Friday,9,Southwest Monsoon,False,23.8,4.6,61,Rain,False,,False,False
2024-09-06,Fish Patty,110,50,45,5,Friday,9,Southwest Monsoon,False,23.8,4.6,61,Rain,False,,False,False
2024-09-06,Mini Pizza,220,33,30,3,Friday,9,Southwest Monsoon,False,23.8,4.6,61,Rain,False,,False,False
2024-09-06,Sausage Bun,140,57,51,6,Friday,9,Southwest Monsoon,False,23.8,4.6,61,Rain,False,,False,False
2024-09-06,Vegetable Roti,100,56,51,5,Friday,9,Southwest Monsoon,False,23.8,4.6,61,Rain,False,,False,False
2024-09-07,Chicken Bun,130,69,67,2,Saturday,9,Southwest Monsoon,True,24.0,2.6,53,Drizzle,False,,False,False
2024-09-07,Chicken Pastry,180,92,86,6,Saturday,9,Southwest Monsoon,True,24.0,2.6,53,Drizzle,False,,False,False
2024-09-07,Chicken Samosa,90,68,61,7,Saturday,9,Southwest Monsoon,True,24.0,2.6,53,Drizzle,False,,False,False
2024-09-07,Cream Bun,120,48,42,6,Saturday,9,Southwest Monsoon,True,24.0,2.6,53,Drizzle,False,,False,False
2024-09-07,Egg Roll,100,61,60,1,Saturday,9,Southwest Monsoon,True,24.0,2.6,53,Drizzle,False,,False,False
2024-09-07,Fish Bun,120,76,69,7,Saturday,9,Southwest Monsoon,True,24.0,2.6,53,Drizzle,False,,False,False
2024-09-07,Fish Patty,110,55,50,5,Saturday,9,Southwest Monsoon,True,24.0,2.6,53,Drizzle,False,,False,False
2024-09-07,Mini Pizza,220,44,41,3,Saturday,9,Southwest Monsoon,True,24.0,2.6,53,Drizzle,False,,False,False
2024-09-07,Sausage Bun,140,64,60,4,Saturday,9,Southwest Monsoon,True,24.0,2.6,53,Drizzle,False,,False,False
2024-09-07,Vegetable Roti,100,53,48,5,Saturday,9,Southwest Monsoon,True,24.0,2.6,53,Drizzle,False,,False,False
2024-09-08,Chicken Bun,130,74,67,7,Sunday,9,Southwest Monsoon,True,23.9,3.5,53,Drizzle,False,,False,False
2024-09-08,Chicken Pastry,180,89,80,9,Sunday,9,Southwest Monsoon,True,23.9,3.5,53,Drizzle,False,,False,False
2024-09-08,Chicken Samosa,90,60,58,2,Sunday,9,Southwest Monsoon,True,23.9,3.5,53,Drizzle,False,,False,False
2024-09-08,Cream Bun,120,54,50,4,Sunday,9,Southwest Monsoon,True,23.9,3.5,53,Drizzle,False,,False,False
2024-09-08,Egg Roll,100,56,56,0,Sunday,9,Southwest Monsoon,True,23.9,3.5,53,Drizzle,False,,False,False
2024-09-08,Fish Bun,120,73,70,3,Sunday,9,Southwest Monsoon,True,23.9,3.5,53,Drizzle,False,,False,False
2024-09-08,Fish Patty,110,56,55,1,Sunday,9,Southwest Monsoon,True,23.9,3.5,53,Drizzle,False,,False,False
2024-09-08,Mini Pizza,220,45,43,2,Sunday,9,Southwest Monsoon,True,23.9,3.5,53,Drizzle,False,,False,False
2024-09-08,Sausage Bun,140,63,61,2,Sunday,9,Southwest Monsoon,True,23.9,3.5,53,Drizzle,False,,False,False
2024-09-08,Vegetable Roti,100,58,54,4,Sunday,9,Southwest Monsoon,True,23.9,3.5,53,Drizzle,False,,False,False
2024-09-09,Chicken Bun,130,67,62,5,Monday,9,Southwest Monsoon,False,24.5,1.2,51,Drizzle,False,,False,False
2024-09-09,Chicken Pastry,180,86,82,4,Monday,9,Southwest Monsoon,False,24.5,1.2,51,Drizzle,False,,False,False
2024-09-09,Chicken Samosa,90,68,63,5,Monday,9,Southwest Monsoon,False,24.5,1.2,51,Drizzle,False,,False,False
2024-09-09,Cream Bun,120,51,48,3,Monday,9,Southwest Monsoon,False,24.5,1.2,51,Drizzle,False,,False,False
2024-09-09,Egg Roll,100,53,47,6,Monday,9,Southwest Monsoon,False,24.5,1.2,51,Drizzle,False,,False,False
2024-09-09,Fish Bun,120,71,70,1,Monday,9,Southwest Monsoon,False,24.5,1.2,51,Drizzle,False,,False,False
2024-09-09,Fish Patty,110,57,51,6,Monday,9,Southwest Monsoon,False,24.5,1.2,51,Drizzle,False,,False,False
2024-09-09,Mini Pizza,220,42,39,3,Monday,9,Southwest Monsoon,False,24.5,1.2,51,Drizzle,False,,False,False
2024-09-09,Sausage Bun,140,59,55,4,Monday,9,Southwest Monsoon,False,24.5,1.2,51,Drizzle,False,,False,False
2024-09-09,Vegetable Roti,100,58,56,2,Monday,9,Southwest Monsoon,False,24.5,1.2,51,Drizzle,False,,False,False
2024-09-10,Chicken Bun,130,59,55,4,Tuesday,9,Southwest Monsoon,False,23.9,2.9,53,Drizzle,False,,False,False
2024-09-10,Chicken Pastry,180,79,71,8,Tuesday,9,Southwest Monsoon,False,23.9,2.9,53,Drizzle,False,,False,False
2024-09-10,Chicken Samosa,90,69,65,4,Tuesday,9,Southwest Monsoon,False,23.9,2.9,53,Drizzle,False,,False,False
2024-09-10,Cream Bun,120,50,47,3,Tuesday,9,Southwest Monsoon,False,23.9,2.9,53,Drizzle,False,,False,False
2024-09-10,Egg Roll,100,58,53,5,Tuesday,9,Southwest Monsoon,False,23.9,2.9,53,Drizzle,False,,False,False
2024-09-10,Fish Bun,120,65,61,4,Tuesday,9,Southwest Monsoon,False,23.9,2.9,53,Drizzle,False,,False,False
2024-09-10,Fish Patty,110,52,46,6,Tuesday,9,Southwest Monsoon,False,23.9,2.9,53,Drizzle,False,,False,False
2024-09-10,Mini Pizza,220,40,37,3,Tuesday,9,Southwest Monsoon,False,23.9,2.9,53,Drizzle,False,,False,False
2024-09-10,Sausage Bun,140,62,57,5,Tuesday,9,Southwest Monsoon,False,23.9,2.9,53,Drizzle,False,,False,False
2024-09-10,Vegetable Roti,100,48,43,5,Tuesday,9,Southwest Monsoon,False,23.9,2.9,53,Drizzle,False,,False,False
2024-09-11,Chicken Bun,130,67,61,6,Wednesday,9,Southwest Monsoon,False,23.9,1.4,51,Drizzle,False,,False,False
2024-09-11,Chicken Pastry,180,80,76,4,Wednesday,9,Southwest Monsoon,False,23.9,1.4,51,Drizzle,False,,False,False
2024-09-11,Chicken Samosa,90,61,58,3,Wednesday,9,Southwest Monsoon,False,23.9,1.4,51,Drizzle,False,,False,False
2024-09-11,Cream Bun,120,43,40,3,Wednesday,9,Southwest Monsoon,False,23.9,1.4,51,Drizzle,False,,False,False
2024-09-11,Egg Roll,100,66,59,7,Wednesday,9,Southwest Monsoon,False,23.9,1.4,51,Drizzle,False,,False,False
2024-09-11,Fish Bun,120,74,69,5,Wednesday,9,Southwest Monsoon,False,23.9,1.4,51,Drizzle,False,,False,False
2024-09-11,Fish Patty,110,52,45,7,Wednesday,9,Southwest Monsoon,False,23.9,1.4,51,Drizzle,False,,False,False
2024-09-11,Mini Pizza,220,50,43,7,Wednesday,9,Southwest Monsoon,False,23.9,1.4,51,Drizzle,False,,False,False
2024-09-11,Sausage Bun,140,61,57,4,Wednesday,9,Southwest Monsoon,False,23.9,1.4,51,Drizzle,False,,False,False
2024-09-11,Vegetable Roti,100,52,49,3,Wednesday,9,Southwest Monsoon,False,23.9,1.4,51,Drizzle,False,,False,False
2024-09-12,Chicken Bun,130,64,60,4,Thursday,9,Southwest Monsoon,False,24.6,0.5,51,Drizzle,False,,False,False
2024-09-12,Chicken Pastry,180,90,79,11,Thursday,9,Southwest Monsoon,False,24.6,0.5,51,Drizzle,False,,False,False
2024-09-12,Chicken Samosa,90,66,60,6,Thursday,9,Southwest Monsoon,False,24.6,0.5,51,Drizzle,False,,False,False
2024-09-12,Cream Bun,120,51,46,5,Thursday,9,Southwest Monsoon,False,24.6,0.5,51,Drizzle,False,,False,False
2024-09-12,Egg Roll,100,60,57,3,Thursday,9,Southwest Monsoon,False,24.6,0.5,51,Drizzle,False,,False,False
2024-09-12,Fish Bun,120,81,75,6,Thursday,9,Southwest Monsoon,False,24.6,0.5,51,Drizzle,False,,False,False
2024-09-12,Fish Patty,110,55,50,5,Thursday,9,Southwest Monsoon,False,24.6,0.5,51,Drizzle,False,,False,False
2024-09-12,Mini Pizza,220,47,44,3,Thursday,9,Southwest Monsoon,False,24.6,0.5,51,Drizzle,False,,False,False
2024-09-12,Sausage Bun,140,69,63,6,Thursday,9,Southwest Monsoon,False,24.6,0.5,51,Drizzle,False,,False,False
2024-09-12,Vegetable Roti,100,61,57,4,Thursday,9,Southwest Monsoon,False,24.6,0.5,51,Drizzle,False,,False,False
2024-09-13,Chicken Bun,130,59,55,4,Friday,9,Southwest Monsoon,False,24.5,1.7,53,Drizzle,False,,False,False
2024-09-13,Chicken Pastry,180,84,82,2,Friday,9,Southwest Monsoon,False,24.5,1.7,53,Drizzle,False,,False,False
2024-09-13,Chicken Samosa,90,66,60,6,Friday,9,Southwest Monsoon,False,24.5,1.7,53,Drizzle,False,,False,False
2024-09-13,Cream Bun,120,44,43,1,Friday,9,Southwest Monsoon,False,24.5,1.7,53,Drizzle,False,,False,False
2024-09-13,Egg Roll,100,60,53,7,Friday,9,Southwest Monsoon,False,24.5,1.7,53,Drizzle,False,,False,False
2024-09-13,Fish Bun,120,71,66,5,Friday,9,Southwest Monsoon,False,24.5,1.7,53,Drizzle,False,,False,False
2024-09-13,Fish Patty,110,55,51,4,Friday,9,Southwest Monsoon,False,24.5,1.7,53,Drizzle,False,,False,False
2024-09-13,Mini Pizza,220,44,40,4,Friday,9,Southwest Monsoon,False,24.5,1.7,53,Drizzle,False,,False,False
2024-09-13,Sausage Bun,140,56,52,4,Friday,9,Southwest Monsoon,False,24.5,1.7,53,Drizzle,False,,False,False
2024-09-13,Vegetable Roti,100,61,54,7,Friday,9,Southwest Monsoon,False,24.5,1.7,53,Drizzle,False,,False,False
2024-09-14,Chicken Bun,130,78,72,6,Saturday,9,Southwest Monsoon,True,24.5,2.3,53,Drizzle,False,,False,False
2024-09-14,Chicken Pastry,180,87,87,0,Saturday,9,Southwest Monsoon,True,24.5,2.3,53,Drizzle,False,,False,False
2024-09-14,Chicken Samosa,90,64,64,0,Saturday,9,Southwest Monsoon,True,24.5,2.3,53,Drizzle,False,,False,False
2024-09-14,Cream Bun,120,54,48,6,Saturday,9,Southwest Monsoon,True,24.5,2.3,53,Drizzle,False,,False,False
2024-09-14,Egg Roll,100,56,52,4,Saturday,9,Southwest Monsoon,True,24.5,2.3,53,Drizzle,False,,False,False
2024-09-14,Fish Bun,120,79,71,8,Saturday,9,Southwest Monsoon,True,24.5,2.3,53,Drizzle,False,,False,False
2024-09-14,Fish Patty,110,55,53,2,Saturday,9,Southwest Monsoon,True,24.5,2.3,53,Drizzle,False,,False,False
2024-09-14,Mini Pizza,220,46,42,4,Saturday,9,Southwest Monsoon,True,24.5,2.3,53,Drizzle,False,,False,False
2024-09-14,Sausage Bun,140,64,61,3,Saturday,9,Southwest Monsoon,True,24.5,2.3,53,Drizzle,False,,False,False
2024-09-14,Vegetable Roti,100,65,62,3,Saturday,9,Southwest Monsoon,True,24.5,2.3,53,Drizzle,False,,False,False
2024-09-15,Chicken Bun,130,70,65,5,Sunday,9,Southwest Monsoon,True,24.4,3.7,61,Rain,False,,True,False
2024-09-15,Chicken Pastry,180,86,84,2,Sunday,9,Southwest Monsoon,True,24.4,3.7,61,Rain,False,,True,False
2024-09-15,Chicken Samosa,90,60,57,3,Sunday,9,Southwest Monsoon,True,24.4,3.7,61,Rain,False,,True,False
2024-09-15,Cream Bun,120,45,43,2,Sunday,9,Southwest Monsoon,True,24.4,3.7,61,Rain,False,,True,False
2024-09-15,Egg Roll,100,56,53,3,Sunday,9,Southwest Monsoon,True,24.4,3.7,61,Rain,False,,True,False
2024-09-15,Fish Bun,120,87,80,7,Sunday,9,Southwest Monsoon,True,24.4,3.7,61,Rain,False,,True,False
2024-09-15,Fish Patty,110,65,56,9,Sunday,9,Southwest Monsoon,True,24.4,3.7,61,Rain,False,,True,False
2024-09-15,Mini Pizza,220,53,47,6,Sunday,9,Southwest Monsoon,True,24.4,3.7,61,Rain,False,,True,False
2024-09-15,Sausage Bun,140,69,64,5,Sunday,9,Southwest Monsoon,True,24.4,3.7,61,Rain,False,,True,False
2024-09-15,Vegetable Roti,100,48,46,2,Sunday,9,Southwest Monsoon,True,24.4,3.7,61,Rain,False,,True,False
2024-09-16,Chicken Bun,130,70,64,6,Monday,9,Southwest Monsoon,False,24.2,3.1,53,Drizzle,True,Prophet's Birthday,True,False
2024-09-16,Chicken Pastry,180,88,82,6,Monday,9,Southwest Monsoon,False,24.2,3.1,53,Drizzle,True,Prophet's Birthday,True,False
2024-09-16,Chicken Samosa,90,69,64,5,Monday,9,Southwest Monsoon,False,24.2,3.1,53,Drizzle,True,Prophet's Birthday,True,False
2024-09-16,Cream Bun,120,53,48,5,Monday,9,Southwest Monsoon,False,24.2,3.1,53,Drizzle,True,Prophet's Birthday,True,False
2024-09-16,Egg Roll,100,59,54,5,Monday,9,Southwest Monsoon,False,24.2,3.1,53,Drizzle,True,Prophet's Birthday,True,False
2024-09-16,Fish Bun,120,86,73,13,Monday,9,Southwest Monsoon,False,24.2,3.1,53,Drizzle,True,Prophet's Birthday,True,False
2024-09-16,Fish Patty,110,56,54,2,Monday,9,Southwest Monsoon,False,24.2,3.1,53,Drizzle,True,Prophet's Birthday,True,False
2024-09-16,Mini Pizza,220,44,42,2,Monday,9,Southwest Monsoon,False,24.2,3.1,53,Drizzle,True,Prophet's Birthday,True,False
2024-09-16,Sausage Bun,140,71,64,7,Monday,9,Southwest Monsoon,False,24.2,3.1,53,Drizzle,True,Prophet's Birthday,True,False
2024-09-16,Vegetable Roti,100,63,58,5,Monday,9,Southwest Monsoon,False,24.2,3.1,53,Drizzle,True,Prophet's Birthday,True,False
2024-09-17,Chicken Bun,130,70,63,7,Tuesday,9,Southwest Monsoon,False,24.4,4.4,55,Drizzle,True,Binara Full Moon Poya Day,False,True
2024-09-17,Chicken Pastry,180,89,84,5,Tuesday,9,Southwest Monsoon,False,24.4,4.4,55,Drizzle,True,Binara Full Moon Poya Day,False,True
2024-09-17,Chicken Samosa,90,77,70,7,Tuesday,9,Southwest Monsoon,False,24.4,4.4,55,Drizzle,True,Binara Full Moon Poya Day,False,True
2024-09-17,Cream Bun,120,45,42,3,Tuesday,9,Southwest Monsoon,False,24.4,4.4,55,Drizzle,True,Binara Full Moon Poya Day,False,True
2024-09-17,Egg Roll,100,53,49,4,Tuesday,9,Southwest Monsoon,False,24.4,4.4,55,Drizzle,True,Binara Full Moon Poya Day,False,True
2024-09-17,Fish Bun,120,69,66,3,Tuesday,9,Southwest Monsoon,False,24.4,4.4,55,Drizzle,True,Binara Full Moon Poya Day,False,True
2024-09-17,Fish Patty,110,52,50,2,Tuesday,9,Southwest Monsoon,False,24.4,4.4,55,Drizzle,True,Binara Full Moon Poya Day,False,True
2024-09-17,Mini Pizza,220,39,35,4,Tuesday,9,Southwest Monsoon,False,24.4,4.4,55,Drizzle,True,Binara Full Moon Poya Day,False,True
2024-09-17,Sausage Bun,140,60,57,3,Tuesday,9,Southwest Monsoon,False,24.4,4.4,55,Drizzle,True,Binara Full Moon Poya Day,False,True
2024-09-17,Vegetable Roti,100,50,48,2,Tuesday,9,Southwest Monsoon,False,24.4,4.4,55,Drizzle,True,Binara Full Moon Poya Day,False,True
2024-09-18,Chicken Bun,130,65,63,2,Wednesday,9,Southwest Monsoon,False,24.6,1.4,53,Drizzle,False,,False,True
2024-09-18,Chicken Pastry,180,88,87,1,Wednesday,9,Southwest Monsoon,False,24.6,1.4,53,Drizzle,False,,False,True
2024-09-18,Chicken Samosa,90,63,59,4,Wednesday,9,Southwest Monsoon,False,24.6,1.4,53,Drizzle,False,,False,True
2024-09-18,Cream Bun,120,48,42,6,Wednesday,9,Southwest Monsoon,False,24.6,1.4,53,Drizzle,False,,False,True
2024-09-18,Egg Roll,100,66,60,6,Wednesday,9,Southwest Monsoon,False,24.6,1.4,53,Drizzle,False,,False,True
2024-09-18,Fish Bun,120,82,75,7,Wednesday,9,Southwest Monsoon,False,24.6,1.4,53,Drizzle,False,,False,True
2024-09-18,Fish Patty,110,56,52,4,Wednesday,9,Southwest Monsoon,False,24.6,1.4,53,Drizzle,False,,False,True
2024-09-18,Mini Pizza,220,40,37,3,Wednesday,9,Southwest Monsoon,False,24.6,1.4,53,Drizzle,False,,False,True
2024-09-18,Sausage Bun,140,56,52,4,Wednesday,9,Southwest Monsoon,False,24.6,1.4,53,Drizzle,False,,False,True
2024-09-18,Vegetable Roti,100,57,53,4,Wednesday,9,Southwest Monsoon,False,24.6,1.4,53,Drizzle,False,,False,True
2024-09-19,Chicken Bun,130,66,58,8,Thursday,9,Southwest Monsoon,False,23.8,2.3,53,Drizzle,False,,False,False
2024-09-19,Chicken Pastry,180,89,84,5,Thursday,9,Southwest Monsoon,False,23.8,2.3,53,Drizzle,False,,False,False
2024-09-19,Chicken Samosa,90,60,55,5,Thursday,9,Southwest Monsoon,False,23.8,2.3,53,Drizzle,False,,False,False
2024-09-19,Cream Bun,120,54,48,6,Thursday,9,Southwest Monsoon,False,23.8,2.3,53,Drizzle,False,,False,False
2024-09-19,Egg Roll,100,64,59,5,Thursday,9,Southwest Monsoon,False,23.8,2.3,53,Drizzle,False,,False,False
2024-09-19,Fish Bun,120,79,71,8,Thursday,9,Southwest Monsoon,False,23.8,2.3,53,Drizzle,False,,False,False
2024-09-19,Fish Patty,110,54,51,3,Thursday,9,Southwest Monsoon,False,23.8,2.3,53,Drizzle,False,,False,False
2024-09-19,Mini Pizza,220,40,39,1,Thursday,9,Southwest Monsoon,False,23.8,2.3,53,Drizzle,False,,False,False
2024-09-19,Sausage Bun,140,58,56,2,Thursday,9,Southwest Monsoon,False,23.8,2.3,53,Drizzle,False,,False,False
2024-09-19,Vegetable Roti,100,73,65,8,Thursday,9,Southwest Monsoon,False,23.8,2.3,53,Drizzle,False,,False,False
2024-09-20,Chicken Bun,130,72,64,8,Friday,9,Southwest Monsoon,False,24.3,1.3,51,Drizzle,False,,False,False
2024-09-20,Chicken Pastry,180,94,85,9,Friday,9,Southwest Monsoon,False,24.3,1.3,51,Drizzle,False,,False,False
2024-09-20,Chicken Samosa,90,70,61,9,Friday,9,Southwest Monsoon,False,24.3,1.3,51,Drizzle,False,,False,False
2024-09-20,Cream Bun,120,46,42,4,Friday,9,Southwest Monsoon,False,24.3,1.3,51,Drizzle,False,,False,False
2024-09-20,Egg Roll,100,56,52,4,Friday,9,Southwest Monsoon,False,24.3,1.3,51,Drizzle,False,,False,False
2024-09-20,Fish Bun,120,78,71,7,Friday,9,Southwest Monsoon,False,24.3,1.3,51,Drizzle,False,,False,False
2024-09-20,Fish Patty,110,56,53,3,Friday,9,Southwest Monsoon,False,24.3,1.3,51,Drizzle,False,,False,False
2024-09-20,Mini Pizza,220,43,40,3,Friday,9,Southwest Monsoon,False,24.3,1.3,51,Drizzle,False,,False,False
2024-09-20,Sausage Bun,140,53,52,1,Friday,9,Southwest Monsoon,False,24.3,1.3,51,Drizzle,False,,False,False
2024-09-20,Vegetable Roti,100,47,47,0,Friday,9,Southwest Monsoon,False,24.3,1.3,51,Drizzle,False,,False,False
2024-09-21,Chicken Bun,130,69,66,3,Saturday,9,Southwest Monsoon,True,23.7,2.4,51,Drizzle,False,,False,False
2024-09-21,Chicken Pastry,180,86,79,7,Saturday,9,Southwest Monsoon,True,23.7,2.4,51,Drizzle,False,,False,False
2024-09-21,Chicken Samosa,90,78,71,7,Saturday,9,Southwest Monsoon,True,23.7,2.4,51,Drizzle,False,,False,False
2024-09-21,Cream Bun,120,57,49,8,Saturday,9,Southwest Monsoon,True,23.7,2.4,51,Drizzle,False,,False,False
2024-09-21,Egg Roll,100,66,60,6,Saturday,9,Southwest Monsoon,True,23.7,2.4,51,Drizzle,False,,False,False
2024-09-21,Fish Bun,120,76,68,8,Saturday,9,Southwest Monsoon,True,23.7,2.4,51,Drizzle,False,,False,False
2024-09-21,Fish Patty,110,65,57,8,Saturday,9,Southwest Monsoon,True,23.7,2.4,51,Drizzle,False,,False,False
2024-09-21,Mini Pizza,220,45,42,3,Saturday,9,Southwest Monsoon,True,23.7,2.4,51,Drizzle,False,,False,False
2024-09-21,Sausage Bun,140,67,59,8,Saturday,9,Southwest Monsoon,True,23.7,2.4,51,Drizzle,False,,False,False
2024-09-21,Vegetable Roti,100,55,52,3,Saturday,9,Southwest Monsoon,True,23.7,2.4,51,Drizzle,False,,False,False
2024-09-22,Chicken Bun,130,64,61,3,Sunday,9,Southwest Monsoon,True,24.5,1.1,51,Drizzle,False,,False,False
2024-09-22,Chicken Pastry,180,91,87,4,Sunday,9,Southwest Monsoon,True,24.5,1.1,51,Drizzle,False,,False,False
2024-09-22,Chicken Samosa,90,64,59,5,Sunday,9,Southwest Monsoon,True,24.5,1.1,51,Drizzle,False,,False,False
2024-09-22,Cream Bun,120,57,53,4,Sunday,9,Southwest Monsoon,True,24.5,1.1,51,Drizzle,False,,False,False
2024-09-22,Egg Roll,100,78,68,10,Sunday,9,Southwest Monsoon,True,24.5,1.1,51,Drizzle,False,,False,False
2024-09-22,Fish Bun,120,91,81,10,Sunday,9,Southwest Monsoon,True,24.5,1.1,51,Drizzle,False,,False,False
2024-09-22,Fish Patty,110,66,60,6,Sunday,9,Southwest Monsoon,True,24.5,1.1,51,Drizzle,False,,False,False
2024-09-22,Mini Pizza,220,57,51,6,Sunday,9,Southwest Monsoon,True,24.5,1.1,51,Drizzle,False,,False,False
2024-09-22,Sausage Bun,140,68,61,7,Sunday,9,Southwest Monsoon,True,24.5,1.1,51,Drizzle,False,,False,False
2024-09-22,Vegetable Roti,100,61,57,4,Sunday,9,Southwest Monsoon,True,24.5,1.1,51,Drizzle,False,,False,False
2024-09-23,Chicken Bun,130,69,63,6,Monday,9,Southwest Monsoon,False,24.7,0.2,51,Drizzle,False,,False,False
2024-09-23,Chicken Pastry,180,92,90,2,Monday,9,Southwest Monsoon,False,24.7,0.2,51,Drizzle,False,,False,False
2024-09-23,Chicken Samosa,90,73,65,8,Monday,9,Southwest Monsoon,False,24.7,0.2,51,Drizzle,False,,False,False
2024-09-23,Cream Bun,120,55,48,7,Monday,9,Southwest Monsoon,False,24.7,0.2,51,Drizzle,False,,False,False
2024-09-23,Egg Roll,100,66,58,8,Monday,9,Southwest Monsoon,False,24.7,0.2,51,Drizzle,False,,False,False
2024-09-23,Fish Bun,120,69,66,3,Monday,9,Southwest Monsoon,False,24.7,0.2,51,Drizzle,False,,False,False
2024-09-23,Fish Patty,110,59,54,5,Monday,9,Southwest Monsoon,False,24.7,0.2,51,Drizzle,False,,False,False
2024-09-23,Mini Pizza,220,50,45,5,Monday,9,Southwest Monsoon,False,24.7,0.2,51,Drizzle,False,,False,False
2024-09-23,Sausage Bun,140,64,61,3,Monday,9,Southwest Monsoon,False,24.7,0.2,51,Drizzle,False,,False,False
2024-09-23,Vegetable Roti,100,65,62,3,Monday,9,Southwest Monsoon,False,24.7,0.2,51,Drizzle,False,,False,False
2024-09-24,Chicken Bun,130,62,57,5,Tuesday,9,Southwest Monsoon,False,24.5,1.7,53,Drizzle,False,,False,False
2024-09-24,Chicken Pastry,180,89,82,7,Tuesday,9,Southwest Monsoon,False,24.5,1.7,53,Drizzle,False,,False,False
2024-09-24,Chicken Samosa,90,65,60,5,Tuesday,9,Southwest Monsoon,False,24.5,1.7,53,Drizzle,False,,False,False
2024-09-24,Cream Bun,120,49,47,2,Tuesday,9,Southwest Monsoon,False,24.5,1.7,53,Drizzle,False,,False,False
2024-09-24,Egg Roll,100,58,55,3,Tuesday,9,Southwest Monsoon,False,24.5,1.7,53,Drizzle,False,,False,False
2024-09-24,Fish Bun,120,69,68,1,Tuesday,9,Southwest Monsoon,False,24.5,1.7,53,Drizzle,False,,False,False
2024-09-24,Fish Patty,110,56,52,4,Tuesday,9,Southwest Monsoon,False,24.5,1.7,53,Drizzle,False,,False,False
2024-09-24,Mini Pizza,220,36,33,3,Tuesday,9,Southwest Monsoon,False,24.5,1.7,53,Drizzle,False,,False,False
2024-09-24,Sausage Bun,140,60,54,6,Tuesday,9,Southwest Monsoon,False,24.5,1.7,53,Drizzle,False,,False,False
2024-09-24,Vegetable Roti,100,54,48,6,Tuesday,9,Southwest Monsoon,False,24.5,1.7,53,Drizzle,False,,False,False
2024-09-25,Chicken Bun,130,67,61,6,Wednesday,9,Southwest Monsoon,False,24.9,2.2,53,Drizzle,False,,False,False
2024-09-25,Chicken Pastry,180,82,76,6,Wednesday,9,Southwest Monsoon,False,24.9,2.2,53,Drizzle,False,,False,False
2024-09-25,Chicken Samosa,90,68,61,7,Wednesday,9,Southwest Monsoon,False,24.9,2.2,53,Drizzle,False,,False,False
2024-09-25,Cream Bun,120,44,42,2,Wednesday,9,Southwest Monsoon,False,24.9,2.2,53,Drizzle,False,,False,False
2024-09-25,Egg Roll,100,64,56,8,Wednesday,9,Southwest Monsoon,False,24.9,2.2,53,Drizzle,False,,False,False
2024-09-25,Fish Bun,120,81,76,5,Wednesday,9,Southwest Monsoon,False,24.9,2.2,53,Drizzle,False,,False,False
2024-09-25,Fish Patty,110,56,49,7,Wednesday,9,Southwest Monsoon,False,24.9,2.2,53,Drizzle,False,,False,False
2024-09-25,Mini Pizza,220,40,37,3,Wednesday,9,Southwest Monsoon,False,24.9,2.2,53,Drizzle,False,,False,False
2024-09-25,Sausage Bun,140,59,53,6,Wednesday,9,Southwest Monsoon,False,24.9,2.2,53,Drizzle,False,,False,False
2024-09-25,Vegetable Roti,100,57,50,7,Wednesday,9,Southwest Monsoon,False,24.9,2.2,53,Drizzle,False,,False,False
2024-09-26,Chicken Bun,130,68,66,2,Thursday,9,Southwest Monsoon,False,24.8,1.8,51,Drizzle,False,,False,False
2024-09-26,Chicken Pastry,180,93,88,5,Thursday,9,Southwest Monsoon,False,24.8,1.8,51,Drizzle,False,,False,False
2024-09-26,Chicken Samosa,90,61,54,7,Thursday,9,Southwest Monsoon,False,24.8,1.8,51,Drizzle,False,,False,False
2024-09-26,Cream Bun,120,40,38,2,Thursday,9,Southwest Monsoon,False,24.8,1.8,51,Drizzle,False,,False,False
2024-09-26,Egg Roll,100,69,62,7,Thursday,9,Southwest Monsoon,False,24.8,1.8,51,Drizzle,False,,False,False
2024-09-26,Fish Bun,120,70,64,6,Thursday,9,Southwest Monsoon,False,24.8,1.8,51,Drizzle,False,,False,False
2024-09-26,Fish Patty,110,49,46,3,Thursday,9,Southwest Monsoon,False,24.8,1.8,51,Drizzle,False,,False,False
2024-09-26,Mini Pizza,220,45,40,5,Thursday,9,Southwest Monsoon,False,24.8,1.8,51,Drizzle,False,,False,False
2024-09-26,Sausage Bun,140,61,55,6,Thursday,9,Southwest Monsoon,False,24.8,1.8,51,Drizzle,False,,False,False
2024-09-26,Vegetable Roti,100,50,47,3,Thursday,9,Southwest Monsoon,False,24.8,1.8,51,Drizzle,False,,False,False
2024-09-27,Chicken Bun,130,69,61,8,Friday,9,Southwest Monsoon,False,24.1,2.7,53,Drizzle,False,,False,False
2024-09-27,Chicken Pastry,180,84,76,8,Friday,9,Southwest Monsoon,False,24.1,2.7,53,Drizzle,False,,False,False
2024-09-27,Chicken Samosa,90,62,60,2,Friday,9,Southwest Monsoon,False,24.1,2.7,53,Drizzle,False,,False,False
2024-09-27,Cream Bun,120,44,40,4,Friday,9,Southwest Monsoon,False,24.1,2.7,53,Drizzle,False,,False,False
2024-09-27,Egg Roll,100,62,55,7,Friday,9,Southwest Monsoon,False,24.1,2.7,53,Drizzle,False,,False,False
2024-09-27,Fish Bun,120,65,60,5,Friday,9,Southwest Monsoon,False,24.1,2.7,53,Drizzle,False,,False,False
2024-09-27,Fish Patty,110,49,45,4,Friday,9,Southwest Monsoon,False,24.1,2.7,53,Drizzle,False,,False,False
2024-09-27,Mini Pizza,220,42,38,4,Friday,9,Southwest Monsoon,False,24.1,2.7,53,Drizzle,False,,False,False
2024-09-27,Sausage Bun,140,59,58,1,Friday,9,Southwest Monsoon,False,24.1,2.7,53,Drizzle,False,,False,False
2024-09-27,Vegetable Roti,100,49,45,4,Friday,9,Southwest Monsoon,False,24.1,2.7,53,Drizzle,False,,False,False
2024-09-28,Chicken Bun,130,48,44,4,Saturday,9,Southwest Monsoon,True,24.4,17.5,65,Rain,False,,True,False
2024-09-28,Chicken Pastry,180,77,74,3,Saturday,9,Southwest Monsoon,True,24.4,17.5,65,Rain,False,,True,False
2024-09-28,Chicken Samosa,90,58,53,5,Saturday,9,Southwest Monsoon,True,24.4,17.5,65,Rain,False,,True,False
2024-09-28,Cream Bun,120,39,35,4,Saturday,9,Southwest Monsoon,True,24.4,17.5,65,Rain,False,,True,False
2024-09-28,Egg Roll,100,51,48,3,Saturday,9,Southwest Monsoon,True,24.4,17.5,65,Rain,False,,True,False
2024-09-28,Fish Bun,120,59,55,4,Saturday,9,Southwest Monsoon,True,24.4,17.5,65,Rain,False,,True,False
2024-09-28,Fish Patty,110,51,44,7,Saturday,9,Southwest Monsoon,True,24.4,17.5,65,Rain,False,,True,False
2024-09-28,Mini Pizza,220,39,36,3,Saturday,9,Southwest Monsoon,True,24.4,17.5,65,Rain,False,,True,False
2024-09-28,Sausage Bun,140,44,42,2,Saturday,9,Southwest Monsoon,True,24.4,17.5,65,Rain,False,,True,False
2024-09-28,Vegetable Roti,100,42,39,3,Saturday,9,Southwest Monsoon,True,24.4,17.5,65,Rain,False,,True,False
2024-09-29,Chicken Bun,130,65,62,3,Sunday,9,Southwest Monsoon,True,24.6,2.6,61,Rain,True,Special Public Holiday,False,False
2024-09-29,Chicken Pastry,180,90,87,3,Sunday,9,Southwest Monsoon,True,24.6,2.6,61,Rain,True,Special Public Holiday,False,False
2024-09-29,Chicken Samosa,90,78,70,8,Sunday,9,Southwest Monsoon,True,24.6,2.6,61,Rain,True,Special Public Holiday,False,False
2024-09-29,Cream Bun,120,56,54,2,Sunday,9,Southwest Monsoon,True,24.6,2.6,61,Rain,True,Special Public Holiday,False,False
2024-09-29,Egg Roll,100,68,64,4,Sunday,9,Southwest Monsoon,True,24.6,2.6,61,Rain,True,Special Public Holiday,False,False
2024-09-29,Fish Bun,120,83,77,6,Sunday,9,Southwest Monsoon,True,24.6,2.6,61,Rain,True,Special Public Holiday,False,False
2024-09-29,Fish Patty,110,63,58,5,Sunday,9,Southwest Monsoon,True,24.6,2.6,61,Rain,True,Special Public Holiday,False,False
2024-09-29,Mini Pizza,220,42,37,5,Sunday,9,Southwest Monsoon,True,24.6,2.6,61,Rain,True,Special Public Holiday,False,False
2024-09-29,Sausage Bun,140,60,55,5,Sunday,9,Southwest Monsoon,True,24.6,2.6,61,Rain,True,Special Public Holiday,False,False
2024-09-29,Vegetable Roti,100,52,48,4,Sunday,9,Southwest Monsoon,True,24.6,2.6,61,Rain,True,Special Public Holiday,False,False
2024-09-30,Chicken Bun,130,62,58,4,Monday,9,Southwest Monsoon,False,24.5,1.7,51,Drizzle,False,,False,True
2024-09-30,Chicken Pastry,180,90,84,6,Monday,9,Southwest Monsoon,False,24.5,1.7,51,Drizzle,False,,False,True
2024-09-30,Chicken Samosa,90,70,67,3,Monday,9,Southwest Monsoon,False,24.5,1.7,51,Drizzle,False,,False,True
2024-09-30,Cream Bun,120,48,45,3,Monday,9,Southwest Monsoon,False,24.5,1.7,51,Drizzle,False,,False,True
2024-09-30,Egg Roll,100,56,51,5,Monday,9,Southwest Monsoon,False,24.5,1.7,51,Drizzle,False,,False,True
2024-09-30,Fish Bun,120,67,62,5,Monday,9,Southwest Monsoon,False,24.5,1.7,51,Drizzle,False,,False,True
2024-09-30,Fish Patty,110,57,51,6,Monday,9,Southwest Monsoon,False,24.5,1.7,51,Drizzle,False,,False,True
2024-09-30,Mini Pizza,220,40,36,4,Monday,9,Southwest Monsoon,False,24.5,1.7,51,Drizzle,False,,False,True
2024-09-30,Sausage Bun,140,57,55,2,Monday,9,Southwest Monsoon,False,24.5,1.7,51,Drizzle,False,,False,True
2024-09-30,Vegetable Roti,100,63,56,7,Monday,9,Southwest Monsoon,False,24.5,1.7,51,Drizzle,False,,False,True
2024-10-01,Chicken Bun,130,49,49,0,Tuesday,10,Second Inter-monsoon,False,24.8,7.7,63,Rain,False,,False,False
2024-10-01,Chicken Pastry,180,72,68,4,Tuesday,10,Second Inter-monsoon,False,24.8,7.7,63,Rain,False,,False,False
2024-10-01,Chicken Samosa,90,64,61,3,Tuesday,10,Second Inter-monsoon,False,24.8,7.7,63,Rain,False,,False,False
2024-10-01,Cream Bun,120,36,34,2,Tuesday,10,Second Inter-monsoon,False,24.8,7.7,63,Rain,False,,False,False
2024-10-01,Egg Roll,100,57,51,6,Tuesday,10,Second Inter-monsoon,False,24.8,7.7,63,Rain,False,,False,False
2024-10-01,Fish Bun,120,69,61,8,Tuesday,10,Second Inter-monsoon,False,24.8,7.7,63,Rain,False,,False,False
2024-10-01,Fish Patty,110,43,41,2,Tuesday,10,Second Inter-monsoon,False,24.8,7.7,63,Rain,False,,False,False
2024-10-01,Mini Pizza,220,33,30,3,Tuesday,10,Second Inter-monsoon,False,24.8,7.7,63,Rain,False,,False,False
2024-10-01,Sausage Bun,140,52,48,4,Tuesday,10,Second Inter-monsoon,False,24.8,7.7,63,Rain,False,,False,False
2024-10-01,Vegetable Roti,100,58,55,3,Tuesday,10,Second Inter-monsoon,False,24.8,7.7,63,Rain,False,,False,False
2024-10-02,Chicken Bun,130,64,59,5,Wednesday,10,Second Inter-monsoon,False,24.4,3.5,61,Rain,False,,False,False
2024-10-02,Chicken Pastry,180,75,75,0,Wednesday,10,Second Inter-monsoon,False,24.4,3.5,61,Rain,False,,False,False
2024-10-02,Chicken Samosa,90,69,66,3,Wednesday,10,Second Inter-monsoon,False,24.4,3.5,61,Rain,False,,False,False
2024-10-02,Cream Bun,120,38,36,2,Wednesday,10,Second Inter-monsoon,False,24.4,3.5,61,Rain,False,,False,False
2024-10-02,Egg Roll,100,58,55,3,Wednesday,10,Second Inter-monsoon,False,24.4,3.5,61,Rain,False,,False,False
2024-10-02,Fish Bun,120,65,62,3,Wednesday,10,Second Inter-monsoon,False,24.4,3.5,61,Rain,False,,False,False
2024-10-02,Fish Patty,110,55,50,5,Wednesday,10,Second Inter-monsoon,False,24.4,3.5,61,Rain,False,,False,False
2024-10-02,Mini Pizza,220,40,35,5,Wednesday,10,Second Inter-monsoon,False,24.4,3.5,61,Rain,False,,False,False
2024-10-02,Sausage Bun,140,54,51,3,Wednesday,10,Second Inter-monsoon,False,24.4,3.5,61,Rain,False,,False,False
2024-10-02,Vegetable Roti,100,52,50,2,Wednesday,10,Second Inter-monsoon,False,24.4,3.5,61,Rain,False,,False,False
2024-10-03,Chicken Bun,130,66,60,6,Thursday,10,Second Inter-monsoon,False,24.3,0.4,51,Drizzle,False,,False,False
2024-10-03,Chicken Pastry,180,101,92,9,Thursday,10,Second Inter-monsoon,False,24.3,0.4,51,Drizzle,False,,False,False
2024-10-03,Chicken Samosa,90,71,68,3,Thursday,10,Second Inter-monsoon,False,24.3,0.4,51,Drizzle,False,,False,False
2024-10-03,Cream Bun,120,51,47,4,Thursday,10,Second Inter-monsoon,False,24.3,0.4,51,Drizzle,False,,False,False
2024-10-03,Egg Roll,100,61,59,2,Thursday,10,Second Inter-monsoon,False,24.3,0.4,51,Drizzle,False,,False,False
2024-10-03,Fish Bun,120,74,67,7,Thursday,10,Second Inter-monsoon,False,24.3,0.4,51,Drizzle,False,,False,False
2024-10-03,Fish Patty,110,56,52,4,Thursday,10,Second Inter-monsoon,False,24.3,0.4,51,Drizzle,False,,False,False
2024-10-03,Mini Pizza,220,40,40,0,Thursday,10,Second Inter-monsoon,False,24.3,0.4,51,Drizzle,False,,False,False
2024-10-03,Sausage Bun,140,62,60,2,Thursday,10,Second Inter-monsoon,False,24.3,0.4,51,Drizzle,False,,False,False
2024-10-03,Vegetable Roti,100,62,57,5,Thursday,10,Second Inter-monsoon,False,24.3,0.4,51,Drizzle,False,,False,False
2024-10-04,Chicken Bun,130,72,67,5,Friday,10,Second Inter-monsoon,False,24.1,0.0,3,Cloudy,False,,False,False
2024-10-04,Chicken Pastry,180,98,90,8,Friday,10,Second Inter-monsoon,False,24.1,0.0,3,Cloudy,False,,False,False
2024-10-04,Chicken Samosa,90,65,63,2,Friday,10,Second Inter-monsoon,False,24.1,0.0,3,Cloudy,False,,False,False
2024-10-04,Cream Bun,120,54,51,3,Friday,10,Second Inter-monsoon,False,24.1,0.0,3,Cloudy,False,,False,False
2024-10-04,Egg Roll,100,68,60,8,Friday,10,Second Inter-monsoon,False,24.1,0.0,3,Cloudy,False,,False,False
2024-10-04,Fish Bun,120,79,76,3,Friday,10,Second Inter-monsoon,False,24.1,0.0,3,Cloudy,False,,False,False
2024-10-04,Fish Patty,110,57,55,2,Friday,10,Second Inter-monsoon,False,24.1,0.0,3,Cloudy,False,,False,False
2024-10-04,Mini Pizza,220,49,45,4,Friday,10,Second Inter-monsoon,False,24.1,0.0,3,Cloudy,False,,False,False
2024-10-04,Sausage Bun,140,63,58,5,Friday,10,Second Inter-monsoon,False,24.1,0.0,3,Cloudy,False,,False,False
2024-10-04,Vegetable Roti,100,70,63,7,Friday,10,Second Inter-monsoon,False,24.1,0.0,3,Cloudy,False,,False,False
2024-10-05,Chicken Bun,130,68,64,4,Saturday,10,Second Inter-monsoon,True,23.8,5.1,63,Rain,False,,False,False
2024-10-05,Chicken Pastry,180,107,92,15,Saturday,10,Second Inter-monsoon,True,23.8,5.1,63,Rain,False,,False,False
2024-10-05,Chicken Samosa,90,69,62,7,Saturday,10,Second Inter-monsoon,True,23.8,5.1,63,Rain,False,,False,False
2024-10-05,Cream Bun,120,42,38,4,Saturday,10,Second Inter-monsoon,True,23.8,5.1,63,Rain,False,,False,False
2024-10-05,Egg Roll,100,58,53,5,Saturday,10,Second Inter-monsoon,True,23.8,5.1,63,Rain,False,,False,False
2024-10-05,Fish Bun,120,76,74,2,Saturday,10,Second Inter-monsoon,True,23.8,5.1,63,Rain,False,,False,False
2024-10-05,Fish Patty,110,55,51,4,Saturday,10,Second Inter-monsoon,True,23.8,5.1,63,Rain,False,,False,False
2024-10-05,Mini Pizza,220,43,40,3,Saturday,10,Second Inter-monsoon,True,23.8,5.1,63,Rain,False,,False,False
2024-10-05,Sausage Bun,140,65,60,5,Saturday,10,Second Inter-monsoon,True,23.8,5.1,63,Rain,False,,False,False
2024-10-05,Vegetable Roti,100,62,60,2,Saturday,10,Second Inter-monsoon,True,23.8,5.1,63,Rain,False,,False,False
2024-10-06,Chicken Bun,130,64,59,5,Sunday,10,Second Inter-monsoon,True,23.8,6.1,63,Rain,False,,False,False
2024-10-06,Chicken Pastry,180,89,81,8,Sunday,10,Second Inter-monsoon,True,23.8,6.1,63,Rain,False,,False,False
2024-10-06,Chicken Samosa,90,72,67,5,Sunday,10,Second Inter-monsoon,True,23.8,6.1,63,Rain,False,,False,False
2024-10-06,Cream Bun,120,47,43,4,Sunday,10,Second Inter-monsoon,True,23.8,6.1,63,Rain,False,,False,False
2024-10-06,Egg Roll,100,58,53,5,Sunday,10,Second Inter-monsoon,True,23.8,6.1,63,Rain,False,,False,False
2024-10-06,Fish Bun,120,81,78,3,Sunday,10,Second Inter-monsoon,True,23.8,6.1,63,Rain,False,,False,False
2024-10-06,Fish Patty,110,52,50,2,Sunday,10,Second Inter-monsoon,True,23.8,6.1,63,Rain,False,,False,False
2024-10-06,Mini Pizza,220,40,38,2,Sunday,10,Second Inter-monsoon,True,23.8,6.1,63,Rain,False,,False,False
2024-10-06,Sausage Bun,140,60,55,5,Sunday,10,Second Inter-monsoon,True,23.8,6.1,63,Rain,False,,False,False
2024-10-06,Vegetable Roti,100,56,51,5,Sunday,10,Second Inter-monsoon,True,23.8,6.1,63,Rain,False,,False,False
2024-10-07,Chicken Bun,130,53,50,3,Monday,10,Second Inter-monsoon,False,23.0,10.1,63,Rain,False,,False,False
2024-10-07,Chicken Pastry,180,82,73,9,Monday,10,Second Inter-monsoon,False,23.0,10.1,63,Rain,False,,False,False
2024-10-07,Chicken Samosa,90,63,57,6,Monday,10,Second Inter-monsoon,False,23.0,10.1,63,Rain,False,,False,False
2024-10-07,Cream Bun,120,37,33,4,Monday,10,Second Inter-monsoon,False,23.0,10.1,63,Rain,False,,False,False
2024-10-07,Egg Roll,100,47,45,2,Monday,10,Second Inter-monsoon,False,23.0,10.1,63,Rain,False,,False,False
2024-10-07,Fish Bun,120,67,61,6,Monday,10,Second Inter-monsoon,False,23.0,10.1,63,Rain,False,,False,False
2024-10-07,Fish Patty,110,47,43,4,Monday,10,Second Inter-monsoon,False,23.0,10.1,63,Rain,False,,False,False
2024-10-07,Mini Pizza,220,34,32,2,Monday,10,Second Inter-monsoon,False,23.0,10.1,63,Rain,False,,False,False
2024-10-07,Sausage Bun,140,48,45,3,Monday,10,Second Inter-monsoon,False,23.0,10.1,63,Rain,False,,False,False
2024-10-07,Vegetable Roti,100,49,45,4,Monday,10,Second Inter-monsoon,False,23.0,10.1,63,Rain,False,,False,False
2024-10-08,Chicken Bun,130,57,50,7,Tuesday,10,Second Inter-monsoon,False,23.8,3.1,53,Drizzle,False,,False,False
2024-10-08,Chicken Pastry,180,102,94,8,Tuesday,10,Second Inter-monsoon,False,23.8,3.1,53,Drizzle,False,,False,False
2024-10-08,Chicken Samosa,90,72,65,7,Tuesday,10,Second Inter-monsoon,False,23.8,3.1,53,Drizzle,False,,False,False
2024-10-08,Cream Bun,120,37,33,4,Tuesday,10,Second Inter-monsoon,False,23.8,3.1,53,Drizzle,False,,False,False
2024-10-08,Egg Roll,100,60,53,7,Tuesday,10,Second Inter-monsoon,False,23.8,3.1,53,Drizzle,False,,False,False
2024-10-08,Fish Bun,120,72,71,1,Tuesday,10,Second Inter-monsoon,False,23.8,3.1,53,Drizzle,False,,False,False
2024-10-08,Fish Patty,110,61,53,8,Tuesday,10,Second Inter-monsoon,False,23.8,3.1,53,Drizzle,False,,False,False
2024-10-08,Mini Pizza,220,41,37,4,Tuesday,10,Second Inter-monsoon,False,23.8,3.1,53,Drizzle,False,,False,False
2024-10-08,Sausage Bun,140,53,53,0,Tuesday,10,Second Inter-monsoon,False,23.8,3.1,53,Drizzle,False,,False,False
2024-10-08,Vegetable Roti,100,54,54,0,Tuesday,10,Second Inter-monsoon,False,23.8,3.1,53,Drizzle,False,,False,False
2024-10-09,Chicken Bun,130,65,63,2,Wednesday,10,Second Inter-monsoon,False,23.6,1.6,53,Drizzle,False,,False,False
2024-10-09,Chicken Pastry,180,82,81,1,Wednesday,10,Second Inter-monsoon,False,23.6,1.6,53,Drizzle,False,,False,False
2024-10-09,Chicken Samosa,90,71,65,6,Wednesday,10,Second Inter-monsoon,False,23.6,1.6,53,Drizzle,False,,False,False
2024-10-09,Cream Bun,120,53,48,5,Wednesday,10,Second Inter-monsoon,False,23.6,1.6,53,Drizzle,False,,False,False
2024-10-09,Egg Roll,100,64,63,1,Wednesday,10,Second Inter-monsoon,False,23.6,1.6,53,Drizzle,False,,False,False
2024-10-09,Fish Bun,120,84,74,10,Wednesday,10,Second Inter-monsoon,False,23.6,1.6,53,Drizzle,False,,False,False
2024-10-09,Fish Patty,110,50,46,4,Wednesday,10,Second Inter-monsoon,False,23.6,1.6,53,Drizzle,False,,False,False
2024-10-09,Mini Pizza,220,36,34,2,Wednesday,10,Second Inter-monsoon,False,23.6,1.6,53,Drizzle,False,,False,False
2024-10-09,Sausage Bun,140,58,54,4,Wednesday,10,Second Inter-monsoon,False,23.6,1.6,53,Drizzle,False,,False,False
2024-10-09,Vegetable Roti,100,50,48,2,Wednesday,10,Second Inter-monsoon,False,23.6,1.6,53,Drizzle,False,,False,False
2024-10-10,Chicken Bun,130,51,47,4,Thursday,10,Second Inter-monsoon,False,22.8,8.7,61,Rain,False,,False,False
2024-10-10,Chicken Pastry,180,72,66,6,Thursday,10,Second Inter-monsoon,False,22.8,8.7,61,Rain,False,,False,False
2024-10-10,Chicken Samosa,90,65,59,6,Thursday,10,Second Inter-monsoon,False,22.8,8.7,61,Rain,False,,False,False
2024-10-10,Cream Bun,120,37,35,2,Thursday,10,Second Inter-monsoon,False,22.8,8.7,61,Rain,False,,False,False
2024-10-10,Egg Roll,100,55,51,4,Thursday,10,Second Inter-monsoon,False,22.8,8.7,61,Rain,False,,False,False
2024-10-10,Fish Bun,120,64,59,5,Thursday,10,Second Inter-monsoon,False,22.8,8.7,61,Rain,False,,False,False
2024-10-10,Fish Patty,110,46,42,4,Thursday,10,Second Inter-monsoon,False,22.8,8.7,61,Rain,False,,False,False
2024-10-10,Mini Pizza,220,31,28,3,Thursday,10,Second Inter-monsoon,False,22.8,8.7,61,Rain,False,,False,False
2024-10-10,Sausage Bun,140,46,43,3,Thursday,10,Second Inter-monsoon,False,22.8,8.7,61,Rain,False,,False,False
2024-10-10,Vegetable Roti,100,53,49,4,Thursday,10,Second Inter-monsoon,False,22.8,8.7,61,Rain,False,,False,False
2024-10-11,Chicken Bun,130,57,53,4,Friday,10,Second Inter-monsoon,False,22.7,24.4,63,Rain,False,,False,False
2024-10-11,Chicken Pastry,180,71,62,9,Friday,10,Second Inter-monsoon,False,22.7,24.4,63,Rain,False,,False,False
2024-10-11,Chicken Samosa,90,47,46,1,Friday,10,Second Inter-monsoon,False,22.7,24.4,63,Rain,False,,False,False
2024-10-11,Cream Bun,120,40,35,5,Friday,10,Second Inter-monsoon,False,22.7,24.4,63,Rain,False,,False,False
2024-10-11,Egg Roll,100,41,40,1,Friday,10,Second Inter-monsoon,False,22.7,24.4,63,Rain,False,,False,False
2024-10-11,Fish Bun,120,54,51,3,Friday,10,Second Inter-monsoon,False,22.7,24.4,63,Rain,False,,False,False
2024-10-11,Fish Patty,110,43,41,2,Friday,10,Second Inter-monsoon,False,22.7,24.4,63,Rain,False,,False,False
2024-10-11,Mini Pizza,220,35,33,2,Friday,10,Second Inter-monsoon,False,22.7,24.4,63,Rain,False,,False,False
2024-10-11,Sausage Bun,140,52,45,7,Friday,10,Second Inter-monsoon,False,22.7,24.4,63,Rain,False,,False,False
2024-10-11,Vegetable Roti,100,51,45,6,Friday,10,Second Inter-monsoon,False,22.7,24.4,63,Rain,False,,False,False
2024-10-12,Chicken Bun,130,61,61,0,Saturday,10,Second Inter-monsoon,True,22.9,7.0,61,Rain,False,,False,False
2024-10-12,Chicken Pastry,180,83,74,9,Saturday,10,Second Inter-monsoon,True,22.9,7.0,61,Rain,False,,False,False
2024-10-12,Chicken Samosa,90,77,70,7,Saturday,10,Second Inter-monsoon,True,22.9,7.0,61,Rain,False,,False,False
2024-10-12,Cream Bun,120,48,41,7,Saturday,10,Second Inter-monsoon,True,22.9,7.0,61,Rain,False,,False,False
2024-10-12,Egg Roll,100,54,50,4,Saturday,10,Second Inter-monsoon,True,22.9,7.0,61,Rain,False,,False,False
2024-10-12,Fish Bun,120,78,72,6,Saturday,10,Second Inter-monsoon,True,22.9,7.0,61,Rain,False,,False,False
2024-10-12,Fish Patty,110,53,50,3,Saturday,10,Second Inter-monsoon,True,22.9,7.0,61,Rain,False,,False,False
2024-10-12,Mini Pizza,220,41,39,2,Saturday,10,Second Inter-monsoon,True,22.9,7.0,61,Rain,False,,False,False
2024-10-12,Sausage Bun,140,49,46,3,Saturday,10,Second Inter-monsoon,True,22.9,7.0,61,Rain,False,,False,False
2024-10-12,Vegetable Roti,100,62,57,5,Saturday,10,Second Inter-monsoon,True,22.9,7.0,61,Rain,False,,False,False
2024-10-13,Chicken Bun,130,46,43,3,Sunday,10,Second Inter-monsoon,True,22.5,19.6,63,Rain,False,,False,False
2024-10-13,Chicken Pastry,180,81,73,8,Sunday,10,Second Inter-monsoon,True,22.5,19.6,63,Rain,False,,False,False
2024-10-13,Chicken Samosa,90,50,45,5,Sunday,10,Second Inter-monsoon,True,22.5,19.6,63,Rain,False,,False,False
2024-10-13,Cream Bun,120,48,44,4,Sunday,10,Second Inter-monsoon,True,22.5,19.6,63,Rain,False,,False,False
2024-10-13,Egg Roll,100,52,48,4,Sunday,10,Second Inter-monsoon,True,22.5,19.6,63,Rain,False,,False,False
2024-10-13,Fish Bun,120,69,58,11,Sunday,10,Second Inter-monsoon,True,22.5,19.6,63,Rain,False,,False,False
2024-10-13,Fish Patty,110,48,46,2,Sunday,10,Second Inter-monsoon,True,22.5,19.6,63,Rain,False,,False,False
2024-10-13,Mini Pizza,220,44,40,4,Sunday,10,Second Inter-monsoon,True,22.5,19.6,63,Rain,False,,False,False
2024-10-13,Sausage Bun,140,47,46,1,Sunday,10,Second Inter-monsoon,True,22.5,19.6,63,Rain,False,,False,False
2024-10-13,Vegetable Roti,100,40,38,2,Sunday,10,Second Inter-monsoon,True,22.5,19.6,63,Rain,False,,False,False
2024-10-14,Chicken Bun,130,52,48,4,Monday,10,Second Inter-monsoon,False,22.3,12.3,61,Rain,False,,False,False
2024-10-14,Chicken Pastry,180,76,68,8,Monday,10,Second Inter-monsoon,False,22.3,12.3,61,Rain,False,,False,False
2024-10-14,Chicken Samosa,90,56,56,0,Monday,10,Second Inter-monsoon,False,22.3,12.3,61,Rain,False,,False,False
2024-10-14,Cream Bun,120,43,38,5,Monday,10,Second Inter-monsoon,False,22.3,12.3,61,Rain,False,,False,False
2024-10-14,Egg Roll,100,50,45,5,Monday,10,Second Inter-monsoon,False,22.3,12.3,61,Rain,False,,False,False
2024-10-14,Fish Bun,120,63,57,6,Monday,10,Second Inter-monsoon,False,22.3,12.3,61,Rain,False,,False,False
2024-10-14,Fish Patty,110,40,37,3,Monday,10,Second Inter-monsoon,False,22.3,12.3,61,Rain,False,,False,False
2024-10-14,Mini Pizza,220,32,30,2,Monday,10,Second Inter-monsoon,False,22.3,12.3,61,Rain,False,,False,False
2024-10-14,Sausage Bun,140,44,40,4,Monday,10,Second Inter-monsoon,False,22.3,12.3,61,Rain,False,,False,False
2024-10-14,Vegetable Roti,100,39,38,1,Monday,10,Second Inter-monsoon,False,22.3,12.3,61,Rain,False,,False,False
2024-10-15,Chicken Bun,130,64,58,6,Tuesday,10,Second Inter-monsoon,False,22.5,6.1,61,Rain,False,,False,False
2024-10-15,Chicken Pastry,180,91,83,8,Tuesday,10,Second Inter-monsoon,False,22.5,6.1,61,Rain,False,,False,False
2024-10-15,Chicken Samosa,90,71,67,4,Tuesday,10,Second Inter-monsoon,False,22.5,6.1,61,Rain,False,,False,False
2024-10-15,Cream Bun,120,39,35,4,Tuesday,10,Second Inter-monsoon,False,22.5,6.1,61,Rain,False,,False,False
2024-10-15,Egg Roll,100,54,50,4,Tuesday,10,Second Inter-monsoon,False,22.5,6.1,61,Rain,False,,False,False
2024-10-15,Fish Bun,120,70,61,9,Tuesday,10,Second Inter-monsoon,False,22.5,6.1,61,Rain,False,,False,False
2024-10-15,Fish Patty,110,51,47,4,Tuesday,10,Second Inter-monsoon,False,22.5,6.1,61,Rain,False,,False,False
2024-10-15,Mini Pizza,220,36,33,3,Tuesday,10,Second Inter-monsoon,False,22.5,6.1,61,Rain,False,,False,False
2024-10-15,Sausage Bun,140,63,58,5,Tuesday,10,Second Inter-monsoon,False,22.5,6.1,61,Rain,False,,False,False
2024-10-15,Vegetable Roti,100,55,48,7,Tuesday,10,Second Inter-monsoon,False,22.5,6.1,61,Rain,False,,False,False
2024-10-16,Chicken Bun,130,64,59,5,Wednesday,10,Second Inter-monsoon,False,23.7,5.3,61,Rain,False,,True,False
2024-10-16,Chicken Pastry,180,73,71,2,Wednesday,10,Second Inter-monsoon,False,23.7,5.3,61,Rain,False,,True,False
2024-10-16,Chicken Samosa,90,62,57,5,Wednesday,10,Second Inter-monsoon,False,23.7,5.3,61,Rain,False,,True,False
2024-10-16,Cream Bun,120,40,36,4,Wednesday,10,Second Inter-monsoon,False,23.7,5.3,61,Rain,False,,True,False
2024-10-16,Egg Roll,100,59,52,7,Wednesday,10,Second Inter-monsoon,False,23.7,5.3,61,Rain,False,,True,False
2024-10-16,Fish Bun,120,63,59,4,Wednesday,10,Second Inter-monsoon,False,23.7,5.3,61,Rain,False,,True,False
2024-10-16,Fish Patty,110,51,45,6,Wednesday,10,Second Inter-monsoon,False,23.7,5.3,61,Rain,False,,True,False
2024-10-16,Mini Pizza,220,41,38,3,Wednesday,10,Second Inter-monsoon,False,23.7,5.3,61,Rain,False,,True,False
2024-10-16,Sausage Bun,140,50,46,4,Wednesday,10,Second Inter-monsoon,False,23.7,5.3,61,Rain,False,,True,False
2024-10-16,Vegetable Roti,100,56,53,3,Wednesday,10,Second Inter-monsoon,False,23.7,5.3,61,Rain,False,,True,False
2024-10-17,Chicken Bun,130,86,78,8,Thursday,10,Second Inter-monsoon,False,24.0,1.8,53,Drizzle,True,Vap Full Moon Poya Day,False,False
2024-10-17,Chicken Pastry,180,94,91,3,Thursday,10,Second Inter-monsoon,False,24.0,1.8,53,Drizzle,True,Vap Full Moon Poya Day,False,False
2024-10-17,Chicken Samosa,90,80,73,7,Thursday,10,Second Inter-monsoon,False,24.0,1.8,53,Drizzle,True,Vap Full Moon Poya Day,False,False
2024-10-17,Cream Bun,120,60,54,6,Thursday,10,Second Inter-monsoon,False,24.0,1.8,53,Drizzle,True,Vap Full Moon Poya Day,False,False
2024-10-17,Egg Roll,100,65,61,4,Thursday,10,Second Inter-monsoon,False,24.0,1.8,53,Drizzle,True,Vap Full Moon Poya Day,False,False
2024-10-17,Fish Bun,120,91,81,10,Thursday,10,Second Inter-monsoon,False,24.0,1.8,53,Drizzle,True,Vap Full Moon Poya Day,False,False
2024-10-17,Fish Patty,110,56,54,2,Thursday,10,Second Inter-monsoon,False,24.0,1.8,53,Drizzle,True,Vap Full Moon Poya Day,False,False
2024-10-17,Mini Pizza,220,51,48,3,Thursday,10,Second Inter-monsoon,False,24.0,1.8,53,Drizzle,True,Vap Full Moon Poya Day,False,False
2024-10-17,Sausage Bun,140,69,65,4,Thursday,10,Second Inter-monsoon,False,24.0,1.8,53,Drizzle,True,Vap Full Moon Poya Day,False,False
2024-10-17,Vegetable Roti,100,58,54,4,Thursday,10,Second Inter-monsoon,False,24.0,1.8,53,Drizzle,True,Vap Full Moon Poya Day,False,False
2024-10-18,Chicken Bun,130,63,58,5,Friday,10,Second Inter-monsoon,False,23.6,0.3,51,Drizzle,False,,False,True
2024-10-18,Chicken Pastry,180,89,86,3,Friday,10,Second Inter-monsoon,False,23.6,0.3,51,Drizzle,False,,False,True
2024-10-18,Chicken Samosa,90,68,66,2,Friday,10,Second Inter-monsoon,False,23.6,0.3,51,Drizzle,False,,False,True
2024-10-18,Cream Bun,120,52,49,3,Friday,10,Second Inter-monsoon,False,23.6,0.3,51,Drizzle,False,,False,True
2024-10-18,Egg Roll,100,56,51,5,Friday,10,Second Inter-monsoon,False,23.6,0.3,51,Drizzle,False,,False,True
2024-10-18,Fish Bun,120,78,73,5,Friday,10,Second Inter-monsoon,False,23.6,0.3,51,Drizzle,False,,False,True
2024-10-18,Fish Patty,110,55,52,3,Friday,10,Second Inter-monsoon,False,23.6,0.3,51,Drizzle,False,,False,True
2024-10-18,Mini Pizza,220,49,47,2,Friday,10,Second Inter-monsoon,False,23.6,0.3,51,Drizzle,False,,False,True
2024-10-18,Sausage Bun,140,59,58,1,Friday,10,Second Inter-monsoon,False,23.6,0.3,51,Drizzle,False,,False,True
2024-10-18,Vegetable Roti,100,70,60,10,Friday,10,Second Inter-monsoon,False,23.6,0.3,51,Drizzle,False,,False,True
2024-10-19,Chicken Bun,130,82,73,9,Saturday,10,Second Inter-monsoon,True,23.0,1.5,53,Drizzle,False,,False,False
2024-10-19,Chicken Pastry,180,97,91,6,Saturday,10,Second Inter-monsoon,True,23.0,1.5,53,Drizzle,False,,False,False
2024-10-19,Chicken Samosa,90,87,77,10,Saturday,10,Second Inter-monsoon,True,23.0,1.5,53,Drizzle,False,,False,False
2024-10-19,Cream Bun,120,56,54,2,Saturday,10,Second Inter-monsoon,True,23.0,1.5,53,Drizzle,False,,False,False
2024-10-19,Egg Roll,100,76,69,7,Saturday,10,Second Inter-monsoon,True,23.0,1.5,53,Drizzle,False,,False,False
2024-10-19,Fish Bun,120,86,78,8,Saturday,10,Second Inter-monsoon,True,23.0,1.5,53,Drizzle,False,,False,False
2024-10-19,Fish Patty,110,64,59,5,Saturday,10,Second Inter-monsoon,True,23.0,1.5,53,Drizzle,False,,False,False
2024-10-19,Mini Pizza,220,56,52,4,Saturday,10,Second Inter-monsoon,True,23.0,1.5,53,Drizzle,False,,False,False
2024-10-19,Sausage Bun,140,62,58,4,Saturday,10,Second Inter-monsoon,True,23.0,1.5,53,Drizzle,False,,False,False
2024-10-19,Vegetable Roti,100,71,63,8,Saturday,10,Second Inter-monsoon,True,23.0,1.5,53,Drizzle,False,,False,False
2024-10-20,Chicken Bun,130,85,73,12,Sunday,10,Second Inter-monsoon,True,23.3,2.1,53,Drizzle,False,,False,False
2024-10-20,Chicken Pastry,180,122,109,13,Sunday,10,Second Inter-monsoon,True,23.3,2.1,53,Drizzle,False,,False,False
2024-10-20,Chicken Samosa,90,93,83,10,Sunday,10,Second Inter-monsoon,True,23.3,2.1,53,Drizzle,False,,False,False
2024-10-20,Cream Bun,120,59,55,4,Sunday,10,Second Inter-monsoon,True,23.3,2.1,53,Drizzle,False,,False,False
2024-10-20,Egg Roll,100,64,63,1,Sunday,10,Second Inter-monsoon,True,23.3,2.1,53,Drizzle,False,,False,False
2024-10-20,Fish Bun,120,83,76,7,Sunday,10,Second Inter-monsoon,True,23.3,2.1,53,Drizzle,False,,False,False
2024-10-20,Fish Patty,110,71,62,9,Sunday,10,Second Inter-monsoon,True,23.3,2.1,53,Drizzle,False,,False,False
2024-10-20,Mini Pizza,220,52,49,3,Sunday,10,Second Inter-monsoon,True,23.3,2.1,53,Drizzle,False,,False,False
2024-10-20,Sausage Bun,140,67,60,7,Sunday,10,Second Inter-monsoon,True,23.3,2.1,53,Drizzle,False,,False,False
2024-10-20,Vegetable Roti,100,69,61,8,Sunday,10,Second Inter-monsoon,True,23.3,2.1,53,Drizzle,False,,False,False
2024-10-21,Chicken Bun,130,70,61,9,Monday,10,Second Inter-monsoon,False,23.5,3.8,53,Drizzle,False,,False,False
2024-10-21,Chicken Pastry,180,90,84,6,Monday,10,Second Inter-monsoon,False,23.5,3.8,53,Drizzle,False,,False,False
2024-10-21,Chicken Samosa,90,71,65,6,Monday,10,Second Inter-monsoon,False,23.5,3.8,53,Drizzle,False,,False,False
2024-10-21,Cream Bun,120,52,46,6,Monday,10,Second Inter-monsoon,False,23.5,3.8,53,Drizzle,False,,False,False
2024-10-21,Egg Roll,100,66,58,8,Monday,10,Second Inter-monsoon,False,23.5,3.8,53,Drizzle,False,,False,False
2024-10-21,Fish Bun,120,72,67,5,Monday,10,Second Inter-monsoon,False,23.5,3.8,53,Drizzle,False,,False,False
2024-10-21,Fish Patty,110,57,53,4,Monday,10,Second Inter-monsoon,False,23.5,3.8,53,Drizzle,False,,False,False
2024-10-21,Mini Pizza,220,41,36,5,Monday,10,Second Inter-monsoon,False,23.5,3.8,53,Drizzle,False,,False,False
2024-10-21,Sausage Bun,140,56,52,4,Monday,10,Second Inter-monsoon,False,23.5,3.8,53,Drizzle,False,,False,False
2024-10-21,Vegetable Roti,100,62,54,8,Monday,10,Second Inter-monsoon,False,23.5,3.8,53,Drizzle,False,,False,False
2024-10-22,Chicken Bun,130,74,68,6,Tuesday,10,Second Inter-monsoon,False,23.0,2.3,53,Drizzle,False,,False,False
2024-10-22,Chicken Pastry,180,88,82,6,Tuesday,10,Second Inter-monsoon,False,23.0,2.3,53,Drizzle,False,,False,False
2024-10-22,Chicken Samosa,90,71,66,5,Tuesday,10,Second Inter-monsoon,False,23.0,2.3,53,Drizzle,False,,False,False
2024-10-22,Cream Bun,120,49,46,3,Tuesday,10,Second Inter-monsoon,False,23.0,2.3,53,Drizzle,False,,False,False
2024-10-22,Egg Roll,100,69,64,5,Tuesday,10,Second Inter-monsoon,False,23.0,2.3,53,Drizzle,False,,False,False
2024-10-22,Fish Bun,120,75,69,6,Tuesday,10,Second Inter-monsoon,False,23.0,2.3,53,Drizzle,False,,False,False
2024-10-22,Fish Patty,110,61,54,7,Tuesday,10,Second Inter-monsoon,False,23.0,2.3,53,Drizzle,False,,False,False
2024-10-22,Mini Pizza,220,42,39,3,Tuesday,10,Second Inter-monsoon,False,23.0,2.3,53,Drizzle,False,,False,False
2024-10-22,Sausage Bun,140,62,57,5,Tuesday,10,Second Inter-monsoon,False,23.0,2.3,53,Drizzle,False,,False,False
2024-10-22,Vegetable Roti,100,57,54,3,Tuesday,10,Second Inter-monsoon,False,23.0,2.3,53,Drizzle,False,,False,False
2024-10-23,Chicken Bun,130,51,48,3,Wednesday,10,Second Inter-monsoon,False,22.9,11.1,63,Rain,False,,False,False
2024-10-23,Chicken Pastry,180,72,63,9,Wednesday,10,Second Inter-monsoon,False,22.9,11.1,63,Rain,False,,False,False
2024-10-23,Chicken Samosa,90,62,56,6,Wednesday,10,Second Inter-monsoon,False,22.9,11.1,63,Rain,False,,False,False
2024-10-23,Cream Bun,120,38,35,3,Wednesday,10,Second Inter-monsoon,False,22.9,11.1,63,Rain,False,,False,False
2024-10-23,Egg Roll,100,41,39,2,Wednesday,10,Second Inter-monsoon,False,22.9,11.1,63,Rain,False,,False,False
2024-10-23,Fish Bun,120,71,68,3,Wednesday,10,Second Inter-monsoon,False,22.9,11.1,63,Rain,False,,False,False
2024-10-23,Fish Patty,110,47,43,4,Wednesday,10,Second Inter-monsoon,False,22.9,11.1,63,Rain,False,,False,False
2024-10-23,Mini Pizza,220,32,29,3,Wednesday,10,Second Inter-monsoon,False,22.9,11.1,63,Rain,False,,False,False
2024-10-23,Sausage Bun,140,39,38,1,Wednesday,10,Second Inter-monsoon,False,22.9,11.1,63,Rain,False,,False,False
2024-10-23,Vegetable Roti,100,50,45,5,Wednesday,10,Second Inter-monsoon,False,22.9,11.1,63,Rain,False,,False,False
2024-10-24,Chicken Bun,130,57,52,5,Thursday,10,Second Inter-monsoon,False,23.4,1.2,51,Drizzle,False,,False,False
2024-10-24,Chicken Pastry,180,76,74,2,Thursday,10,Second Inter-monsoon,False,23.4,1.2,51,Drizzle,False,,False,False
2024-10-24,Chicken Samosa,90,65,58,7,Thursday,10,Second Inter-monsoon,False,23.4,1.2,51,Drizzle,False,,False,False
2024-10-24,Cream Bun,120,44,40,4,Thursday,10,Second Inter-monsoon,False,23.4,1.2,51,Drizzle,False,,False,False
2024-10-24,Egg Roll,100,65,64,1,Thursday,10,Second Inter-monsoon,False,23.4,1.2,51,Drizzle,False,,False,False
2024-10-24,Fish Bun,120,74,74,0,Thursday,10,Second Inter-monsoon,False,23.4,1.2,51,Drizzle,False,,False,False
2024-10-24,Fish Patty,110,68,57,11,Thursday,10,Second Inter-monsoon,False,23.4,1.2,51,Drizzle,False,,False,False
2024-10-24,Mini Pizza,220,43,39,4,Thursday,10,Second Inter-monsoon,False,23.4,1.2,51,Drizzle,False,,False,False
2024-10-24,Sausage Bun,140,61,56,5,Thursday,10,Second Inter-monsoon,False,23.4,1.2,51,Drizzle,False,,False,False
2024-10-24,Vegetable Roti,100,61,58,3,Thursday,10,Second Inter-monsoon,False,23.4,1.2,51,Drizzle,False,,False,False
2024-10-25,Chicken Bun,130,68,63,5,Friday,10,Second Inter-monsoon,False,23.4,2.0,53,Drizzle,False,,False,False
2024-10-25,Chicken Pastry,180,82,80,2,Friday,10,Second Inter-monsoon,False,23.4,2.0,53,Drizzle,False,,False,False
2024-10-25,Chicken Samosa,90,64,62,2,Friday,10,Second Inter-monsoon,False,23.4,2.0,53,Drizzle,False,,False,False
2024-10-25,Cream Bun,120,47,44,3,Friday,10,Second Inter-monsoon,False,23.4,2.0,53,Drizzle,False,,False,False
2024-10-25,Egg Roll,100,73,65,8,Friday,10,Second Inter-monsoon,False,23.4,2.0,53,Drizzle,False,,False,False
2024-10-25,Fish Bun,120,84,78,6,Friday,10,Second Inter-monsoon,False,23.4,2.0,53,Drizzle,False,,False,False
2024-10-25,Fish Patty,110,59,52,7,Friday,10,Second Inter-monsoon,False,23.4,2.0,53,Drizzle,False,,False,False
2024-10-25,Mini Pizza,220,40,38,2,Friday,10,Second Inter-monsoon,False,23.4,2.0,53,Drizzle,False,,False,False
2024-10-25,Sausage Bun,140,66,61,5,Friday,10,Second Inter-monsoon,False,23.4,2.0,53,Drizzle,False,,False,False
2024-10-25,Vegetable Roti,100,55,51,4,Friday,10,Second Inter-monsoon,False,23.4,2.0,53,Drizzle,False,,False,False
2024-10-26,Chicken Bun,130,50,45,5,Saturday,10,Second Inter-monsoon,True,23.1,8.7,63,Rain,False,,False,False
2024-10-26,Chicken Pastry,180,77,68,9,Saturday,10,Second Inter-monsoon,True,23.1,8.7,63,Rain,False,,False,False
2024-10-26,Chicken Samosa,90,66,64,2,Saturday,10,Second Inter-monsoon,True,23.1,8.7,63,Rain,False,,False,False
2024-10-26,Cream Bun,120,44,41,3,Saturday,10,Second Inter-monsoon,True,23.1,8.7,63,Rain,False,,False,False
2024-10-26,Egg Roll,100,45,41,4,Saturday,10,Second Inter-monsoon,True,23.1,8.7,63,Rain,False,,False,False
2024-10-26,Fish Bun,120,72,65,7,Saturday,10,Second Inter-monsoon,True,23.1,8.7,63,Rain,False,,False,False
2024-10-26,Fish Patty,110,51,48,3,Saturday,10,Second Inter-monsoon,True,23.1,8.7,63,Rain,False,,False,False
2024-10-26,Mini Pizza,220,44,39,5,Saturday,10,Second Inter-monsoon,True,23.1,8.7,63,Rain,False,,False,False
2024-10-26,Sausage Bun,140,46,45,1,Saturday,10,Second Inter-monsoon,True,23.1,8.7,63,Rain,False,,False,False
2024-10-26,Vegetable Roti,100,53,50,3,Saturday,10,Second Inter-monsoon,True,23.1,8.7,63,Rain,False,,False,False
2024-10-27,Chicken Bun,130,55,50,5,Sunday,10,Second Inter-monsoon,True,23.3,6.7,61,Rain,False,,False,False
2024-10-27,Chicken Pastry,180,84,78,6,Sunday,10,Second Inter-monsoon,True,23.3,6.7,61,Rain,False,,False,False
2024-10-27,Chicken Samosa,90,75,70,5,Sunday,10,Second Inter-monsoon,True,23.3,6.7,61,Rain,False,,False,False
2024-10-27,Cream Bun,120,45,42,3,Sunday,10,Second Inter-monsoon,True,23.3,6.7,61,Rain,False,,False,False
2024-10-27,Egg Roll,100,47,43,4,Sunday,10,Second Inter-monsoon,True,23.3,6.7,61,Rain,False,,False,False
2024-10-27,Fish Bun,120,81,74,7,Sunday,10,Second Inter-monsoon,True,23.3,6.7,61,Rain,False,,False,False
2024-10-27,Fish Patty,110,54,49,5,Sunday,10,Second Inter-monsoon,True,23.3,6.7,61,Rain,False,,False,False
2024-10-27,Mini Pizza,220,43,42,1,Sunday,10,Second Inter-monsoon,True,23.3,6.7,61,Rain,False,,False,False
2024-10-27,Sausage Bun,140,51,49,2,Sunday,10,Second Inter-monsoon,True,23.3,6.7,61,Rain,False,,False,False
2024-10-27,Vegetable Roti,100,50,49,1,Sunday,10,Second Inter-monsoon,True,23.3,6.7,61,Rain,False,,False,False
2024-10-28,Chicken Bun,130,67,59,8,Monday,10,Second Inter-monsoon,False,23.4,3.7,61,Rain,False,,False,False
2024-10-28,Chicken Pastry,180,79,77,2,Monday,10,Second Inter-monsoon,False,23.4,3.7,61,Rain,False,,False,False
2024-10-28,Chicken Samosa,90,65,59,6,Monday,10,Second Inter-monsoon,False,23.4,3.7,61,Rain,False,,False,False
2024-10-28,Cream Bun,120,49,45,4,Monday,10,Second Inter-monsoon,False,23.4,3.7,61,Rain,False,,False,False
2024-10-28,Egg Roll,100,54,49,5,Monday,10,Second Inter-monsoon,False,23.4,3.7,61,Rain,False,,False,False
2024-10-28,Fish Bun,120,73,66,7,Monday,10,Second Inter-monsoon,False,23.4,3.7,61,Rain,False,,False,False
2024-10-28,Fish Patty,110,53,53,0,Monday,10,Second Inter-monsoon,False,23.4,3.7,61,Rain,False,,False,False
2024-10-28,Mini Pizza,220,37,34,3,Monday,10,Second Inter-monsoon,False,23.4,3.7,61,Rain,False,,False,False
2024-10-28,Sausage Bun,140,54,51,3,Monday,10,Second Inter-monsoon,False,23.4,3.7,61,Rain,False,,False,False
2024-10-28,Vegetable Roti,100,56,53,3,Monday,10,Second Inter-monsoon,False,23.4,3.7,61,Rain,False,,False,False
2024-10-29,Chicken Bun,130,59,55,4,Tuesday,10,Second Inter-monsoon,False,23.8,3.4,61,Rain,False,,False,False
2024-10-29,Chicken Pastry,180,98,91,7,Tuesday,10,Second Inter-monsoon,False,23.8,3.4,61,Rain,False,,False,False
2024-10-29,Chicken Samosa,90,69,62,7,Tuesday,10,Second Inter-monsoon,False,23.8,3.4,61,Rain,False,,False,False
2024-10-29,Cream Bun,120,43,37,6,Tuesday,10,Second Inter-monsoon,False,23.8,3.4,61,Rain,False,,False,False
2024-10-29,Egg Roll,100,63,58,5,Tuesday,10,Second Inter-monsoon,False,23.8,3.4,61,Rain,False,,False,False
2024-10-29,Fish Bun,120,63,61,2,Tuesday,10,Second Inter-monsoon,False,23.8,3.4,61,Rain,False,,False,False
2024-10-29,Fish Patty,110,57,53,4,Tuesday,10,Second Inter-monsoon,False,23.8,3.4,61,Rain,False,,False,False
2024-10-29,Mini Pizza,220,35,34,1,Tuesday,10,Second Inter-monsoon,False,23.8,3.4,61,Rain,False,,False,False
2024-10-29,Sausage Bun,140,58,53,5,Tuesday,10,Second Inter-monsoon,False,23.8,3.4,61,Rain,False,,False,False
2024-10-29,Vegetable Roti,100,59,56,3,Tuesday,10,Second Inter-monsoon,False,23.8,3.4,61,Rain,False,,False,False
2024-10-30,Chicken Bun,130,54,52,2,Wednesday,10,Second Inter-monsoon,False,23.6,4.2,63,Rain,False,,True,False
2024-10-30,Chicken Pastry,180,77,73,4,Wednesday,10,Second Inter-monsoon,False,23.6,4.2,63,Rain,False,,True,False
2024-10-30,Chicken Samosa,90,74,72,2,Wednesday,10,Second Inter-monsoon,False,23.6,4.2,63,Rain,False,,True,False
2024-10-30,Cream Bun,120,46,42,4,Wednesday,10,Second Inter-monsoon,False,23.6,4.2,63,Rain,False,,True,False
2024-10-30,Egg Roll,100,66,60,6,Wednesday,10,Second Inter-monsoon,False,23.6,4.2,63,Rain,False,,True,False
2024-10-30,Fish Bun,120,74,67,7,Wednesday,10,Second Inter-monsoon,False,23.6,4.2,63,Rain,False,,True,False
2024-10-30,Fish Patty,110,47,45,2,Wednesday,10,Second Inter-monsoon,False,23.6,4.2,63,Rain,False,,True,False
2024-10-30,Mini Pizza,220,40,38,2,Wednesday,10,Second Inter-monsoon,False,23.6,4.2,63,Rain,False,,True,False
2024-10-30,Sausage Bun,140,52,52,0,Wednesday,10,Second Inter-monsoon,False,23.6,4.2,63,Rain,False,,True,False
2024-10-30,Vegetable Roti,100,60,54,6,Wednesday,10,Second Inter-monsoon,False,23.6,4.2,63,Rain,False,,True,False
2024-10-31,Chicken Bun,130,71,69,2,Thursday,10,Second Inter-monsoon,False,23.7,4.4,63,Rain,True,Diwali,False,False
2024-10-31,Chicken Pastry,180,86,86,0,Thursday,10,Second Inter-monsoon,False,23.7,4.4,63,Rain,True,Diwali,False,False
2024-10-31,Chicken Samosa,90,85,79,6,Thursday,10,Second Inter-monsoon,False,23.7,4.4,63,Rain,True,Diwali,False,False
2024-10-31,Cream Bun,120,51,48,3,Thursday,10,Second Inter-monsoon,False,23.7,4.4,63,Rain,True,Diwali,False,False
2024-10-31,Egg Roll,100,60,58,2,Thursday,10,Second Inter-monsoon,False,23.7,4.4,63,Rain,True,Diwali,False,False
2024-10-31,Fish Bun,120,84,81,3,Thursday,10,Second Inter-monsoon,False,23.7,4.4,63,Rain,True,Diwali,False,False
2024-10-31,Fish Patty,110,70,66,4,Thursday,10,Second Inter-monsoon,False,23.7,4.4,63,Rain,True,Diwali,False,False
2024-10-31,Mini Pizza,220,47,45,2,Thursday,10,Second Inter-monsoon,False,23.7,4.4,63,Rain,True,Diwali,False,False
2024-10-31,Sausage Bun,140,71,64,7,Thursday,10,Second Inter-monsoon,False,23.7,4.4,63,Rain,True,Diwali,False,False
2024-10-31,Vegetable Roti,100,71,64,7,Thursday,10,Second Inter-monsoon,False,23.7,4.4,63,Rain,True,Diwali,False,False
2024-11-01,Chicken Bun,130,49,46,3,Friday,11,Second Inter-monsoon,False,22.9,15.7,63,Rain,False,,False,True
2024-11-01,Chicken Pastry,180,68,64,4,Friday,11,Second Inter-monsoon,False,22.9,15.7,63,Rain,False,,False,True
2024-11-01,Chicken Samosa,90,53,50,3,Friday,11,Second Inter-monsoon,False,22.9,15.7,63,Rain,False,,False,True
2024-11-01,Cream Bun,120,38,36,2,Friday,11,Second Inter-monsoon,False,22.9,15.7,63,Rain,False,,False,True
2024-11-01,Egg Roll,100,49,45,4,Friday,11,Second Inter-monsoon,False,22.9,15.7,63,Rain,False,,False,True
2024-11-01,Fish Bun,120,58,51,7,Friday,11,Second Inter-monsoon,False,22.9,15.7,63,Rain,False,,False,True
2024-11-01,Fish Patty,110,46,44,2,Friday,11,Second Inter-monsoon,False,22.9,15.7,63,Rain,False,,False,True
2024-11-01,Mini Pizza,220,31,30,1,Friday,11,Second Inter-monsoon,False,22.9,15.7,63,Rain,False,,False,True
2024-11-01,Sausage Bun,140,51,45,6,Friday,11,Second Inter-monsoon,False,22.9,15.7,63,Rain,False,,False,True
2024-11-01,Vegetable Roti,100,47,40,7,Friday,11,Second Inter-monsoon,False,22.9,15.7,63,Rain,False,,False,True
2024-11-02,Chicken Bun,130,55,51,4,Saturday,11,Second Inter-monsoon,True,23.1,40.3,65,Rain,False,,False,False
2024-11-02,Chicken Pastry,180,94,84,10,Saturday,11,Second Inter-monsoon,True,23.1,40.3,65,Rain,False,,False,False
2024-11-02,Chicken Samosa,90,60,53,7,Saturday,11,Second Inter-monsoon,True,23.1,40.3,65,Rain,False,,False,False
2024-11-02,Cream Bun,120,45,44,1,Saturday,11,Second Inter-monsoon,True,23.1,40.3,65,Rain,False,,False,False
2024-11-02,Egg Roll,100,48,47,1,Saturday,11,Second Inter-monsoon,True,23.1,40.3,65,Rain,False,,False,False
2024-11-02,Fish Bun,120,67,63,4,Saturday,11,Second Inter-monsoon,True,23.1,40.3,65,Rain,False,,False,False
2024-11-02,Fish Patty,110,50,47,3,Saturday,11,Second Inter-monsoon,True,23.1,40.3,65,Rain,False,,False,False
2024-11-02,Mini Pizza,220,36,36,0,Saturday,11,Second Inter-monsoon,True,23.1,40.3,65,Rain,False,,False,False
2024-11-02,Sausage Bun,140,54,50,4,Saturday,11,Second Inter-monsoon,True,23.1,40.3,65,Rain,False,,False,False
2024-11-02,Vegetable Roti,100,52,47,5,Saturday,11,Second Inter-monsoon,True,23.1,40.3,65,Rain,False,,False,False
2024-11-03,Chicken Bun,130,53,50,3,Sunday,11,Second Inter-monsoon,True,22.7,13.6,63,Rain,False,,False,False
2024-11-03,Chicken Pastry,180,91,83,8,Sunday,11,Second Inter-monsoon,True,22.7,13.6,63,Rain,False,,False,False
2024-11-03,Chicken Samosa,90,60,54,6,Sunday,11,Second Inter-monsoon,True,22.7,13.6,63,Rain,False,,False,False
2024-11-03,Cream Bun,120,40,37,3,Sunday,11,Second Inter-monsoon,True,22.7,13.6,63,Rain,False,,False,False
2024-11-03,Egg Roll,100,54,51,3,Sunday,11,Second Inter-monsoon,True,22.7,13.6,63,Rain,False,,False,False
2024-11-03,Fish Bun,120,73,68,5,Sunday,11,Second Inter-monsoon,True,22.7,13.6,63,Rain,False,,False,False
2024-11-03,Fish Patty,110,41,36,5,Sunday,11,Second Inter-monsoon,True,22.7,13.6,63,Rain,False,,False,False
2024-11-03,Mini Pizza,220,37,35,2,Sunday,11,Second Inter-monsoon,True,22.7,13.6,63,Rain,False,,False,False
2024-11-03,Sausage Bun,140,62,54,8,Sunday,11,Second Inter-monsoon,True,22.7,13.6,63,Rain,False,,False,False
2024-11-03,Vegetable Roti,100,48,45,3,Sunday,11,Second Inter-monsoon,True,22.7,13.6,63,Rain,False,,False,False
2024-11-04,Chicken Bun,130,53,52,1,Monday,11,Second Inter-monsoon,False,22.7,20.3,65,Rain,False,,False,False
2024-11-04,Chicken Pastry,180,71,67,4,Monday,11,Second Inter-monsoon,False,22.7,20.3,65,Rain,False,,False,False
2024-11-04,Chicken Samosa,90,41,39,2,Monday,11,Second Inter-monsoon,False,22.7,20.3,65,Rain,False,,False,False
2024-11-04,Cream Bun,120,36,35,1,Monday,11,Second Inter-monsoon,False,22.7,20.3,65,Rain,False,,False,False
2024-11-04,Egg Roll,100,55,50,5,Monday,11,Second Inter-monsoon,False,22.7,20.3,65,Rain,False,,False,False
2024-11-04,Fish Bun,120,57,54,3,Monday,11,Second Inter-monsoon,False,22.7,20.3,65,Rain,False,,False,False
2024-11-04,Fish Patty,110,46,40,6,Monday,11,Second Inter-monsoon,False,22.7,20.3,65,Rain,False,,False,False
2024-11-04,Mini Pizza,220,34,31,3,Monday,11,Second Inter-monsoon,False,22.7,20.3,65,Rain,False,,False,False
2024-11-04,Sausage Bun,140,53,49,4,Monday,11,Second Inter-monsoon,False,22.7,20.3,65,Rain,False,,False,False
2024-11-04,Vegetable Roti,100,43,43,0,Monday,11,Second Inter-monsoon,False,22.7,20.3,65,Rain,False,,False,False
2024-11-05,Chicken Bun,130,52,47,5,Tuesday,11,Second Inter-monsoon,False,22.9,15.0,65,Rain,False,,False,False
2024-11-05,Chicken Pastry,180,73,66,7,Tuesday,11,Second Inter-monsoon,False,22.9,15.0,65,Rain,False,,False,False
2024-11-05,Chicken Samosa,90,54,50,4,Tuesday,11,Second Inter-monsoon,False,22.9,15.0,65,Rain,False,,False,False
2024-11-05,Cream Bun,120,34,32,2,Tuesday,11,Second Inter-monsoon,False,22.9,15.0,65,Rain,False,,False,False
2024-11-05,Egg Roll,100,49,48,1,Tuesday,11,Second Inter-monsoon,False,22.9,15.0,65,Rain,False,,False,False
2024-11-05,Fish Bun,120,49,46,3,Tuesday,11,Second Inter-monsoon,False,22.9,15.0,65,Rain,False,,False,False
2024-11-05,Fish Patty,110,48,45,3,Tuesday,11,Second Inter-monsoon,False,22.9,15.0,65,Rain,False,,False,False
2024-11-05,Mini Pizza,220,38,35,3,Tuesday,11,Second Inter-monsoon,False,22.9,15.0,65,Rain,False,,False,False
2024-11-05,Sausage Bun,140,45,42,3,Tuesday,11,Second Inter-monsoon,False,22.9,15.0,65,Rain,False,,False,False
2024-11-05,Vegetable Roti,100,47,43,4,Tuesday,11,Second Inter-monsoon,False,22.9,15.0,65,Rain,False,,False,False
2024-11-06,Chicken Bun,130,70,62,8,Wednesday,11,Second Inter-monsoon,False,24.1,0.0,3,Cloudy,False,,False,False
2024-11-06,Chicken Pastry,180,106,101,5,Wednesday,11,Second Inter-monsoon,False,24.1,0.0,3,Cloudy,False,,False,False
2024-11-06,Chicken Samosa,90,76,72,4,Wednesday,11,Second Inter-monsoon,False,24.1,0.0,3,Cloudy,False,,False,False
2024-11-06,Cream Bun,120,58,53,5,Wednesday,11,Second Inter-monsoon,False,24.1,0.0,3,Cloudy,False,,False,False
2024-11-06,Egg Roll,100,62,61,1,Wednesday,11,Second Inter-monsoon,False,24.1,0.0,3,Cloudy,False,,False,False
2024-11-06,Fish Bun,120,79,74,5,Wednesday,11,Second Inter-monsoon,False,24.1,0.0,3,Cloudy,False,,False,False
2024-11-06,Fish Patty,110,62,59,3,Wednesday,11,Second Inter-monsoon,False,24.1,0.0,3,Cloudy,False,,False,False
2024-11-06,Mini Pizza,220,48,45,3,Wednesday,11,Second Inter-monsoon,False,24.1,0.0,3,Cloudy,False,,False,False
2024-11-06,Sausage Bun,140,67,63,4,Wednesday,11,Second Inter-monsoon,False,24.1,0.0,3,Cloudy,False,,False,False
2024-11-06,Vegetable Roti,100,66,63,3,Wednesday,11,Second Inter-monsoon,False,24.1,0.0,3,Cloudy,False,,False,False
2024-11-07,Chicken Bun,130,67,60,7,Thursday,11,Second Inter-monsoon,False,23.1,3.2,55,Drizzle,False,,False,False
2024-11-07,Chicken Pastry,180,96,90,6,Thursday,11,Second Inter-monsoon,False,23.1,3.2,55,Drizzle,False,,False,False
2024-11-07,Chicken Samosa,90,63,59,4,Thursday,11,Second Inter-monsoon,False,23.1,3.2,55,Drizzle,False,,False,False
2024-11-07,Cream Bun,120,48,42,6,Thursday,11,Second Inter-monsoon,False,23.1,3.2,55,Drizzle,False,,False,False
2024-11-07,Egg Roll,100,61,57,4,Thursday,11,Second Inter-monsoon,False,23.1,3.2,55,Drizzle,False,,False,False
2024-11-07,Fish Bun,120,76,69,7,Thursday,11,Second Inter-monsoon,False,23.1,3.2,55,Drizzle,False,,False,False
2024-11-07,Fish Patty,110,53,49,4,Thursday,11,Second Inter-monsoon,False,23.1,3.2,55,Drizzle,False,,False,False
2024-11-07,Mini Pizza,220,37,36,1,Thursday,11,Second Inter-monsoon,False,23.1,3.2,55,Drizzle,False,,False,False
2024-11-07,Sausage Bun,140,58,54,4,Thursday,11,Second Inter-monsoon,False,23.1,3.2,55,Drizzle,False,,False,False
2024-11-07,Vegetable Roti,100,60,54,6,Thursday,11,Second Inter-monsoon,False,23.1,3.2,55,Drizzle,False,,False,False
2024-11-08,Chicken Bun,130,51,46,5,Friday,11,Second Inter-monsoon,False,22.5,25.6,63,Rain,False,,False,False
2024-11-08,Chicken Pastry,180,77,71,6,Friday,11,Second Inter-monsoon,False,22.5,25.6,63,Rain,False,,False,False
2024-11-08,Chicken Samosa,90,47,45,2,Friday,11,Second Inter-monsoon,False,22.5,25.6,63,Rain,False,,False,False
2024-11-08,Cream Bun,120,41,39,2,Friday,11,Second Inter-monsoon,False,22.5,25.6,63,Rain,False,,False,False
2024-11-08,Egg Roll,100,56,50,6,Friday,11,Second Inter-monsoon,False,22.5,25.6,63,Rain,False,,False,False
2024-11-08,Fish Bun,120,58,52,6,Friday,11,Second Inter-monsoon,False,22.5,25.6,63,Rain,False,,False,False
2024-11-08,Fish Patty,110,49,45,4,Friday,11,Second Inter-monsoon,False,22.5,25.6,63,Rain,False,,False,False
2024-11-08,Mini Pizza,220,32,30,2,Friday,11,Second Inter-monsoon,False,22.5,25.6,63,Rain,False,,False,False
2024-11-08,Sausage Bun,140,49,44,5,Friday,11,Second Inter-monsoon,False,22.5,25.6,63,Rain,False,,False,False
2024-11-08,Vegetable Roti,100,41,39,2,Friday,11,Second Inter-monsoon,False,22.5,25.6,63,Rain,False,,False,False
2024-11-09,Chicken Bun,130,72,71,1,Saturday,11,Second Inter-monsoon,True,23.8,1.4,51,Drizzle,False,,False,False
2024-11-09,Chicken Pastry,180,102,93,9,Saturday,11,Second Inter-monsoon,True,23.8,1.4,51,Drizzle,False,,False,False
2024-11-09,Chicken Samosa,90,77,77,0,Saturday,11,Second Inter-monsoon,True,23.8,1.4,51,Drizzle,False,,False,False
2024-11-09,Cream Bun,120,65,55,10,Saturday,11,Second Inter-monsoon,True,23.8,1.4,51,Drizzle,False,,False,False
2024-11-09,Egg Roll,100,67,64,3,Saturday,11,Second Inter-monsoon,True,23.8,1.4,51,Drizzle,False,,False,False
2024-11-09,Fish Bun,120,81,77,4,Saturday,11,Second Inter-monsoon,True,23.8,1.4,51,Drizzle,False,,False,False
2024-11-09,Fish Patty,110,61,57,4,Saturday,11,Second Inter-monsoon,True,23.8,1.4,51,Drizzle,False,,False,False
2024-11-09,Mini Pizza,220,60,53,7,Saturday,11,Second Inter-monsoon,True,23.8,1.4,51,Drizzle,False,,False,False
2024-11-09,Sausage Bun,140,68,63,5,Saturday,11,Second Inter-monsoon,True,23.8,1.4,51,Drizzle,False,,False,False
2024-11-09,Vegetable Roti,100,68,61,7,Saturday,11,Second Inter-monsoon,True,23.8,1.4,51,Drizzle,False,,False,False
2024-11-10,Chicken Bun,130,76,67,9,Sunday,11,Second Inter-monsoon,True,23.6,1.2,51,Drizzle,False,,False,False
2024-11-10,Chicken Pastry,180,119,102,17,Sunday,11,Second Inter-monsoon,True,23.6,1.2,51,Drizzle,False,,False,False
2024-11-10,Chicken Samosa,90,83,78,5,Sunday,11,Second Inter-monsoon,True,23.6,1.2,51,Drizzle,False,,False,False
2024-11-10,Cream Bun,120,57,54,3,Sunday,11,Second Inter-monsoon,True,23.6,1.2,51,Drizzle,False,,False,False
2024-11-10,Egg Roll,100,67,65,2,Sunday,11,Second Inter-monsoon,True,23.6,1.2,51,Drizzle,False,,False,False
2024-11-10,Fish Bun,120,86,83,3,Sunday,11,Second Inter-monsoon,True,23.6,1.2,51,Drizzle,False,,False,False
2024-11-10,Fish Patty,110,61,58,3,Sunday,11,Second Inter-monsoon,True,23.6,1.2,51,Drizzle,False,,False,False
2024-11-10,Mini Pizza,220,50,46,4,Sunday,11,Second Inter-monsoon,True,23.6,1.2,51,Drizzle,False,,False,False
2024-11-10,Sausage Bun,140,59,58,1,Sunday,11,Second Inter-monsoon,True,23.6,1.2,51,Drizzle,False,,False,False
2024-11-10,Vegetable Roti,100,68,65,3,Sunday,11,Second Inter-monsoon,True,23.6,1.2,51,Drizzle,False,,False,False
2024-11-11,Chicken Bun,130,76,68,8,Monday,11,Second Inter-monsoon,False,24.0,0.1,51,Drizzle,False,,False,False
2024-11-11,Chicken Pastry,180,107,101,6,Monday,11,Second Inter-monsoon,False,24.0,0.1,51,Drizzle,False,,False,False
2024-11-11,Chicken Samosa,90,70,63,7,Monday,11,Second Inter-monsoon,False,24.0,0.1,51,Drizzle,False,,False,False
2024-11-11,Cream Bun,120,55,50,5,Monday,11,Second Inter-monsoon,False,24.0,0.1,51,Drizzle,False,,False,False
2024-11-11,Egg Roll,100,75,65,10,Monday,11,Second Inter-monsoon,False,24.0,0.1,51,Drizzle,False,,False,False
2024-11-11,Fish Bun,120,75,72,3,Monday,11,Second Inter-monsoon,False,24.0,0.1,51,Drizzle,False,,False,False
2024-11-11,Fish Patty,110,62,60,2,Monday,11,Second Inter-monsoon,False,24.0,0.1,51,Drizzle,False,,False,False
2024-11-11,Mini Pizza,220,48,45,3,Monday,11,Second Inter-monsoon,False,24.0,0.1,51,Drizzle,False,,False,False
2024-11-11,Sausage Bun,140,78,68,10,Monday,11,Second Inter-monsoon,False,24.0,0.1,51,Drizzle,False,,False,False
2024-11-11,Vegetable Roti,100,52,49,3,Monday,11,Second Inter-monsoon,False,24.0,0.1,51,Drizzle,False,,False,False
2024-11-12,Chicken Bun,130,77,71,6,Tuesday,11,Second Inter-monsoon,False,23.5,1.0,51,Drizzle,False,,False,False
2024-11-12,Chicken Pastry,180,85,79,6,Tuesday,11,Second Inter-monsoon,False,23.5,1.0,51,Drizzle,False,,False,False
2024-11-12,Chicken Samosa,90,79,73,6,Tuesday,11,Second Inter-monsoon,False,23.5,1.0,51,Drizzle,False,,False,False
2024-11-12,Cream Bun,120,48,47,1,Tuesday,11,Second Inter-monsoon,False,23.5,1.0,51,Drizzle,False,,False,False
2024-11-12,Egg Roll,100,71,61,10,Tuesday,11,Second Inter-monsoon,False,23.5,1.0,51,Drizzle,False,,False,False
2024-11-12,Fish Bun,120,78,73,5,Tuesday,11,Second Inter-monsoon,False,23.5,1.0,51,Drizzle,False,,False,False
2024-11-12,Fish Patty,110,63,58,5,Tuesday,11,Second Inter-monsoon,False,23.5,1.0,51,Drizzle,False,,False,False
2024-11-12,Mini Pizza,220,45,44,1,Tuesday,11,Second Inter-monsoon,False,23.5,1.0,51,Drizzle,False,,False,False
2024-11-12,Sausage Bun,140,52,51,1,Tuesday,11,Second Inter-monsoon,False,23.5,1.0,51,Drizzle,False,,False,False
2024-11-12,Vegetable Roti,100,60,56,4,Tuesday,11,Second Inter-monsoon,False,23.5,1.0,51,Drizzle,False,,False,False
2024-11-13,Chicken Bun,130,52,49,3,Wednesday,11,Second Inter-monsoon,False,23.3,14.4,63,Rain,False,,False,False
2024-11-13,Chicken Pastry,180,67,64,3,Wednesday,11,Second Inter-monsoon,False,23.3,14.4,63,Rain,False,,False,False
2024-11-13,Chicken Samosa,90,61,58,3,Wednesday,11,Second Inter-monsoon,False,23.3,14.4,63,Rain,False,,False,False
2024-11-13,Cream Bun,120,43,41,2,Wednesday,11,Second Inter-monsoon,False,23.3,14.4,63,Rain,False,,False,False
2024-11-13,Egg Roll,100,46,41,5,Wednesday,11,Second Inter-monsoon,False,23.3,14.4,63,Rain,False,,False,False
2024-11-13,Fish Bun,120,59,56,3,Wednesday,11,Second Inter-monsoon,False,23.3,14.4,63,Rain,False,,False,False
2024-11-13,Fish Patty,110,44,41,3,Wednesday,11,Second Inter-monsoon,False,23.3,14.4,63,Rain,False,,False,False
2024-11-13,Mini Pizza,220,39,35,4,Wednesday,11,Second Inter-monsoon,False,23.3,14.4,63,Rain,False,,False,False
2024-11-13,Sausage Bun,140,52,48,4,Wednesday,11,Second Inter-monsoon,False,23.3,14.4,63,Rain,False,,False,False
2024-11-13,Vegetable Roti,100,46,43,3,Wednesday,11,Second Inter-monsoon,False,23.3,14.4,63,Rain,False,,False,False
2024-11-14,Chicken Bun,130,69,60,9,Thursday,11,Second Inter-monsoon,False,23.1,4.5,61,Rain,False,,True,False
2024-11-14,Chicken Pastry,180,95,83,12,Thursday,11,Second Inter-monsoon,False,23.1,4.5,61,Rain,False,,True,False
2024-11-14,Chicken Samosa,90,70,65,5,Thursday,11,Second Inter-monsoon,False,23.1,4.5,61,Rain,False,,True,False
2024-11-14,Cream Bun,120,41,38,3,Thursday,11,Second Inter-monsoon,False,23.1,4.5,61,Rain,False,,True,False
2024-11-14,Egg Roll,100,56,52,4,Thursday,11,Second Inter-monsoon,False,23.1,4.5,61,Rain,False,,True,False
2024-11-14,Fish Bun,120,71,66,5,Thursday,11,Second Inter-monsoon,False,23.1,4.5,61,Rain,False,,True,False
2024-11-14,Fish Patty,110,52,46,6,Thursday,11,Second Inter-monsoon,False,23.1,4.5,61,Rain,False,,True,False
2024-11-14,Mini Pizza,220,32,29,3,Thursday,11,Second Inter-monsoon,False,23.1,4.5,61,Rain,False,,True,False
2024-11-14,Sausage Bun,140,54,50,4,Thursday,11,Second Inter-monsoon,False,23.1,4.5,61,Rain,False,,True,False
2024-11-14,Vegetable Roti,100,62,59,3,Thursday,11,Second Inter-monsoon,False,23.1,4.5,61,Rain,False,,True,False
2024-11-15,Chicken Bun,130,55,53,2,Friday,11,Second Inter-monsoon,False,23.0,14.7,63,Rain,True,Il Full Moon Poya Day,False,False
2024-11-15,Chicken Pastry,180,76,72,4,Friday,11,Second Inter-monsoon,False,23.0,14.7,63,Rain,True,Il Full Moon Poya Day,False,False
2024-11-15,Chicken Samosa,90,60,54,6,Friday,11,Second Inter-monsoon,False,23.0,14.7,63,Rain,True,Il Full Moon Poya Day,False,False
2024-11-15,Cream Bun,120,46,43,3,Friday,11,Second Inter-monsoon,False,23.0,14.7,63,Rain,True,Il Full Moon Poya Day,False,False
2024-11-15,Egg Roll,100,58,50,8,Friday,11,Second Inter-monsoon,False,23.0,14.7,63,Rain,True,Il Full Moon Poya Day,False,False
2024-11-15,Fish Bun,120,65,63,2,Friday,11,Second Inter-monsoon,False,23.0,14.7,63,Rain,True,Il Full Moon Poya Day,False,False
2024-11-15,Fish Patty,110,46,42,4,Friday,11,Second Inter-monsoon,False,23.0,14.7,63,Rain,True,Il Full Moon Poya Day,False,False
2024-11-15,Mini Pizza,220,43,42,1,Friday,11,Second Inter-monsoon,False,23.0,14.7,63,Rain,True,Il Full Moon Poya Day,False,False
2024-11-15,Sausage Bun,140,59,55,4,Friday,11,Second Inter-monsoon,False,23.0,14.7,63,Rain,True,Il Full Moon Poya Day,False,False
2024-11-15,Vegetable Roti,100,52,51,1,Friday,11,Second Inter-monsoon,False,23.0,14.7,63,Rain,True,Il Full Moon Poya Day,False,False
2024-11-16,Chicken Bun,130,83,77,6,Saturday,11,Second Inter-monsoon,True,23.6,1.8,53,Drizzle,False,,False,True
2024-11-16,Chicken Pastry,180,108,103,5,Saturday,11,Second Inter-monsoon,True,23.6,1.8,53,Drizzle,False,,False,True
2024-11-16,Chicken Samosa,90,88,82,6,Saturday,11,Second Inter-monsoon,True,23.6,1.8,53,Drizzle,False,,False,True
2024-11-16,Cream Bun,120,51,48,3,Saturday,11,Second Inter-monsoon,True,23.6,1.8,53,Drizzle,False,,False,True
2024-11-16,Egg Roll,100,69,62,7,Saturday,11,Second Inter-monsoon,True,23.6,1.8,53,Drizzle,False,,False,True
2024-11-16,Fish Bun,120,81,79,2,Saturday,11,Second Inter-monsoon,True,23.6,1.8,53,Drizzle,False,,False,True
2024-11-16,Fish Patty,110,55,52,3,Saturday,11,Second Inter-monsoon,True,23.6,1.8,53,Drizzle,False,,False,True
2024-11-16,Mini Pizza,220,58,54,4,Saturday,11,Second Inter-monsoon,True,23.6,1.8,53,Drizzle,False,,False,True
2024-11-16,Sausage Bun,140,57,55,2,Saturday,11,Second Inter-monsoon,True,23.6,1.8,53,Drizzle,False,,False,True
2024-11-16,Vegetable Roti,100,61,57,4,Saturday,11,Second Inter-monsoon,True,23.6,1.8,53,Drizzle,False,,False,True
2024-11-17,Chicken Bun,130,71,65,6,Sunday,11,Second Inter-monsoon,True,24.1,0.8,53,Drizzle,False,,False,False
2024-11-17,Chicken Pastry,180,108,98,10,Sunday,11,Second Inter-monsoon,True,24.1,0.8,53,Drizzle,False,,False,False
2024-11-17,Chicken Samosa,90,87,77,10,Sunday,11,Second Inter-monsoon,True,24.1,0.8,53,Drizzle,False,,False,False
2024-11-17,Cream Bun,120,61,54,7,Sunday,11,Second Inter-monsoon,True,24.1,0.8,53,Drizzle,False,,False,False
2024-11-17,Egg Roll,100,72,64,8,Sunday,11,Second Inter-monsoon,True,24.1,0.8,53,Drizzle,False,,False,False
2024-11-17,Fish Bun,120,70,64,6,Sunday,11,Second Inter-monsoon,True,24.1,0.8,53,Drizzle,False,,False,False
2024-11-17,Fish Patty,110,67,63,4,Sunday,11,Second Inter-monsoon,True,24.1,0.8,53,Drizzle,False,,False,False
2024-11-17,Mini Pizza,220,62,55,7,Sunday,11,Second Inter-monsoon,True,24.1,0.8,53,Drizzle,False,,False,False
2024-11-17,Sausage Bun,140,72,66,6,Sunday,11,Second Inter-monsoon,True,24.1,0.8,53,Drizzle,False,,False,False
2024-11-17,Vegetable Roti,100,67,64,3,Sunday,11,Second Inter-monsoon,True,24.1,0.8,53,Drizzle,False,,False,False
2024-11-18,Chicken Bun,130,69,63,6,Monday,11,Second Inter-monsoon,False,23.9,3.4,61,Rain,False,,False,False
2024-11-18,Chicken Pastry,180,90,83,7,Monday,11,Second Inter-monsoon,False,23.9,3.4,61,Rain,False,,False,False
2024-11-18,Chicken Samosa,90,69,62,7,Monday,11,Second Inter-monsoon,False,23.9,3.4,61,Rain,False,,False,False
2024-11-18,Cream Bun,120,45,41,4,Monday,11,Second Inter-monsoon,False,23.9,3.4,61,Rain,False,,False,False
2024-11-18,Egg Roll,100,64,56,8,Monday,11,Second Inter-monsoon,False,23.9,3.4,61,Rain,False,,False,False
2024-11-18,Fish Bun,120,81,75,6,Monday,11,Second Inter-monsoon,False,23.9,3.4,61,Rain,False,,False,False
2024-11-18,Fish Patty,110,55,49,6,Monday,11,Second Inter-monsoon,False,23.9,3.4,61,Rain,False,,False,False
2024-11-18,Mini Pizza,220,39,36,3,Monday,11,Second Inter-monsoon,False,23.9,3.4,61,Rain,False,,False,False
2024-11-18,Sausage Bun,140,57,54,3,Monday,11,Second Inter-monsoon,False,23.9,3.4,61,Rain,False,,False,False
2024-11-18,Vegetable Roti,100,65,60,5,Monday,11,Second Inter-monsoon,False,23.9,3.4,61,Rain,False,,False,False
2024-11-19,Chicken Bun,130,54,50,4,Tuesday,11,Second Inter-monsoon,False,23.2,23.9,65,Rain,False,,False,False
2024-11-19,Chicken Pastry,180,80,72,8,Tuesday,11,Second Inter-monsoon,False,23.2,23.9,65,Rain,False,,False,False
2024-11-19,Chicken Samosa,90,50,47,3,Tuesday,11,Second Inter-monsoon,False,23.2,23.9,65,Rain,False,,False,False
2024-11-19,Cream Bun,120,38,36,2,Tuesday,11,Second Inter-monsoon,False,23.2,23.9,65,Rain,False,,False,False
2024-11-19,Egg Roll,100,46,44,2,Tuesday,11,Second Inter-monsoon,False,23.2,23.9,65,Rain,False,,False,False
2024-11-19,Fish Bun,120,58,52,6,Tuesday,11,Second Inter-monsoon,False,23.2,23.9,65,Rain,False,,False,False
2024-11-19,Fish Patty,110,53,47,6,Tuesday,11,Second Inter-monsoon,False,23.2,23.9,65,Rain,False,,False,False
2024-11-19,Mini Pizza,220,33,33,0,Tuesday,11,Second Inter-monsoon,False,23.2,23.9,65,Rain,False,,False,False
2024-11-19,Sausage Bun,140,40,38,2,Tuesday,11,Second Inter-monsoon,False,23.2,23.9,65,Rain,False,,False,False
2024-11-19,Vegetable Roti,100,47,43,4,Tuesday,11,Second Inter-monsoon,False,23.2,23.9,65,Rain,False,,False,False
2024-11-20,Chicken Bun,130,54,51,3,Wednesday,11,Second Inter-monsoon,False,23.2,17.2,65,Rain,False,,False,False
2024-11-20,Chicken Pastry,180,68,64,4,Wednesday,11,Second Inter-monsoon,False,23.2,17.2,65,Rain,False,,False,False
2024-11-20,Chicken Samosa,90,60,52,8,Wednesday,11,Second Inter-monsoon,False,23.2,17.2,65,Rain,False,,False,False
2024-11-20,Cream Bun,120,36,33,3,Wednesday,11,Second Inter-monsoon,False,23.2,17.2,65,Rain,False,,False,False
2024-11-20,Egg Roll,100,49,46,3,Wednesday,11,Second Inter-monsoon,False,23.2,17.2,65,Rain,False,,False,False
2024-11-20,Fish Bun,120,59,52,7,Wednesday,11,Second Inter-monsoon,False,23.2,17.2,65,Rain,False,,False,False
2024-11-20,Fish Patty,110,39,37,2,Wednesday,11,Second Inter-monsoon,False,23.2,17.2,65,Rain,False,,False,False
2024-11-20,Mini Pizza,220,37,33,4,Wednesday,11,Second Inter-monsoon,False,23.2,17.2,65,Rain,False,,False,False
2024-11-20,Sausage Bun,140,44,44,0,Wednesday,11,Second Inter-monsoon,False,23.2,17.2,65,Rain,False,,False,False
2024-11-20,Vegetable Roti,100,44,41,3,Wednesday,11,Second Inter-monsoon,False,23.2,17.2,65,Rain,False,,False,False
2024-11-21,Chicken Bun,130,48,45,3,Thursday,11,Second Inter-monsoon,False,23.2,16.5,63,Rain,False,,False,False
2024-11-21,Chicken Pastry,180,81,72,9,Thursday,11,Second Inter-monsoon,False,23.2,16.5,63,Rain,False,,False,False
2024-11-21,Chicken Samosa,90,58,53,5,Thursday,11,Second Inter-monsoon,False,23.2,16.5,63,Rain,False,,False,False
2024-11-21,Cream Bun,120,40,37,3,Thursday,11,Second Inter-monsoon,False,23.2,16.5,63,Rain,False,,False,False
2024-11-21,Egg Roll,100,50,45,5,Thursday,11,Second Inter-monsoon,False,23.2,16.5,63,Rain,False,,False,False
2024-11-21,Fish Bun,120,72,65,7,Thursday,11,Second Inter-monsoon,False,23.2,16.5,63,Rain,False,,False,False
2024-11-21,Fish Patty,110,42,38,4,Thursday,11,Second Inter-monsoon,False,23.2,16.5,63,Rain,False,,False,False
2024-11-21,Mini Pizza,220,31,30,1,Thursday,11,Second Inter-monsoon,False,23.2,16.5,63,Rain,False,,False,False
2024-11-21,Sausage Bun,140,38,37,1,Thursday,11,Second Inter-monsoon,False,23.2,16.5,63,Rain,False,,False,False
2024-11-21,Vegetable Roti,100,42,39,3,Thursday,11,Second Inter-monsoon,False,23.2,16.5,63,Rain,False,,False,False
2024-11-22,Chicken Bun,130,49,46,3,Friday,11,Second Inter-monsoon,False,23.5,21.5,65,Rain,False,,False,False
2024-11-22,Chicken Pastry,180,79,71,8,Friday,11,Second Inter-monsoon,False,23.5,21.5,65,Rain,False,,False,False
2024-11-22,Chicken Samosa,90,51,48,3,Friday,11,Second Inter-monsoon,False,23.5,21.5,65,Rain,False,,False,False
2024-11-22,Cream Bun,120,44,39,5,Friday,11,Second Inter-monsoon,False,23.5,21.5,65,Rain,False,,False,False
2024-11-22,Egg Roll,100,50,45,5,Friday,11,Second Inter-monsoon,False,23.5,21.5,65,Rain,False,,False,False
2024-11-22,Fish Bun,120,64,58,6,Friday,11,Second Inter-monsoon,False,23.5,21.5,65,Rain,False,,False,False
2024-11-22,Fish Patty,110,43,43,0,Friday,11,Second Inter-monsoon,False,23.5,21.5,65,Rain,False,,False,False
2024-11-22,Mini Pizza,220,31,30,1,Friday,11,Second Inter-monsoon,False,23.5,21.5,65,Rain,False,,False,False
2024-11-22,Sausage Bun,140,44,39,5,Friday,11,Second Inter-monsoon,False,23.5,21.5,65,Rain,False,,False,False
2024-11-22,Vegetable Roti,100,48,44,4,Friday,11,Second Inter-monsoon,False,23.5,21.5,65,Rain,False,,False,False
2024-11-23,Chicken Bun,130,72,69,3,Saturday,11,Second Inter-monsoon,True,24.0,1.4,51,Drizzle,False,,False,False
2024-11-23,Chicken Pastry,180,94,85,9,Saturday,11,Second Inter-monsoon,True,24.0,1.4,51,Drizzle,False,,False,False
2024-11-23,Chicken Samosa,90,74,69,5,Saturday,11,Second Inter-monsoon,True,24.0,1.4,51,Drizzle,False,,False,False
2024-11-23,Cream Bun,120,56,52,4,Saturday,11,Second Inter-monsoon,True,24.0,1.4,51,Drizzle,False,,False,False
2024-11-23,Egg Roll,100,67,62,5,Saturday,11,Second Inter-monsoon,True,24.0,1.4,51,Drizzle,False,,False,False
2024-11-23,Fish Bun,120,93,83,10,Saturday,11,Second Inter-monsoon,True,24.0,1.4,51,Drizzle,False,,False,False
2024-11-23,Fish Patty,110,48,46,2,Saturday,11,Second Inter-monsoon,True,24.0,1.4,51,Drizzle,False,,False,False
2024-11-23,Mini Pizza,220,56,52,4,Saturday,11,Second Inter-monsoon,True,24.0,1.4,51,Drizzle,False,,False,False
2024-11-23,Sausage Bun,140,65,60,5,Saturday,11,Second Inter-monsoon,True,24.0,1.4,51,Drizzle,False,,False,False
2024-11-23,Vegetable Roti,100,67,59,8,Saturday,11,Second Inter-monsoon,True,24.0,1.4,51,Drizzle,False,,False,False
2024-11-24,Chicken Bun,130,55,49,6,Sunday,11,Second Inter-monsoon,True,22.7,14.1,61,Rain,False,,False,False
2024-11-24,Chicken Pastry,180,75,74,1,Sunday,11,Second Inter-monsoon,True,22.7,14.1,61,Rain,False,,False,False
2024-11-24,Chicken Samosa,90,56,51,5,Sunday,11,Second Inter-monsoon,True,22.7,14.1,61,Rain,False,,False,False
2024-11-24,Cream Bun,120,48,46,2,Sunday,11,Second Inter-monsoon,True,22.7,14.1,61,Rain,False,,False,False
2024-11-24,Egg Roll,100,57,52,5,Sunday,11,Second Inter-monsoon,True,22.7,14.1,61,Rain,False,,False,False
2024-11-24,Fish Bun,120,65,61,4,Sunday,11,Second Inter-monsoon,True,22.7,14.1,61,Rain,False,,False,False
2024-11-24,Fish Patty,110,44,42,2,Sunday,11,Second Inter-monsoon,True,22.7,14.1,61,Rain,False,,False,False
2024-11-24,Mini Pizza,220,42,41,1,Sunday,11,Second Inter-monsoon,True,22.7,14.1,61,Rain,False,,False,False
2024-11-24,Sausage Bun,140,50,46,4,Sunday,11,Second Inter-monsoon,True,22.7,14.1,61,Rain,False,,False,False
2024-11-24,Vegetable Roti,100,52,50,2,Sunday,11,Second Inter-monsoon,True,22.7,14.1,61,Rain,False,,False,False
2024-11-25,Chicken Bun,130,56,49,7,Monday,11,Second Inter-monsoon,False,21.8,67.0,63,Rain,False,,False,False
2024-11-25,Chicken Pastry,180,60,56,4,Monday,11,Second Inter-monsoon,False,21.8,67.0,63,Rain,False,,False,False
2024-11-25,Chicken Samosa,90,51,45,6,Monday,11,Second Inter-monsoon,False,21.8,67.0,63,Rain,False,,False,False
2024-11-25,Cream Bun,120,43,38,5,Monday,11,Second Inter-monsoon,False,21.8,67.0,63,Rain,False,,False,False
2024-11-25,Egg Roll,100,47,44,3,Monday,11,Second Inter-monsoon,False,21.8,67.0,63,Rain,False,,False,False
2024-11-25,Fish Bun,120,59,54,5,Monday,11,Second Inter-monsoon,False,21.8,67.0,63,Rain,False,,False,False
2024-11-25,Fish Patty,110,41,38,3,Monday,11,Second Inter-monsoon,False,21.8,67.0,63,Rain,False,,False,False
2024-11-25,Mini Pizza,220,34,32,2,Monday,11,Second Inter-monsoon,False,21.8,67.0,63,Rain,False,,False,False
2024-11-25,Sausage Bun,140,45,42,3,Monday,11,Second Inter-monsoon,False,21.8,67.0,63,Rain,False,,False,False
2024-11-25,Vegetable Roti,100,48,44,4,Monday,11,Second Inter-monsoon,False,21.8,67.0,63,Rain,False,,False,False
2024-11-26,Chicken Bun,130,41,39,2,Tuesday,11,Second Inter-monsoon,False,21.7,80.8,65,Rain,False,,False,False
2024-11-26,Chicken Pastry,180,75,70,5,Tuesday,11,Second Inter-monsoon,False,21.7,80.8,65,Rain,False,,False,False
2024-11-26,Chicken Samosa,90,56,53,3,Tuesday,11,Second Inter-monsoon,False,21.7,80.8,65,Rain,False,,False,False
2024-11-26,Cream Bun,120,39,36,3,Tuesday,11,Second Inter-monsoon,False,21.7,80.8,65,Rain,False,,False,False
2024-11-26,Egg Roll,100,49,47,2,Tuesday,11,Second Inter-monsoon,False,21.7,80.8,65,Rain,False,,False,False
2024-11-26,Fish Bun,120,61,56,5,Tuesday,11,Second Inter-monsoon,False,21.7,80.8,65,Rain,False,,False,False
2024-11-26,Fish Patty,110,44,42,2,Tuesday,11,Second Inter-monsoon,False,21.7,80.8,65,Rain,False,,False,False
2024-11-26,Mini Pizza,220,36,33,3,Tuesday,11,Second Inter-monsoon,False,21.7,80.8,65,Rain,False,,False,False
2024-11-26,Sausage Bun,140,54,49,5,Tuesday,11,Second Inter-monsoon,False,21.7,80.8,65,Rain,False,,False,False
2024-11-26,Vegetable Roti,100,44,41,3,Tuesday,11,Second Inter-monsoon,False,21.7,80.8,65,Rain,False,,False,False
2024-11-27,Chicken Bun,130,52,49,3,Wednesday,11,Second Inter-monsoon,False,21.8,58.2,65,Rain,False,,False,False
2024-11-27,Chicken Pastry,180,68,65,3,Wednesday,11,Second Inter-monsoon,False,21.8,58.2,65,Rain,False,,False,False
2024-11-27,Chicken Samosa,90,57,52,5,Wednesday,11,Second Inter-monsoon,False,21.8,58.2,65,Rain,False,,False,False
2024-11-27,Cream Bun,120,36,35,1,Wednesday,11,Second Inter-monsoon,False,21.8,58.2,65,Rain,False,,False,False
2024-11-27,Egg Roll,100,45,42,3,Wednesday,11,Second Inter-monsoon,False,21.8,58.2,65,Rain,False,,False,False
2024-11-27,Fish Bun,120,66,60,6,Wednesday,11,Second Inter-monsoon,False,21.8,58.2,65,Rain,False,,False,False
2024-11-27,Fish Patty,110,40,38,2,Wednesday,11,Second Inter-monsoon,False,21.8,58.2,65,Rain,False,,False,False
2024-11-27,Mini Pizza,220,35,32,3,Wednesday,11,Second Inter-monsoon,False,21.8,58.2,65,Rain,False,,False,False
2024-11-27,Sausage Bun,140,47,44,3,Wednesday,11,Second Inter-monsoon,False,21.8,58.2,65,Rain,False,,False,False
2024-11-27,Vegetable Roti,100,46,43,3,Wednesday,11,Second Inter-monsoon,False,21.8,58.2,65,Rain,False,,False,False
2024-11-28,Chicken Bun,130,54,51,3,Thursday,11,Second Inter-monsoon,False,21.5,21.8,63,Rain,False,,False,False
2024-11-28,Chicken Pastry,180,74,69,5,Thursday,11,Second Inter-monsoon,False,21.5,21.8,63,Rain,False,,False,False
2024-11-28,Chicken Samosa,90,54,53,1,Thursday,11,Second Inter-monsoon,False,21.5,21.8,63,Rain,False,,False,False
2024-11-28,Cream Bun,120,35,34,1,Thursday,11,Second Inter-monsoon,False,21.5,21.8,63,Rain,False,,False,False
2024-11-28,Egg Roll,100,46,43,3,Thursday,11,Second Inter-monsoon,False,21.5,21.8,63,Rain,False,,False,False
2024-11-28,Fish Bun,120,54,52,2,Thursday,11,Second Inter-monsoon,False,21.5,21.8,63,Rain,False,,False,False
2024-11-28,Fish Patty,110,38,37,1,Thursday,11,Second Inter-monsoon,False,21.5,21.8,63,Rain,False,,False,False
2024-11-28,Mini Pizza,220,34,32,2,Thursday,11,Second Inter-monsoon,False,21.5,21.8,63,Rain,False,,False,False
2024-11-28,Sausage Bun,140,51,45,6,Thursday,11,Second Inter-monsoon,False,21.5,21.8,63,Rain,False,,False,False
2024-11-28,Vegetable Roti,100,42,39,3,Thursday,11,Second Inter-monsoon,False,21.5,21.8,63,Rain,False,,False,False
2024-11-29,Chicken Bun,130,52,47,5,Friday,11,Second Inter-monsoon,False,22.1,23.2,65,Rain,False,,False,False
2024-11-29,Chicken Pastry,180,89,76,13,Friday,11,Second Inter-monsoon,False,22.1,23.2,65,Rain,False,,False,False
2024-11-29,Chicken Samosa,90,58,51,7,Friday,11,Second Inter-monsoon,False,22.1,23.2,65,Rain,False,,False,False
2024-11-29,Cream Bun,120,34,33,1,Friday,11,Second Inter-monsoon,False,22.1,23.2,65,Rain,False,,False,False
2024-11-29,Egg Roll,100,45,42,3,Friday,11,Second Inter-monsoon,False,22.1,23.2,65,Rain,False,,False,False
2024-11-29,Fish Bun,120,46,43,3,Friday,11,Second Inter-monsoon,False,22.1,23.2,65,Rain,False,,False,False
2024-11-29,Fish Patty,110,42,40,2,Friday,11,Second Inter-monsoon,False,22.1,23.2,65,Rain,False,,False,False
2024-11-29,Mini Pizza,220,35,33,2,Friday,11,Second Inter-monsoon,False,22.1,23.2,65,Rain,False,,False,False
2024-11-29,Sausage Bun,140,53,50,3,Friday,11,Second Inter-monsoon,False,22.1,23.2,65,Rain,False,,False,False
2024-11-29,Vegetable Roti,100,44,40,4,Friday,11,Second Inter-monsoon,False,22.1,23.2,65,Rain,False,,False,False
2024-11-30,Chicken Bun,130,69,63,6,Saturday,11,Second Inter-monsoon,True,22.6,4.0,61,Rain,False,,False,False
2024-11-30,Chicken Pastry,180,94,92,2,Saturday,11,Second Inter-monsoon,True,22.6,4.0,61,Rain,False,,False,False
2024-11-30,Chicken Samosa,90,76,68,8,Saturday,11,Second Inter-monsoon,True,22.6,4.0,61,Rain,False,,False,False
2024-11-30,Cream Bun,120,46,42,4,Saturday,11,Second Inter-monsoon,True,22.6,4.0,61,Rain,False,,False,False
2024-11-30,Egg Roll,100,60,59,1,Saturday,11,Second Inter-monsoon,True,22.6,4.0,61,Rain,False,,False,False
2024-11-30,Fish Bun,120,71,67,4,Saturday,11,Second Inter-monsoon,True,22.6,4.0,61,Rain,False,,False,False
2024-11-30,Fish Patty,110,69,60,9,Saturday,11,Second Inter-monsoon,True,22.6,4.0,61,Rain,False,,False,False
2024-11-30,Mini Pizza,220,44,41,3,Saturday,11,Second Inter-monsoon,True,22.6,4.0,61,Rain,False,,False,False
2024-11-30,Sausage Bun,140,58,56,2,Saturday,11,Second Inter-monsoon,True,22.6,4.0,61,Rain,False,,False,False
2024-11-30,Vegetable Roti,100,63,60,3,Saturday,11,Second Inter-monsoon,True,22.6,4.0,61,Rain,False,,False,False
2024-12-01,Chicken Bun,130,87,82,5,Sunday,12,Northeast Monsoon,True,23.9,0.5,51,Drizzle,False,,False,False
2024-12-01,Chicken Pastry,180,114,100,14,Sunday,12,Northeast Monsoon,True,23.9,0.5,51,Drizzle,False,,False,False
2024-12-01,Chicken Samosa,90,72,67,5,Sunday,12,Northeast Monsoon,True,23.9,0.5,51,Drizzle,False,,False,False
2024-12-01,Cream Bun,120,63,60,3,Sunday,12,Northeast Monsoon,True,23.9,0.5,51,Drizzle,False,,False,False
2024-12-01,Egg Roll,100,69,64,5,Sunday,12,Northeast Monsoon,True,23.9,0.5,51,Drizzle,False,,False,False
2024-12-01,Fish Bun,120,88,77,11,Sunday,12,Northeast Monsoon,True,23.9,0.5,51,Drizzle,False,,False,False
2024-12-01,Fish Patty,110,75,66,9,Sunday,12,Northeast Monsoon,True,23.9,0.5,51,Drizzle,False,,False,False
2024-12-01,Mini Pizza,220,59,54,5,Sunday,12,Northeast Monsoon,True,23.9,0.5,51,Drizzle,False,,False,False
2024-12-01,Sausage Bun,140,67,64,3,Sunday,12,Northeast Monsoon,True,23.9,0.5,51,Drizzle,False,,False,False
2024-12-01,Vegetable Roti,100,66,62,4,Sunday,12,Northeast Monsoon,True,23.9,0.5,51,Drizzle,False,,False,False
2024-12-02,Chicken Bun,130,80,74,6,Monday,12,Northeast Monsoon,False,23.4,0.3,51,Drizzle,False,,False,False
2024-12-02,Chicken Pastry,180,120,107,13,Monday,12,Northeast Monsoon,False,23.4,0.3,51,Drizzle,False,,False,False
2024-12-02,Chicken Samosa,90,72,69,3,Monday,12,Northeast Monsoon,False,23.4,0.3,51,Drizzle,False,,False,False
2024-12-02,Cream Bun,120,53,51,2,Monday,12,Northeast Monsoon,False,23.4,0.3,51,Drizzle,False,,False,False
2024-12-02,Egg Roll,100,67,67,0,Monday,12,Northeast Monsoon,False,23.4,0.3,51,Drizzle,False,,False,False
2024-12-02,Fish Bun,120,77,75,2,Monday,12,Northeast Monsoon,False,23.4,0.3,51,Drizzle,False,,False,False
2024-12-02,Fish Patty,110,67,66,1,Monday,12,Northeast Monsoon,False,23.4,0.3,51,Drizzle,False,,False,False
2024-12-02,Mini Pizza,220,60,54,6,Monday,12,Northeast Monsoon,False,23.4,0.3,51,Drizzle,False,,False,False
2024-12-02,Sausage Bun,140,74,67,7,Monday,12,Northeast Monsoon,False,23.4,0.3,51,Drizzle,False,,False,False
2024-12-02,Vegetable Roti,100,71,66,5,Monday,12,Northeast Monsoon,False,23.4,0.3,51,Drizzle,False,,False,False
2024-12-03,Chicken Bun,130,80,74,6,Tuesday,12,Northeast Monsoon,False,23.0,0.0,3,Cloudy,False,,False,False
2024-12-03,Chicken Pastry,180,98,87,11,Tuesday,12,Northeast Monsoon,False,23.0,0.0,3,Cloudy,False,,False,False
2024-12-03,Chicken Samosa,90,93,82,11,Tuesday,12,Northeast Monsoon,False,23.0,0.0,3,Cloudy,False,,False,False
2024-12-03,Cream Bun,120,55,50,5,Tuesday,12,Northeast Monsoon,False,23.0,0.0,3,Cloudy,False,,False,False
2024-12-03,Egg Roll,100,74,68,6,Tuesday,12,Northeast Monsoon,False,23.0,0.0,3,Cloudy,False,,False,False
2024-12-03,Fish Bun,120,84,74,10,Tuesday,12,Northeast Monsoon,False,23.0,0.0,3,Cloudy,False,,False,False
2024-12-03,Fish Patty,110,63,59,4,Tuesday,12,Northeast Monsoon,False,23.0,0.0,3,Cloudy,False,,False,False
2024-12-03,Mini Pizza,220,49,47,2,Tuesday,12,Northeast Monsoon,False,23.0,0.0,3,Cloudy,False,,False,False
2024-12-03,Sausage Bun,140,70,64,6,Tuesday,12,Northeast Monsoon,False,23.0,0.0,3,Cloudy,False,,False,False
2024-12-03,Vegetable Roti,100,66,60,6,Tuesday,12,Northeast Monsoon,False,23.0,0.0,3,Cloudy,False,,False,False
2024-12-04,Chicken Bun,130,82,71,11,Wednesday,12,Northeast Monsoon,False,23.9,0.5,51,Drizzle,False,,False,False
2024-12-04,Chicken Pastry,180,108,101,7,Wednesday,12,Northeast Monsoon,False,23.9,0.5,51,Drizzle,False,,False,False
2024-12-04,Chicken Samosa,90,74,65,9,Wednesday,12,Northeast Monsoon,False,23.9,0.5,51,Drizzle,False,,False,False
2024-12-04,Cream Bun,120,56,52,4,Wednesday,12,Northeast Monsoon,False,23.9,0.5,51,Drizzle,False,,False,False
2024-12-04,Egg Roll,100,67,63,4,Wednesday,12,Northeast Monsoon,False,23.9,0.5,51,Drizzle,False,,False,False
2024-12-04,Fish Bun,120,86,76,10,Wednesday,12,Northeast Monsoon,False,23.9,0.5,51,Drizzle,False,,False,False
2024-12-04,Fish Patty,110,67,65,2,Wednesday,12,Northeast Monsoon,False,23.9,0.5,51,Drizzle,False,,False,False
2024-12-04,Mini Pizza,220,47,44,3,Wednesday,12,Northeast Monsoon,False,23.9,0.5,51,Drizzle,False,,False,False
2024-12-04,Sausage Bun,140,65,58,7,Wednesday,12,Northeast Monsoon,False,23.9,0.5,51,Drizzle,False,,False,False
2024-12-04,Vegetable Roti,100,74,69,5,Wednesday,12,Northeast Monsoon,False,23.9,0.5,51,Drizzle,False,,False,False
2024-12-05,Chicken Bun,130,78,73,5,Thursday,12,Northeast Monsoon,False,24.2,0.0,3,Cloudy,False,,False,False
2024-12-05,Chicken Pastry,180,113,105,8,Thursday,12,Northeast Monsoon,False,24.2,0.0,3,Cloudy,False,,False,False
2024-12-05,Chicken Samosa,90,71,63,8,Thursday,12,Northeast Monsoon,False,24.2,0.0,3,Cloudy,False,,False,False
2024-12-05,Cream Bun,120,57,54,3,Thursday,12,Northeast Monsoon,False,24.2,0.0,3,Cloudy,False,,False,False
2024-12-05,Egg Roll,100,66,63,3,Thursday,12,Northeast Monsoon,False,24.2,0.0,3,Cloudy,False,,False,False
2024-12-05,Fish Bun,120,82,72,10,Thursday,12,Northeast Monsoon,False,24.2,0.0,3,Cloudy,False,,False,False
2024-12-05,Fish Patty,110,55,52,3,Thursday,12,Northeast Monsoon,False,24.2,0.0,3,Cloudy,False,,False,False
2024-12-05,Mini Pizza,220,51,47,4,Thursday,12,Northeast Monsoon,False,24.2,0.0,3,Cloudy,False,,False,False
2024-12-05,Sausage Bun,140,73,64,9,Thursday,12,Northeast Monsoon,False,24.2,0.0,3,Cloudy,False,,False,False
2024-12-05,Vegetable Roti,100,56,53,3,Thursday,12,Northeast Monsoon,False,24.2,0.0,3,Cloudy,False,,False,False
2024-12-06,Chicken Bun,130,74,70,4,Friday,12,Northeast Monsoon,False,24.2,0.6,51,Drizzle,False,,False,False
2024-12-06,Chicken Pastry,180,102,91,11,Friday,12,Northeast Monsoon,False,24.2,0.6,51,Drizzle,False,,False,False
2024-12-06,Chicken Samosa,90,76,72,4,Friday,12,Northeast Monsoon,False,24.2,0.6,51,Drizzle,False,,False,False
2024-12-06,Cream Bun,120,54,52,2,Friday,12,Northeast Monsoon,False,24.2,0.6,51,Drizzle,False,,False,False
2024-12-06,Egg Roll,100,71,67,4,Friday,12,Northeast Monsoon,False,24.2,0.6,51,Drizzle,False,,False,False
2024-12-06,Fish Bun,120,85,77,8,Friday,12,Northeast Monsoon,False,24.2,0.6,51,Drizzle,False,,False,False
2024-12-06,Fish Patty,110,65,61,4,Friday,12,Northeast Monsoon,False,24.2,0.6,51,Drizzle,False,,False,False
2024-12-06,Mini Pizza,220,49,45,4,Friday,12,Northeast Monsoon,False,24.2,0.6,51,Drizzle,False,,False,False
2024-12-06,Sausage Bun,140,69,64,5,Friday,12,Northeast Monsoon,False,24.2,0.6,51,Drizzle,False,,False,False
2024-12-06,Vegetable Roti,100,68,65,3,Friday,12,Northeast Monsoon,False,24.2,0.6,51,Drizzle,False,,False,False
2024-12-07,Chicken Bun,130,82,75,7,Saturday,12,Northeast Monsoon,True,23.6,0.0,3,Cloudy,False,,False,False
2024-12-07,Chicken Pastry,180,112,107,5,Saturday,12,Northeast Monsoon,True,23.6,0.0,3,Cloudy,False,,False,False
2024-12-07,Chicken Samosa,90,94,87,7,Saturday,12,Northeast Monsoon,True,23.6,0.0,3,Cloudy,False,,False,False
2024-12-07,Cream Bun,120,67,64,3,Saturday,12,Northeast Monsoon,True,23.6,0.0,3,Cloudy,False,,False,False
2024-12-07,Egg Roll,100,81,72,9,Saturday,12,Northeast Monsoon,True,23.6,0.0,3,Cloudy,False,,False,False
2024-12-07,Fish Bun,120,114,102,12,Saturday,12,Northeast Monsoon,True,23.6,0.0,3,Cloudy,False,,False,False
2024-12-07,Fish Patty,110,63,61,2,Saturday,12,Northeast Monsoon,True,23.6,0.0,3,Cloudy,False,,False,False
2024-12-07,Mini Pizza,220,64,60,4,Saturday,12,Northeast Monsoon,True,23.6,0.0,3,Cloudy,False,,False,False
2024-12-07,Sausage Bun,140,79,73,6,Saturday,12,Northeast Monsoon,True,23.6,0.0,3,Cloudy,False,,False,False
2024-12-07,Vegetable Roti,100,55,55,0,Saturday,12,Northeast Monsoon,True,23.6,0.0,3,Cloudy,False,,False,False
2024-12-08,Chicken Bun,130,95,83,12,Sunday,12,Northeast Monsoon,True,23.7,0.3,51,Drizzle,False,,False,False
2024-12-08,Chicken Pastry,180,128,122,6,Sunday,12,Northeast Monsoon,True,23.7,0.3,51,Drizzle,False,,False,False
2024-12-08,Chicken Samosa,90,100,91,9,Sunday,12,Northeast Monsoon,True,23.7,0.3,51,Drizzle,False,,False,False
2024-12-08,Cream Bun,120,61,59,2,Sunday,12,Northeast Monsoon,True,23.7,0.3,51,Drizzle,False,,False,False
2024-12-08,Egg Roll,100,75,68,7,Sunday,12,Northeast Monsoon,True,23.7,0.3,51,Drizzle,False,,False,False
2024-12-08,Fish Bun,120,98,91,7,Sunday,12,Northeast Monsoon,True,23.7,0.3,51,Drizzle,False,,False,False
2024-12-08,Fish Patty,110,56,50,6,Sunday,12,Northeast Monsoon,True,23.7,0.3,51,Drizzle,False,,False,False
2024-12-08,Mini Pizza,220,60,53,7,Sunday,12,Northeast Monsoon,True,23.7,0.3,51,Drizzle,False,,False,False
2024-12-08,Sausage Bun,140,73,68,5,Sunday,12,Northeast Monsoon,True,23.7,0.3,51,Drizzle,False,,False,False
2024-12-08,Vegetable Roti,100,63,63,0,Sunday,12,Northeast Monsoon,True,23.7,0.3,51,Drizzle,False,,False,False
2024-12-09,Chicken Bun,130,77,69,8,Monday,12,Northeast Monsoon,False,23.8,0.2,51,Drizzle,False,,False,False
2024-12-09,Chicken Pastry,180,99,96,3,Monday,12,Northeast Monsoon,False,23.8,0.2,51,Drizzle,False,,False,False
2024-12-09,Chicken Samosa,90,78,72,6,Monday,12,Northeast Monsoon,False,23.8,0.2,51,Drizzle,False,,False,False
2024-12-09,Cream Bun,120,56,52,4,Monday,12,Northeast Monsoon,False,23.8,0.2,51,Drizzle,False,,False,False
2024-12-09,Egg Roll,100,69,63,6,Monday,12,Northeast Monsoon,False,23.8,0.2,51,Drizzle,False,,False,False
2024-12-09,Fish Bun,120,95,88,7,Monday,12,Northeast Monsoon,False,23.8,0.2,51,Drizzle,False,,False,False
2024-12-09,Fish Patty,110,58,52,6,Monday,12,Northeast Monsoon,False,23.8,0.2,51,Drizzle,False,,False,False
2024-12-09,Mini Pizza,220,48,45,3,Monday,12,Northeast Monsoon,False,23.8,0.2,51,Drizzle,False,,False,False
2024-12-09,Sausage Bun,140,64,58,6,Monday,12,Northeast Monsoon,False,23.8,0.2,51,Drizzle,False,,False,False
2024-12-09,Vegetable Roti,100,63,58,5,Monday,12,Northeast Monsoon,False,23.8,0.2,51,Drizzle,False,,False,False
2024-12-10,Chicken Bun,130,67,63,4,Tuesday,12,Northeast Monsoon,False,23.4,0.5,51,Drizzle,False,,False,False
2024-12-10,Chicken Pastry,180,89,83,6,Tuesday,12,Northeast Monsoon,False,23.4,0.5,51,Drizzle,False,,False,False
2024-12-10,Chicken Samosa,90,68,66,2,Tuesday,12,Northeast Monsoon,False,23.4,0.5,51,Drizzle,False,,False,False
2024-12-10,Cream Bun,120,51,46,5,Tuesday,12,Northeast Monsoon,False,23.4,0.5,51,Drizzle,False,,False,False
2024-12-10,Egg Roll,100,68,63,5,Tuesday,12,Northeast Monsoon,False,23.4,0.5,51,Drizzle,False,,False,False
2024-12-10,Fish Bun,120,89,83,6,Tuesday,12,Northeast Monsoon,False,23.4,0.5,51,Drizzle,False,,False,False
2024-12-10,Fish Patty,110,65,58,7,Tuesday,12,Northeast Monsoon,False,23.4,0.5,51,Drizzle,False,,False,False
2024-12-10,Mini Pizza,220,49,47,2,Tuesday,12,Northeast Monsoon,False,23.4,0.5,51,Drizzle,False,,False,False
2024-12-10,Sausage Bun,140,66,63,3,Tuesday,12,Northeast Monsoon,False,23.4,0.5,51,Drizzle,False,,False,False
2024-12-10,Vegetable Roti,100,63,60,3,Tuesday,12,Northeast Monsoon,False,23.4,0.5,51,Drizzle,False,,False,False
2024-12-11,Chicken Bun,130,67,63,4,Wednesday,12,Northeast Monsoon,False,23.2,4.8,53,Drizzle,False,,False,False
2024-12-11,Chicken Pastry,180,83,74,9,Wednesday,12,Northeast Monsoon,False,23.2,4.8,53,Drizzle,False,,False,False
2024-12-11,Chicken Samosa,90,67,65,2,Wednesday,12,Northeast Monsoon,False,23.2,4.8,53,Drizzle,False,,False,False
2024-12-11,Cream Bun,120,51,44,7,Wednesday,12,Northeast Monsoon,False,23.2,4.8,53,Drizzle,False,,False,False
2024-12-11,Egg Roll,100,60,54,6,Wednesday,12,Northeast Monsoon,False,23.2,4.8,53,Drizzle,False,,False,False
2024-12-11,Fish Bun,120,73,67,6,Wednesday,12,Northeast Monsoon,False,23.2,4.8,53,Drizzle,False,,False,False
2024-12-11,Fish Patty,110,62,53,9,Wednesday,12,Northeast Monsoon,False,23.2,4.8,53,Drizzle,False,,False,False
2024-12-11,Mini Pizza,220,36,34,2,Wednesday,12,Northeast Monsoon,False,23.2,4.8,53,Drizzle,False,,False,False
2024-12-11,Sausage Bun,140,50,48,2,Wednesday,12,Northeast Monsoon,False,23.2,4.8,53,Drizzle,False,,False,False
2024-12-11,Vegetable Roti,100,55,51,4,Wednesday,12,Northeast Monsoon,False,23.2,4.8,53,Drizzle,False,,False,False
2024-12-12,Chicken Bun,130,57,51,6,Thursday,12,Northeast Monsoon,False,23.1,6.7,63,Rain,False,,False,False
2024-12-12,Chicken Pastry,180,84,82,2,Thursday,12,Northeast Monsoon,False,23.1,6.7,63,Rain,False,,False,False
2024-12-12,Chicken Samosa,90,69,64,5,Thursday,12,Northeast Monsoon,False,23.1,6.7,63,Rain,False,,False,False
2024-12-12,Cream Bun,120,42,39,3,Thursday,12,Northeast Monsoon,False,23.1,6.7,63,Rain,False,,False,False
2024-12-12,Egg Roll,100,56,54,2,Thursday,12,Northeast Monsoon,False,23.1,6.7,63,Rain,False,,False,False
2024-12-12,Fish Bun,120,75,67,8,Thursday,12,Northeast Monsoon,False,23.1,6.7,63,Rain,False,,False,False
2024-12-12,Fish Patty,110,51,47,4,Thursday,12,Northeast Monsoon,False,23.1,6.7,63,Rain,False,,False,False
2024-12-12,Mini Pizza,220,35,33,2,Thursday,12,Northeast Monsoon,False,23.1,6.7,63,Rain,False,,False,False
2024-12-12,Sausage Bun,140,61,57,4,Thursday,12,Northeast Monsoon,False,23.1,6.7,63,Rain,False,,False,False
2024-12-12,Vegetable Roti,100,51,48,3,Thursday,12,Northeast Monsoon,False,23.1,6.7,63,Rain,False,,False,False
2024-12-13,Chicken Bun,130,65,57,8,Friday,12,Northeast Monsoon,False,22.9,17.9,65,Rain,False,,True,False
2024-12-13,Chicken Pastry,180,67,66,1,Friday,12,Northeast Monsoon,False,22.9,17.9,65,Rain,False,,True,False
2024-12-13,Chicken Samosa,90,54,50,4,Friday,12,Northeast Monsoon,False,22.9,17.9,65,Rain,False,,True,False
2024-12-13,Cream Bun,120,45,41,4,Friday,12,Northeast Monsoon,False,22.9,17.9,65,Rain,False,,True,False
2024-12-13,Egg Roll,100,54,48,6,Friday,12,Northeast Monsoon,False,22.9,17.9,65,Rain,False,,True,False
2024-12-13,Fish Bun,120,60,55,5,Friday,12,Northeast Monsoon,False,22.9,17.9,65,Rain,False,,True,False
2024-12-13,Fish Patty,110,52,47,5,Friday,12,Northeast Monsoon,False,22.9,17.9,65,Rain,False,,True,False
2024-12-13,Mini Pizza,220,37,34,3,Friday,12,Northeast Monsoon,False,22.9,17.9,65,Rain,False,,True,False
2024-12-13,Sausage Bun,140,50,46,4,Friday,12,Northeast Monsoon,False,22.9,17.9,65,Rain,False,,True,False
2024-12-13,Vegetable Roti,100,55,50,5,Friday,12,Northeast Monsoon,False,22.9,17.9,65,Rain,False,,True,False
2024-12-14,Chicken Bun,130,71,63,8,Saturday,12,Northeast Monsoon,True,22.9,14.6,63,Rain,True,Unduvap Full Moon Poya Day,False,False
2024-12-14,Chicken Pastry,180,83,73,10,Saturday,12,Northeast Monsoon,True,22.9,14.6,63,Rain,True,Unduvap Full Moon Poya Day,False,False
2024-12-14,Chicken Samosa,90,80,78,2,Saturday,12,Northeast Monsoon,True,22.9,14.6,63,Rain,True,Unduvap Full Moon Poya Day,False,False
2024-12-14,Cream Bun,120,49,46,3,Saturday,12,Northeast Monsoon,True,22.9,14.6,63,Rain,True,Unduvap Full Moon Poya Day,False,False
2024-12-14,Egg Roll,100,68,62,6,Saturday,12,Northeast Monsoon,True,22.9,14.6,63,Rain,True,Unduvap Full Moon Poya Day,False,False
2024-12-14,Fish Bun,120,75,68,7,Saturday,12,Northeast Monsoon,True,22.9,14.6,63,Rain,True,Unduvap Full Moon Poya Day,False,False
2024-12-14,Fish Patty,110,66,59,7,Saturday,12,Northeast Monsoon,True,22.9,14.6,63,Rain,True,Unduvap Full Moon Poya Day,False,False
2024-12-14,Mini Pizza,220,57,52,5,Saturday,12,Northeast Monsoon,True,22.9,14.6,63,Rain,True,Unduvap Full Moon Poya Day,False,False
2024-12-14,Sausage Bun,140,64,63,1,Saturday,12,Northeast Monsoon,True,22.9,14.6,63,Rain,True,Unduvap Full Moon Poya Day,False,False
2024-12-14,Vegetable Roti,100,60,58,2,Saturday,12,Northeast Monsoon,True,22.9,14.6,63,Rain,True,Unduvap Full Moon Poya Day,False,False
2024-12-15,Chicken Bun,130,80,73,7,Sunday,12,Northeast Monsoon,True,24.2,0.0,3,Cloudy,False,,False,True
2024-12-15,Chicken Pastry,180,128,121,7,Sunday,12,Northeast Monsoon,True,24.2,0.0,3,Cloudy,False,,False,True
2024-12-15,Chicken Samosa,90,87,79,8,Sunday,12,Northeast Monsoon,True,24.2,0.0,3,Cloudy,False,,False,True
2024-12-15,Cream Bun,120,64,59,5,Sunday,12,Northeast Monsoon,True,24.2,0.0,3,Cloudy,False,,False,True
2024-12-15,Egg Roll,100,71,65,6,Sunday,12,Northeast Monsoon,True,24.2,0.0,3,Cloudy,False,,False,True
2024-12-15,Fish Bun,120,86,83,3,Sunday,12,Northeast Monsoon,True,24.2,0.0,3,Cloudy,False,,False,True
2024-12-15,Fish Patty,110,62,60,2,Sunday,12,Northeast Monsoon,True,24.2,0.0,3,Cloudy,False,,False,True
2024-12-15,Mini Pizza,220,59,57,2,Sunday,12,Northeast Monsoon,True,24.2,0.0,3,Cloudy,False,,False,True
2024-12-15,Sausage Bun,140,83,74,9,Sunday,12,Northeast Monsoon,True,24.2,0.0,3,Cloudy,False,,False,True
2024-12-15,Vegetable Roti,100,65,59,6,Sunday,12,Northeast Monsoon,True,24.2,0.0,3,Cloudy,False,,False,True
2024-12-16,Chicken Bun,130,48,45,3,Monday,12,Northeast Monsoon,False,22.0,21.1,63,Rain,False,,False,False
2024-12-16,Chicken Pastry,180,66,63,3,Monday,12,Northeast Monsoon,False,22.0,21.1,63,Rain,False,,False,False
2024-12-16,Chicken Samosa,90,53,49,4,Monday,12,Northeast Monsoon,False,22.0,21.1,63,Rain,False,,False,False
2024-12-16,Cream Bun,120,39,37,2,Monday,12,Northeast Monsoon,False,22.0,21.1,63,Rain,False,,False,False
2024-12-16,Egg Roll,100,50,45,5,Monday,12,Northeast Monsoon,False,22.0,21.1,63,Rain,False,,False,False
2024-12-16,Fish Bun,120,58,54,4,Monday,12,Northeast Monsoon,False,22.0,21.1,63,Rain,False,,False,False
2024-12-16,Fish Patty,110,44,41,3,Monday,12,Northeast Monsoon,False,22.0,21.1,63,Rain,False,,False,False
2024-12-16,Mini Pizza,220,43,39,4,Monday,12,Northeast Monsoon,False,22.0,21.1,63,Rain,False,,False,False
2024-12-16,Sausage Bun,140,50,47,3,Monday,12,Northeast Monsoon,False,22.0,21.1,63,Rain,False,,False,False
2024-12-16,Vegetable Roti,100,40,39,1,Monday,12,Northeast Monsoon,False,22.0,21.1,63,Rain,False,,False,False
2024-12-17,Chicken Bun,130,64,56,8,Tuesday,12,Northeast Monsoon,False,22.4,7.1,61,Rain,False,,False,False
2024-12-17,Chicken Pastry,180,83,74,9,Tuesday,12,Northeast Monsoon,False,22.4,7.1,61,Rain,False,,False,False
2024-12-17,Chicken Samosa,90,72,70,2,Tuesday,12,Northeast Monsoon,False,22.4,7.1,61,Rain,False,,False,False
2024-12-17,Cream Bun,120,42,39,3,Tuesday,12,Northeast Monsoon,False,22.4,7.1,61,Rain,False,,False,False
2024-12-17,Egg Roll,100,61,54,7,Tuesday,12,Northeast Monsoon,False,22.4,7.1,61,Rain,False,,False,False
2024-12-17,Fish Bun,120,72,65,7,Tuesday,12,Northeast Monsoon,False,22.4,7.1,61,Rain,False,,False,False
2024-12-17,Fish Patty,110,54,49,5,Tuesday,12,Northeast Monsoon,False,22.4,7.1,61,Rain,False,,False,False
2024-12-17,Mini Pizza,220,39,37,2,Tuesday,12,Northeast Monsoon,False,22.4,7.1,61,Rain,False,,False,False
2024-12-17,Sausage Bun,140,51,49,2,Tuesday,12,Northeast Monsoon,False,22.4,7.1,61,Rain,False,,False,False
2024-12-17,Vegetable Roti,100,64,59,5,Tuesday,12,Northeast Monsoon,False,22.4,7.1,61,Rain,False,,False,False
2024-12-18,Chicken Bun,130,65,57,8,Wednesday,12,Northeast Monsoon,False,22.8,8.0,63,Rain,False,,False,False
2024-12-18,Chicken Pastry,180,80,71,9,Wednesday,12,Northeast Monsoon,False,22.8,8.0,63,Rain,False,,False,False
2024-12-18,Chicken Samosa,90,77,71,6,Wednesday,12,Northeast Monsoon,False,22.8,8.0,63,Rain,False,,False,False
2024-12-18,Cream Bun,120,46,40,6,Wednesday,12,Northeast Monsoon,False,22.8,8.0,63,Rain,False,,False,False
2024-12-18,Egg Roll,100,55,51,4,Wednesday,12,Northeast Monsoon,False,22.8,8.0,63,Rain,False,,False,False
2024-12-18,Fish Bun,120,64,56,8,Wednesday,12,Northeast Monsoon,False,22.8,8.0,63,Rain,False,,False,False
2024-12-18,Fish Patty,110,55,49,6,Wednesday,12,Northeast Monsoon,False,22.8,8.0,63,Rain,False,,False,False
2024-12-18,Mini Pizza,220,45,42,3,Wednesday,12,Northeast Monsoon,False,22.8,8.0,63,Rain,False,,False,False
2024-12-18,Sausage Bun,140,53,52,1,Wednesday,12,Northeast Monsoon,False,22.8,8.0,63,Rain,False,,False,False
2024-12-18,Vegetable Roti,100,61,55,6,Wednesday,12,Northeast Monsoon,False,22.8,8.0,63,Rain,False,,False,False
2024-12-19,Chicken Bun,130,69,62,7,Thursday,12,Northeast Monsoon,False,22.5,4.5,55,Drizzle,False,,False,False
2024-12-19,Chicken Pastry,180,94,89,5,Thursday,12,Northeast Monsoon,False,22.5,4.5,55,Drizzle,False,,False,False
2024-12-19,Chicken Samosa,90,69,63,6,Thursday,12,Northeast Monsoon,False,22.5,4.5,55,Drizzle,False,,False,False
2024-12-19,Cream Bun,120,44,41,3,Thursday,12,Northeast Monsoon,False,22.5,4.5,55,Drizzle,False,,False,False
2024-12-19,Egg Roll,100,71,65,6,Thursday,12,Northeast Monsoon,False,22.5,4.5,55,Drizzle,False,,False,False
2024-12-19,Fish Bun,120,81,76,5,Thursday,12,Northeast Monsoon,False,22.5,4.5,55,Drizzle,False,,False,False
2024-12-19,Fish Patty,110,58,53,5,Thursday,12,Northeast Monsoon,False,22.5,4.5,55,Drizzle,False,,False,False
2024-12-19,Mini Pizza,220,40,37,3,Thursday,12,Northeast Monsoon,False,22.5,4.5,55,Drizzle,False,,False,False
2024-12-19,Sausage Bun,140,61,61,0,Thursday,12,Northeast Monsoon,False,22.5,4.5,55,Drizzle,False,,False,False
2024-12-19,Vegetable Roti,100,60,60,0,Thursday,12,Northeast Monsoon,False,22.5,4.5,55,Drizzle,False,,False,False
2024-12-20,Chicken Bun,130,59,58,1,Friday,12,Northeast Monsoon,False,23.0,6.2,63,Rain,False,,False,False
2024-12-20,Chicken Pastry,180,100,90,10,Friday,12,Northeast Monsoon,False,23.0,6.2,63,Rain,False,,False,False
2024-12-20,Chicken Samosa,90,77,70,7,Friday,12,Northeast Monsoon,False,23.0,6.2,63,Rain,False,,False,False
2024-12-20,Cream Bun,120,47,44,3,Friday,12,Northeast Monsoon,False,23.0,6.2,63,Rain,False,,False,False
2024-12-20,Egg Roll,100,69,64,5,Friday,12,Northeast Monsoon,False,23.0,6.2,63,Rain,False,,False,False
2024-12-20,Fish Bun,120,82,74,8,Friday,12,Northeast Monsoon,False,23.0,6.2,63,Rain,False,,False,False
2024-12-20,Fish Patty,110,63,58,5,Friday,12,Northeast Monsoon,False,23.0,6.2,63,Rain,False,,False,False
2024-12-20,Mini Pizza,220,37,34,3,Friday,12,Northeast Monsoon,False,23.0,6.2,63,Rain,False,,False,False
2024-12-20,Sausage Bun,140,65,58,7,Friday,12,Northeast Monsoon,False,23.0,6.2,63,Rain,False,,False,False
2024-12-20,Vegetable Roti,100,59,56,3,Friday,12,Northeast Monsoon,False,23.0,6.2,63,Rain,False,,False,False
2024-12-21,Chicken Bun,130,79,71,8,Saturday,12,Northeast Monsoon,True,22.7,3.0,53,Drizzle,False,,False,False
2024-12-21,Chicken Pastry,180,119,115,4,Saturday,12,Northeast Monsoon,True,22.7,3.0,53,Drizzle,False,,False,False
2024-12-21,Chicken Samosa,90,81,79,2,Saturday,12,Northeast Monsoon,True,22.7,3.0,53,Drizzle,False,,False,False
2024-12-21,Cream Bun,120,67,62,5,Saturday,12,Northeast Monsoon,True,22.7,3.0,53,Drizzle,False,,False,False
2024-12-21,Egg Roll,100,75,70,5,Saturday,12,Northeast Monsoon,True,22.7,3.0,53,Drizzle,False,,False,False
2024-12-21,Fish Bun,120,103,92,11,Saturday,12,Northeast Monsoon,True,22.7,3.0,53,Drizzle,False,,False,False
2024-12-21,Fish Patty,110,74,67,7,Saturday,12,Northeast Monsoon,True,22.7,3.0,53,Drizzle,False,,False,False
2024-12-21,Mini Pizza,220,54,52,2,Saturday,12,Northeast Monsoon,True,22.7,3.0,53,Drizzle,False,,False,False
2024-12-21,Sausage Bun,140,67,62,5,Saturday,12,Northeast Monsoon,True,22.7,3.0,53,Drizzle,False,,False,False
2024-12-21,Vegetable Roti,100,75,69,6,Saturday,12,Northeast Monsoon,True,22.7,3.0,53,Drizzle,False,,False,False
2024-12-22,Chicken Bun,130,86,79,7,Sunday,12,Northeast Monsoon,True,23.3,1.8,53,Drizzle,False,,False,False
2024-12-22,Chicken Pastry,180,125,115,10,Sunday,12,Northeast Monsoon,True,23.3,1.8,53,Drizzle,False,,False,False
2024-12-22,Chicken Samosa,90,113,103,10,Sunday,12,Northeast Monsoon,True,23.3,1.8,53,Drizzle,False,,False,False
2024-12-22,Cream Bun,120,63,59,4,Sunday,12,Northeast Monsoon,True,23.3,1.8,53,Drizzle,False,,False,False
2024-12-22,Egg Roll,100,80,73,7,Sunday,12,Northeast Monsoon,True,23.3,1.8,53,Drizzle,False,,False,False
2024-12-22,Fish Bun,120,86,79,7,Sunday,12,Northeast Monsoon,True,23.3,1.8,53,Drizzle,False,,False,False
2024-12-22,Fish Patty,110,66,62,4,Sunday,12,Northeast Monsoon,True,23.3,1.8,53,Drizzle,False,,False,False
2024-12-22,Mini Pizza,220,56,53,3,Sunday,12,Northeast Monsoon,True,23.3,1.8,53,Drizzle,False,,False,False
2024-12-22,Sausage Bun,140,82,70,12,Sunday,12,Northeast Monsoon,True,23.3,1.8,53,Drizzle,False,,False,False
2024-12-22,Vegetable Roti,100,69,66,3,Sunday,12,Northeast Monsoon,True,23.3,1.8,53,Drizzle,False,,False,False
2024-12-23,Chicken Bun,130,80,73,7,Monday,12,Northeast Monsoon,False,23.0,0.0,3,Cloudy,False,,False,False
2024-12-23,Chicken Pastry,180,104,94,10,Monday,12,Northeast Monsoon,False,23.0,0.0,3,Cloudy,False,,False,False
2024-12-23,Chicken Samosa,90,82,79,3,Monday,12,Northeast Monsoon,False,23.0,0.0,3,Cloudy,False,,False,False
2024-12-23,Cream Bun,120,68,63,5,Monday,12,Northeast Monsoon,False,23.0,0.0,3,Cloudy,False,,False,False
2024-12-23,Egg Roll,100,75,70,5,Monday,12,Northeast Monsoon,False,23.0,0.0,3,Cloudy,False,,False,False
2024-12-23,Fish Bun,120,89,80,9,Monday,12,Northeast Monsoon,False,23.0,0.0,3,Cloudy,False,,False,False
2024-12-23,Fish Patty,110,74,68,6,Monday,12,Northeast Monsoon,False,23.0,0.0,3,Cloudy,False,,False,False
2024-12-23,Mini Pizza,220,58,53,5,Monday,12,Northeast Monsoon,False,23.0,0.0,3,Cloudy,False,,False,False
2024-12-23,Sausage Bun,140,88,79,9,Monday,12,Northeast Monsoon,False,23.0,0.0,3,Cloudy,False,,False,False
2024-12-23,Vegetable Roti,100,81,74,7,Monday,12,Northeast Monsoon,False,23.0,0.0,3,Cloudy,False,,False,False
2024-12-24,Chicken Bun,130,81,75,6,Tuesday,12,Northeast Monsoon,False,22.5,0.0,3,Cloudy,False,,True,False
2024-12-24,Chicken Pastry,180,114,105,9,Tuesday,12,Northeast Monsoon,False,22.5,0.0,3,Cloudy,False,,True,False
2024-12-24,Chicken Samosa,90,89,82,7,Tuesday,12,Northeast Monsoon,False,22.5,0.0,3,Cloudy,False,,True,False
2024-12-24,Cream Bun,120,60,56,4,Tuesday,12,Northeast Monsoon,False,22.5,0.0,3,Cloudy,False,,True,False
2024-12-24,Egg Roll,100,79,71,8,Tuesday,12,Northeast Monsoon,False,22.5,0.0,3,Cloudy,False,,True,False
2024-12-24,Fish Bun,120,91,83,8,Tuesday,12,Northeast Monsoon,False,22.5,0.0,3,Cloudy,False,,True,False
2024-12-24,Fish Patty,110,65,57,8,Tuesday,12,Northeast Monsoon,False,22.5,0.0,3,Cloudy,False,,True,False
2024-12-24,Mini Pizza,220,58,54,4,Tuesday,12,Northeast Monsoon,False,22.5,0.0,3,Cloudy,False,,True,False
2024-12-24,Sausage Bun,140,88,78,10,Tuesday,12,Northeast Monsoon,False,22.5,0.0,3,Cloudy,False,,True,False
2024-12-24,Vegetable Roti,100,75,69,6,Tuesday,12,Northeast Monsoon,False,22.5,0.0,3,Cloudy,False,,True,False
2024-12-25,Chicken Bun,130,85,82,3,Wednesday,12,Northeast Monsoon,False,22.2,0.0,3,Cloudy,True,Christmas Day,False,False
2024-12-25,Chicken Pastry,180,128,117,11,Wednesday,12,Northeast Monsoon,False,22.2,0.0,3,Cloudy,True,Christmas Day,False,False
2024-12-25,Chicken Samosa,90,89,80,9,Wednesday,12,Northeast Monsoon,False,22.2,0.0,3,Cloudy,True,Christmas Day,False,False
2024-12-25,Cream Bun,120,75,72,3,Wednesday,12,Northeast Monsoon,False,22.2,0.0,3,Cloudy,True,Christmas Day,False,False
2024-12-25,Egg Roll,100,87,79,8,Wednesday,12,Northeast Monsoon,False,22.2,0.0,3,Cloudy,True,Christmas Day,False,False
2024-12-25,Fish Bun,120,100,92,8,Wednesday,12,Northeast Monsoon,False,22.2,0.0,3,Cloudy,True,Christmas Day,False,False
2024-12-25,Fish Patty,110,69,65,4,Wednesday,12,Northeast Monsoon,False,22.2,0.0,3,Cloudy,True,Christmas Day,False,False
2024-12-25,Mini Pizza,220,64,60,4,Wednesday,12,Northeast Monsoon,False,22.2,0.0,3,Cloudy,True,Christmas Day,False,False
2024-12-25,Sausage Bun,140,83,74,9,Wednesday,12,Northeast Monsoon,False,22.2,0.0,3,Cloudy,True,Christmas Day,False,False
2024-12-25,Vegetable Roti,100,75,68,7,Wednesday,12,Northeast Monsoon,False,22.2,0.0,3,Cloudy,True,Christmas Day,False,False
2024-12-26,Chicken Bun,130,77,74,3,Thursday,12,Northeast Monsoon,False,23.0,0.0,3,Cloudy,False,,False,True
2024-12-26,Chicken Pastry,180,124,112,12,Thursday,12,Northeast Monsoon,False,23.0,0.0,3,Cloudy,False,,False,True
2024-12-26,Chicken Samosa,90,82,78,4,Thursday,12,Northeast Monsoon,False,23.0,0.0,3,Cloudy,False,,False,True
2024-12-26,Cream Bun,120,62,58,4,Thursday,12,Northeast Monsoon,False,23.0,0.0,3,Cloudy,False,,False,True
2024-12-26,Egg Roll,100,72,68,4,Thursday,12,Northeast Monsoon,False,23.0,0.0,3,Cloudy,False,,False,True
2024-12-26,Fish Bun,120,96,89,7,Thursday,12,Northeast Monsoon,False,23.0,0.0,3,Cloudy,False,,False,True
2024-12-26,Fish Patty,110,65,60,5,Thursday,12,Northeast Monsoon,False,23.0,0.0,3,Cloudy,False,,False,True
2024-12-26,Mini Pizza,220,49,46,3,Thursday,12,Northeast Monsoon,False,23.0,0.0,3,Cloudy,False,,False,True
2024-12-26,Sausage Bun,140,67,65,2,Thursday,12,Northeast Monsoon,False,23.0,0.0,3,Cloudy,False,,False,True
2024-12-26,Vegetable Roti,100,80,72,8,Thursday,12,Northeast Monsoon,False,23.0,0.0,3,Cloudy,False,,False,True
2024-12-27,Chicken Bun,130,63,56,7,Friday,12,Northeast Monsoon,False,22.2,8.7,63,Rain,False,,False,False
2024-12-27,Chicken Pastry,180,86,80,6,Friday,12,Northeast Monsoon,False,22.2,8.7,63,Rain,False,,False,False
2024-12-27,Chicken Samosa,90,83,78,5,Friday,12,Northeast Monsoon,False,22.2,8.7,63,Rain,False,,False,False
2024-12-27,Cream Bun,120,40,38,2,Friday,12,Northeast Monsoon,False,22.2,8.7,63,Rain,False,,False,False
2024-12-27,Egg Roll,100,56,52,4,Friday,12,Northeast Monsoon,False,22.2,8.7,63,Rain,False,,False,False
2024-12-27,Fish Bun,120,79,74,5,Friday,12,Northeast Monsoon,False,22.2,8.7,63,Rain,False,,False,False
2024-12-27,Fish Patty,110,53,48,5,Friday,12,Northeast Monsoon,False,22.2,8.7,63,Rain,False,,False,False
2024-12-27,Mini Pizza,220,47,43,4,Friday,12,Northeast Monsoon,False,22.2,8.7,63,Rain,False,,False,False
2024-12-27,Sausage Bun,140,59,53,6,Friday,12,Northeast Monsoon,False,22.2,8.7,63,Rain,False,,False,False
2024-12-27,Vegetable Roti,100,56,51,5,Friday,12,Northeast Monsoon,False,22.2,8.7,63,Rain,False,,False,False
2024-12-28,Chicken Bun,130,81,76,5,Saturday,12,Northeast Monsoon,True,23.9,0.2,51,Drizzle,False,,False,False
2024-12-28,Chicken Pastry,180,132,126,6,Saturday,12,Northeast Monsoon,True,23.9,0.2,51,Drizzle,False,,False,False
2024-12-28,Chicken Samosa,90,97,93,4,Saturday,12,Northeast Monsoon,True,23.9,0.2,51,Drizzle,False,,False,False
2024-12-28,Cream Bun,120,65,60,5,Saturday,12,Northeast Monsoon,True,23.9,0.2,51,Drizzle,False,,False,False
2024-12-28,Egg Roll,100,76,69,7,Saturday,12,Northeast Monsoon,True,23.9,0.2,51,Drizzle,False,,False,False
2024-12-28,Fish Bun,120,96,96,0,Saturday,12,Northeast Monsoon,True,23.9,0.2,51,Drizzle,False,,False,False
2024-12-28,Fish Patty,110,76,72,4,Saturday,12,Northeast Monsoon,True,23.9,0.2,51,Drizzle,False,,False,False
2024-12-28,Mini Pizza,220,74,70,4,Saturday,12,Northeast Monsoon,True,23.9,0.2,51,Drizzle,False,,False,False
2024-12-28,Sausage Bun,140,81,76,5,Saturday,12,Northeast Monsoon,True,23.9,0.2,51,Drizzle,False,,False,False
2024-12-28,Vegetable Roti,100,69,63,6,Saturday,12,Northeast Monsoon,True,23.9,0.2,51,Drizzle,False,,False,False
2024-12-29,Chicken Bun,130,70,63,7,Sunday,12,Northeast Monsoon,True,22.8,10.5,63,Rain,False,,False,False
2024-12-29,Chicken Pastry,180,95,85,10,Sunday,12,Northeast Monsoon,True,22.8,10.5,63,Rain,False,,False,False
2024-12-29,Chicken Samosa,90,76,68,8,Sunday,12,Northeast Monsoon,True,22.8,10.5,63,Rain,False,,False,False
2024-12-29,Cream Bun,120,46,42,4,Sunday,12,Northeast Monsoon,True,22.8,10.5,63,Rain,False,,False,False
2024-12-29,Egg Roll,100,65,59,6,Sunday,12,Northeast Monsoon,True,22.8,10.5,63,Rain,False,,False,False
2024-12-29,Fish Bun,120,86,81,5,Sunday,12,Northeast Monsoon,True,22.8,10.5,63,Rain,False,,False,False
2024-12-29,Fish Patty,110,66,60,6,Sunday,12,Northeast Monsoon,True,22.8,10.5,63,Rain,False,,False,False
2024-12-29,Mini Pizza,220,57,53,4,Sunday,12,Northeast Monsoon,True,22.8,10.5,63,Rain,False,,False,False
2024-12-29,Sausage Bun,140,54,51,3,Sunday,12,Northeast Monsoon,True,22.8,10.5,63,Rain,False,,False,False
2024-12-29,Vegetable Roti,100,61,55,6,Sunday,12,Northeast Monsoon,True,22.8,10.5,63,Rain,False,,False,False
2024-12-30,Chicken Bun,130,86,82,4,Monday,12,Northeast Monsoon,False,23.3,1.6,51,Drizzle,False,,False,False
2024-12-30,Chicken Pastry,180,98,92,6,Monday,12,Northeast Monsoon,False,23.3,1.6,51,Drizzle,False,,False,False
2024-12-30,Chicken Samosa,90,82,76,6,Monday,12,Northeast Monsoon,False,23.3,1.6,51,Drizzle,False,,False,False
2024-12-30,Cream Bun,120,57,52,5,Monday,12,Northeast Monsoon,False,23.3,1.6,51,Drizzle,False,,False,False
2024-12-30,Egg Roll,100,66,60,6,Monday,12,Northeast Monsoon,False,23.3,1.6,51,Drizzle,False,,False,False
2024-12-30,Fish Bun,120,97,90,7,Monday,12,Northeast Monsoon,False,23.3,1.6,51,Drizzle,False,,False,False
2024-12-30,Fish Patty,110,65,58,7,Monday,12,Northeast Monsoon,False,23.3,1.6,51,Drizzle,False,,False,False
2024-12-30,Mini Pizza,220,50,47,3,Monday,12,Northeast Monsoon,False,23.3,1.6,51,Drizzle,False,,False,False
2024-12-30,Sausage Bun,140,68,62,6,Monday,12,Northeast Monsoon,False,23.3,1.6,51,Drizzle,False,,False,False
2024-12-30,Vegetable Roti,100,70,62,8,Monday,12,Northeast Monsoon,False,23.3,1.6,51,Drizzle,False,,False,False
2024-12-31,Chicken Bun,130,74,65,9,Tuesday,12,Northeast Monsoon,False,23.5,2.7,51,Drizzle,False,,False,False
2024-12-31,Chicken Pastry,180,102,96,6,Tuesday,12,Northeast Monsoon,False,23.5,2.7,51,Drizzle,False,,False,False
2024-12-31,Chicken Samosa,90,74,69,5,Tuesday,12,Northeast Monsoon,False,23.5,2.7,51,Drizzle,False,,False,False
2024-12-31,Cream Bun,120,54,50,4,Tuesday,12,Northeast Monsoon,False,23.5,2.7,51,Drizzle,False,,False,False
2024-12-31,Egg Roll,100,70,66,4,Tuesday,12,Northeast Monsoon,False,23.5,2.7,51,Drizzle,False,,False,False
2024-12-31,Fish Bun,120,83,77,6,Tuesday,12,Northeast Monsoon,False,23.5,2.7,51,Drizzle,False,,False,False
2024-12-31,Fish Patty,110,60,56,4,Tuesday,12,Northeast Monsoon,False,23.5,2.7,51,Drizzle,False,,False,False
2024-12-31,Mini Pizza,220,43,40,3,Tuesday,12,Northeast Monsoon,False,23.5,2.7,51,Drizzle,False,,False,False
2024-12-31,Sausage Bun,140,66,61,5,Tuesday,12,Northeast Monsoon,False,23.5,2.7,51,Drizzle,False,,False,False
2024-12-31,Vegetable Roti,100,65,64,1,Tuesday,12,Northeast Monsoon,False,23.5,2.7,51,Drizzle,False,,False,False
2025-01-01,Chicken Bun,130,55,47,8,Wednesday,1,Northeast Monsoon,False,22.4,10.7,63,Rain,False,,False,False
2025-01-01,Chicken Pastry,180,54,52,2,Wednesday,1,Northeast Monsoon,False,22.4,10.7,63,Rain,False,,False,False
2025-01-01,Chicken Samosa,90,56,54,2,Wednesday,1,Northeast Monsoon,False,22.4,10.7,63,Rain,False,,False,False
2025-01-01,Cream Bun,120,39,34,5,Wednesday,1,Northeast Monsoon,False,22.4,10.7,63,Rain,False,,False,False
2025-01-01,Egg Roll,100,55,49,6,Wednesday,1,Northeast Monsoon,False,22.4,10.7,63,Rain,False,,False,False
2025-01-01,Fish Bun,120,71,64,7,Wednesday,1,Northeast Monsoon,False,22.4,10.7,63,Rain,False,,False,False
2025-01-01,Fish Patty,110,43,38,5,Wednesday,1,Northeast Monsoon,False,22.4,10.7,63,Rain,False,,False,False
2025-01-01,Mini Pizza,220,38,36,2,Wednesday,1,Northeast Monsoon,False,22.4,10.7,63,Rain,False,,False,False
2025-01-01,Sausage Bun,140,47,42,5,Wednesday,1,Northeast Monsoon,False,22.4,10.7,63,Rain,False,,False,False
2025-01-01,Vegetable Roti,100,51,48,3,Wednesday,1,Northeast Monsoon,False,22.4,10.7,63,Rain,False,,False,False
2025-01-02,Chicken Bun,130,76,71,5,Thursday,1,Northeast Monsoon,False,22.7,0.0,3,Cloudy,False,,False,False
2025-01-02,Chicken Pastry,180,89,81,8,Thursday,1,Northeast Monsoon,False,22.7,0.0,3,Cloudy,False,,False,False
2025-01-02,Chicken Samosa,90,66,60,6,Thursday,1,Northeast Monsoon,False,22.7,0.0,3,Cloudy,False,,False,False
2025-01-02,Cream Bun,120,44,41,3,Thursday,1,Northeast Monsoon,False,22.7,0.0,3,Cloudy,False,,False,False
2025-01-02,Egg Roll,100,64,63,1,Thursday,1,Northeast Monsoon,False,22.7,0.0,3,Cloudy,False,,False,False
2025-01-02,Fish Bun,120,78,72,6,Thursday,1,Northeast Monsoon,False,22.7,0.0,3,Cloudy,False,,False,False
2025-01-02,Fish Patty,110,62,56,6,Thursday,1,Northeast Monsoon,False,22.7,0.0,3,Cloudy,False,,False,False
2025-01-02,Mini Pizza,220,48,45,3,Thursday,1,Northeast Monsoon,False,22.7,0.0,3,Cloudy,False,,False,False
2025-01-02,Sausage Bun,140,63,60,3,Thursday,1,Northeast Monsoon,False,22.7,0.0,3,Cloudy,False,,False,False
2025-01-02,Vegetable Roti,100,66,62,4,Thursday,1,Northeast Monsoon,False,22.7,0.0,3,Cloudy,False,,False,False
2025-01-03,Chicken Bun,130,75,68,7,Friday,1,Northeast Monsoon,False,23.1,0.0,3,Cloudy,False,,False,False
2025-01-03,Chicken Pastry,180,92,86,6,Friday,1,Northeast Monsoon,False,23.1,0.0,3,Cloudy,False,,False,False
2025-01-03,Chicken Samosa,90,64,60,4,Friday,1,Northeast Monsoon,False,23.1,0.0,3,Cloudy,False,,False,False
2025-01-03,Cream Bun,120,46,44,2,Friday,1,Northeast Monsoon,False,23.1,0.0,3,Cloudy,False,,False,False
2025-01-03,Egg Roll,100,65,60,5,Friday,1,Northeast Monsoon,False,23.1,0.0,3,Cloudy,False,,False,False
2025-01-03,Fish Bun,120,79,70,9,Friday,1,Northeast Monsoon,False,23.1,0.0,3,Cloudy,False,,False,False
2025-01-03,Fish Patty,110,65,59,6,Friday,1,Northeast Monsoon,False,23.1,0.0,3,Cloudy,False,,False,False
2025-01-03,Mini Pizza,220,42,41,1,Friday,1,Northeast Monsoon,False,23.1,0.0,3,Cloudy,False,,False,False
2025-01-03,Sausage Bun,140,61,58,3,Friday,1,Northeast Monsoon,False,23.1,0.0,3,Cloudy,False,,False,False
2025-01-03,Vegetable Roti,100,59,54,5,Friday,1,Northeast Monsoon,False,23.1,0.0,3,Cloudy,False,,False,False
2025-01-04,Chicken Bun,130,68,63,5,Saturday,1,Northeast Monsoon,True,22.8,0.6,51,Drizzle,False,,False,False
2025-01-04,Chicken Pastry,180,103,98,5,Saturday,1,Northeast Monsoon,True,22.8,0.6,51,Drizzle,False,,False,False
2025-01-04,Chicken Samosa,90,73,68,5,Saturday,1,Northeast Monsoon,True,22.8,0.6,51,Drizzle,False,,False,False
2025-01-04,Cream Bun,120,56,51,5,Saturday,1,Northeast Monsoon,True,22.8,0.6,51,Drizzle,False,,False,False
2025-01-04,Egg Roll,100,74,69,5,Saturday,1,Northeast Monsoon,True,22.8,0.6,51,Drizzle,False,,False,False
2025-01-04,Fish Bun,120,85,80,5,Saturday,1,Northeast Monsoon,True,22.8,0.6,51,Drizzle,False,,False,False
2025-01-04,Fish Patty,110,56,52,4,Saturday,1,Northeast Monsoon,True,22.8,0.6,51,Drizzle,False,,False,False
2025-01-04,Mini Pizza,220,60,54,6,Saturday,1,Northeast Monsoon,True,22.8,0.6,51,Drizzle,False,,False,False
2025-01-04,Sausage Bun,140,63,58,5,Saturday,1,Northeast Monsoon,True,22.8,0.6,51,Drizzle,False,,False,False
2025-01-04,Vegetable Roti,100,68,63,5,Saturday,1,Northeast Monsoon,True,22.8,0.6,51,Drizzle,False,,False,False
2025-01-05,Chicken Bun,130,78,74,4,Sunday,1,Northeast Monsoon,True,23.5,0.6,51,Drizzle,False,,False,False
2025-01-05,Chicken Pastry,180,112,99,13,Sunday,1,Northeast Monsoon,True,23.5,0.6,51,Drizzle,False,,False,False
2025-01-05,Chicken Samosa,90,73,70,3,Sunday,1,Northeast Monsoon,True,23.5,0.6,51,Drizzle,False,,False,False
2025-01-05,Cream Bun,120,58,52,6,Sunday,1,Northeast Monsoon,True,23.5,0.6,51,Drizzle,False,,False,False
2025-01-05,Egg Roll,100,82,77,5,Sunday,1,Northeast Monsoon,True,23.5,0.6,51,Drizzle,False,,False,False
2025-01-05,Fish Bun,120,73,70,3,Sunday,1,Northeast Monsoon,True,23.5,0.6,51,Drizzle,False,,False,False
2025-01-05,Fish Patty,110,50,46,4,Sunday,1,Northeast Monsoon,True,23.5,0.6,51,Drizzle,False,,False,False
2025-01-05,Mini Pizza,220,54,51,3,Sunday,1,Northeast Monsoon,True,23.5,0.6,51,Drizzle,False,,False,False
2025-01-05,Sausage Bun,140,57,55,2,Sunday,1,Northeast Monsoon,True,23.5,0.6,51,Drizzle,False,,False,False
2025-01-05,Vegetable Roti,100,54,51,3,Sunday,1,Northeast Monsoon,True,23.5,0.6,51,Drizzle,False,,False,False
2025-01-06,Chicken Bun,130,69,61,8,Monday,1,Northeast Monsoon,False,23.0,0.0,3,Cloudy,False,,False,False
2025-01-06,Chicken Pastry,180,98,91,7,Monday,1,Northeast Monsoon,False,23.0,0.0,3,Cloudy,False,,False,False
2025-01-06,Chicken Samosa,90,71,63,8,Monday,1,Northeast Monsoon,False,23.0,0.0,3,Cloudy,False,,False,False
2025-01-06,Cream Bun,120,60,54,6,Monday,1,Northeast Monsoon,False,23.0,0.0,3,Cloudy,False,,False,False
2025-01-06,Egg Roll,100,63,61,2,Monday,1,Northeast Monsoon,False,23.0,0.0,3,Cloudy,False,,False,False
2025-01-06,Fish Bun,120,83,76,7,Monday,1,Northeast Monsoon,False,23.0,0.0,3,Cloudy,False,,False,False
2025-01-06,Fish Patty,110,59,53,6,Monday,1,Northeast Monsoon,False,23.0,0.0,3,Cloudy,False,,False,False
2025-01-06,Mini Pizza,220,52,48,4,Monday,1,Northeast Monsoon,False,23.0,0.0,3,Cloudy,False,,False,False
2025-01-06,Sausage Bun,140,55,55,0,Monday,1,Northeast Monsoon,False,23.0,0.0,3,Cloudy,False,,False,False
2025-01-06,Vegetable Roti,100,62,58,4,Monday,1,Northeast Monsoon,False,23.0,0.0,3,Cloudy,False,,False,False
2025-01-07,Chicken Bun,130,55,53,2,Tuesday,1,Northeast Monsoon,False,23.1,0.0,3,Cloudy,False,,False,False
2025-01-07,Chicken Pastry,180,89,84,5,Tuesday,1,Northeast Monsoon,False,23.1,0.0,3,Cloudy,False,,False,False
2025-01-07,Chicken Samosa,90,68,63,5,Tuesday,1,Northeast Monsoon,False,23.1,0.0,3,Cloudy,False,,False,False
2025-01-07,Cream Bun,120,53,52,1,Tuesday,1,Northeast Monsoon,False,23.1,0.0,3,Cloudy,False,,False,False
2025-01-07,Egg Roll,100,67,60,7,Tuesday,1,Northeast Monsoon,False,23.1,0.0,3,Cloudy,False,,False,False
2025-01-07,Fish Bun,120,79,76,3,Tuesday,1,Northeast Monsoon,False,23.1,0.0,3,Cloudy,False,,False,False
2025-01-07,Fish Patty,110,64,59,5,Tuesday,1,Northeast Monsoon,False,23.1,0.0,3,Cloudy,False,,False,False
2025-01-07,Mini Pizza,220,53,50,3,Tuesday,1,Northeast Monsoon,False,23.1,0.0,3,Cloudy,False,,False,False
2025-01-07,Sausage Bun,140,63,58,5,Tuesday,1,Northeast Monsoon,False,23.1,0.0,3,Cloudy,False,,False,False
2025-01-07,Vegetable Roti,100,64,57,7,Tuesday,1,Northeast Monsoon,False,23.1,0.0,3,Cloudy,False,,False,False
2025-01-08,Chicken Bun,130,70,64,6,Wednesday,1,Northeast Monsoon,False,23.7,0.4,51,Drizzle,False,,False,False
2025-01-08,Chicken Pastry,180,97,90,7,Wednesday,1,Northeast Monsoon,False,23.7,0.4,51,Drizzle,False,,False,False
2025-01-08,Chicken Samosa,90,57,54,3,Wednesday,1,Northeast Monsoon,False,23.7,0.4,51,Drizzle,False,,False,False
2025-01-08,Cream Bun,120,49,46,3,Wednesday,1,Northeast Monsoon,False,23.7,0.4,51,Drizzle,False,,False,False
2025-01-08,Egg Roll,100,66,60,6,Wednesday,1,Northeast Monsoon,False,23.7,0.4,51,Drizzle,False,,False,False
2025-01-08,Fish Bun,120,82,78,4,Wednesday,1,Northeast Monsoon,False,23.7,0.4,51,Drizzle,False,,False,False
2025-01-08,Fish Patty,110,60,54,6,Wednesday,1,Northeast Monsoon,False,23.7,0.4,51,Drizzle,False,,False,False
2025-01-08,Mini Pizza,220,43,40,3,Wednesday,1,Northeast Monsoon,False,23.7,0.4,51,Drizzle,False,,False,False
2025-01-08,Sausage Bun,140,71,64,7,Wednesday,1,Northeast Monsoon,False,23.7,0.4,51,Drizzle,False,,False,False
2025-01-08,Vegetable Roti,100,60,54,6,Wednesday,1,Northeast Monsoon,False,23.7,0.4,51,Drizzle,False,,False,False
2025-01-09,Chicken Bun,130,60,56,4,Thursday,1,Northeast Monsoon,False,24.0,0.9,51,Drizzle,False,,False,False
2025-01-09,Chicken Pastry,180,99,92,7,Thursday,1,Northeast Monsoon,False,24.0,0.9,51,Drizzle,False,,False,False
2025-01-09,Chicken Samosa,90,64,63,1,Thursday,1,Northeast Monsoon,False,24.0,0.9,51,Drizzle,False,,False,False
2025-01-09,Cream Bun,120,43,42,1,Thursday,1,Northeast Monsoon,False,24.0,0.9,51,Drizzle,False,,False,False
2025-01-09,Egg Roll,100,62,57,5,Thursday,1,Northeast Monsoon,False,24.0,0.9,51,Drizzle,False,,False,False
2025-01-09,Fish Bun,120,72,72,0,Thursday,1,Northeast Monsoon,False,24.0,0.9,51,Drizzle,False,,False,False
2025-01-09,Fish Patty,110,56,52,4,Thursday,1,Northeast Monsoon,False,24.0,0.9,51,Drizzle,False,,False,False
2025-01-09,Mini Pizza,220,45,41,4,Thursday,1,Northeast Monsoon,False,24.0,0.9,51,Drizzle,False,,False,False
2025-01-09,Sausage Bun,140,60,53,7,Thursday,1,Northeast Monsoon,False,24.0,0.9,51,Drizzle,False,,False,False
2025-01-09,Vegetable Roti,100,63,57,6,Thursday,1,Northeast Monsoon,False,24.0,0.9,51,Drizzle,False,,False,False
2025-01-10,Chicken Bun,130,67,65,2,Friday,1,Northeast Monsoon,False,24.4,1.9,55,Drizzle,False,,False,False
2025-01-10,Chicken Pastry,180,89,89,0,Friday,1,Northeast Monsoon,False,24.4,1.9,55,Drizzle,False,,False,False
2025-01-10,Chicken Samosa,90,68,66,2,Friday,1,Northeast Monsoon,False,24.4,1.9,55,Drizzle,False,,False,False
2025-01-10,Cream Bun,120,49,45,4,Friday,1,Northeast Monsoon,False,24.4,1.9,55,Drizzle,False,,False,False
2025-01-10,Egg Roll,100,61,58,3,Friday,1,Northeast Monsoon,False,24.4,1.9,55,Drizzle,False,,False,False
2025-01-10,Fish Bun,120,72,67,5,Friday,1,Northeast Monsoon,False,24.4,1.9,55,Drizzle,False,,False,False
2025-01-10,Fish Patty,110,51,48,3,Friday,1,Northeast Monsoon,False,24.4,1.9,55,Drizzle,False,,False,False
2025-01-10,Mini Pizza,220,45,42,3,Friday,1,Northeast Monsoon,False,24.4,1.9,55,Drizzle,False,,False,False
2025-01-10,Sausage Bun,140,63,59,4,Friday,1,Northeast Monsoon,False,24.4,1.9,55,Drizzle,False,,False,False
2025-01-10,Vegetable Roti,100,48,46,2,Friday,1,Northeast Monsoon,False,24.4,1.9,55,Drizzle,False,,False,False
2025-01-11,Chicken Bun,130,53,50,3,Saturday,1,Northeast Monsoon,True,22.6,38.5,65,Rain,False,,False,False
2025-01-11,Chicken Pastry,180,63,58,5,Saturday,1,Northeast Monsoon,True,22.6,38.5,65,Rain,False,,False,False
2025-01-11,Chicken Samosa,90,50,47,3,Saturday,1,Northeast Monsoon,True,22.6,38.5,65,Rain,False,,False,False
2025-01-11,Cream Bun,120,41,36,5,Saturday,1,Northeast Monsoon,True,22.6,38.5,65,Rain,False,,False,False
2025-01-11,Egg Roll,100,51,45,6,Saturday,1,Northeast Monsoon,True,22.6,38.5,65,Rain,False,,False,False
2025-01-11,Fish Bun,120,66,60,6,Saturday,1,Northeast Monsoon,True,22.6,38.5,65,Rain,False,,False,False
2025-01-11,Fish Patty,110,50,44,6,Saturday,1,Northeast Monsoon,True,22.6,38.5,65,Rain,False,,False,False
2025-01-11,Mini Pizza,220,52,48,4,Saturday,1,Northeast Monsoon,True,22.6,38.5,65,Rain,False,,False,False
2025-01-11,Sausage Bun,140,54,49,5,Saturday,1,Northeast Monsoon,True,22.6,38.5,65,Rain,False,,False,False
2025-01-11,Vegetable Roti,100,46,42,4,Saturday,1,Northeast Monsoon,True,22.6,38.5,65,Rain,False,,False,False
2025-01-12,Chicken Bun,130,57,52,5,Sunday,1,Northeast Monsoon,True,22.5,93.5,65,Rain,False,,True,False
2025-01-12,Chicken Pastry,180,71,67,4,Sunday,1,Northeast Monsoon,True,22.5,93.5,65,Rain,False,,True,False
2025-01-12,Chicken Samosa,90,55,50,5,Sunday,1,Northeast Monsoon,True,22.5,93.5,65,Rain,False,,True,False
2025-01-12,Cream Bun,120,45,41,4,Sunday,1,Northeast Monsoon,True,22.5,93.5,65,Rain,False,,True,False
2025-01-12,Egg Roll,100,48,42,6,Sunday,1,Northeast Monsoon,True,22.5,93.5,65,Rain,False,,True,False
2025-01-12,Fish Bun,120,59,56,3,Sunday,1,Northeast Monsoon,True,22.5,93.5,65,Rain,False,,True,False
2025-01-12,Fish Patty,110,49,45,4,Sunday,1,Northeast Monsoon,True,22.5,93.5,65,Rain,False,,True,False
2025-01-12,Mini Pizza,220,43,38,5,Sunday,1,Northeast Monsoon,True,22.5,93.5,65,Rain,False,,True,False
2025-01-12,Sausage Bun,140,54,50,4,Sunday,1,Northeast Monsoon,True,22.5,93.5,65,Rain,False,,True,False
2025-01-12,Vegetable Roti,100,47,44,3,Sunday,1,Northeast Monsoon,True,22.5,93.5,65,Rain,False,,True,False
2025-01-13,Chicken Bun,130,63,57,6,Monday,1,Northeast Monsoon,False,23.5,0.3,51,Drizzle,True,Duruthu Full Moon Poya Day,True,False
2025-01-13,Chicken Pastry,180,109,103,6,Monday,1,Northeast Monsoon,False,23.5,0.3,51,Drizzle,True,Duruthu Full Moon Poya Day,True,False
2025-01-13,Chicken Samosa,90,86,80,6,Monday,1,Northeast Monsoon,False,23.5,0.3,51,Drizzle,True,Duruthu Full Moon Poya Day,True,False
2025-01-13,Cream Bun,120,58,53,5,Monday,1,Northeast Monsoon,False,23.5,0.3,51,Drizzle,True,Duruthu Full Moon Poya Day,True,False
2025-01-13,Egg Roll,100,65,63,2,Monday,1,Northeast Monsoon,False,23.5,0.3,51,Drizzle,True,Duruthu Full Moon Poya Day,True,False
2025-01-13,Fish Bun,120,80,75,5,Monday,1,Northeast Monsoon,False,23.5,0.3,51,Drizzle,True,Duruthu Full Moon Poya Day,True,False
2025-01-13,Fish Patty,110,70,64,6,Monday,1,Northeast Monsoon,False,23.5,0.3,51,Drizzle,True,Duruthu Full Moon Poya Day,True,False
2025-01-13,Mini Pizza,220,55,51,4,Monday,1,Northeast Monsoon,False,23.5,0.3,51,Drizzle,True,Duruthu Full Moon Poya Day,True,False
2025-01-13,Sausage Bun,140,70,65,5,Monday,1,Northeast Monsoon,False,23.5,0.3,51,Drizzle,True,Duruthu Full Moon Poya Day,True,False
2025-01-13,Vegetable Roti,100,62,57,5,Monday,1,Northeast Monsoon,False,23.5,0.3,51,Drizzle,True,Duruthu Full Moon Poya Day,True,False
2025-01-14,Chicken Bun,130,54,48,6,Tuesday,1,Northeast Monsoon,False,22.3,25.3,63,Rain,True,Tamil Thai Pongal Day,False,True
2025-01-14,Chicken Pastry,180,88,79,9,Tuesday,1,Northeast Monsoon,False,22.3,25.3,63,Rain,True,Tamil Thai Pongal Day,False,True
2025-01-14,Chicken Samosa,90,57,51,6,Tuesday,1,Northeast Monsoon,False,22.3,25.3,63,Rain,True,Tamil Thai Pongal Day,False,True
2025-01-14,Cream Bun,120,44,41,3,Tuesday,1,Northeast Monsoon,False,22.3,25.3,63,Rain,True,Tamil Thai Pongal Day,False,True
2025-01-14,Egg Roll,100,54,51,3,Tuesday,1,Northeast Monsoon,False,22.3,25.3,63,Rain,True,Tamil Thai Pongal Day,False,True
2025-01-14,Fish Bun,120,62,61,1,Tuesday,1,Northeast Monsoon,False,22.3,25.3,63,Rain,True,Tamil Thai Pongal Day,False,True
2025-01-14,Fish Patty,110,45,39,6,Tuesday,1,Northeast Monsoon,False,22.3,25.3,63,Rain,True,Tamil Thai Pongal Day,False,True
2025-01-14,Mini Pizza,220,40,38,2,Tuesday,1,Northeast Monsoon,False,22.3,25.3,63,Rain,True,Tamil Thai Pongal Day,False,True
2025-01-14,Sausage Bun,140,49,47,2,Tuesday,1,Northeast Monsoon,False,22.3,25.3,63,Rain,True,Tamil Thai Pongal Day,False,True
2025-01-14,Vegetable Roti,100,48,46,2,Tuesday,1,Northeast Monsoon,False,22.3,25.3,63,Rain,True,Tamil Thai Pongal Day,False,True
2025-01-15,Chicken Bun,130,59,55,4,Wednesday,1,Northeast Monsoon,False,22.5,4.9,53,Drizzle,False,,False,True
2025-01-15,Chicken Pastry,180,78,76,2,Wednesday,1,Northeast Monsoon,False,22.5,4.9,53,Drizzle,False,,False,True
2025-01-15,Chicken Samosa,90,69,61,8,Wednesday,1,Northeast Monsoon,False,22.5,4.9,53,Drizzle,False,,False,True
2025-01-15,Cream Bun,120,45,42,3,Wednesday,1,Northeast Monsoon,False,22.5,4.9,53,Drizzle,False,,False,True
2025-01-15,Egg Roll,100,56,51,5,Wednesday,1,Northeast Monsoon,False,22.5,4.9,53,Drizzle,False,,False,True
2025-01-15,Fish Bun,120,76,70,6,Wednesday,1,Northeast Monsoon,False,22.5,4.9,53,Drizzle,False,,False,True
2025-01-15,Fish Patty,110,59,55,4,Wednesday,1,Northeast Monsoon,False,22.5,4.9,53,Drizzle,False,,False,True
2025-01-15,Mini Pizza,220,39,35,4,Wednesday,1,Northeast Monsoon,False,22.5,4.9,53,Drizzle,False,,False,True
2025-01-15,Sausage Bun,140,48,45,3,Wednesday,1,Northeast Monsoon,False,22.5,4.9,53,Drizzle,False,,False,True
2025-01-15,Vegetable Roti,100,53,51,2,Wednesday,1,Northeast Monsoon,False,22.5,4.9,53,Drizzle,False,,False,True
2025-01-16,Chicken Bun,130,64,63,1,Thursday,1,Northeast Monsoon,False,22.4,3.2,53,Drizzle,False,,False,False
2025-01-16,Chicken Pastry,180,90,84,6,Thursday,1,Northeast Monsoon,False,22.4,3.2,53,Drizzle,False,,False,False
2025-01-16,Chicken Samosa,90,67,62,5,Thursday,1,Northeast Monsoon,False,22.4,3.2,53,Drizzle,False,,False,False
2025-01-16,Cream Bun,120,44,41,3,Thursday,1,Northeast Monsoon,False,22.4,3.2,53,Drizzle,False,,False,False
2025-01-16,Egg Roll,100,56,52,4,Thursday,1,Northeast Monsoon,False,22.4,3.2,53,Drizzle,False,,False,False
2025-01-16,Fish Bun,120,73,67,6,Thursday,1,Northeast Monsoon,False,22.4,3.2,53,Drizzle,False,,False,False
2025-01-16,Fish Patty,110,53,50,3,Thursday,1,Northeast Monsoon,False,22.4,3.2,53,Drizzle,False,,False,False
2025-01-16,Mini Pizza,220,45,41,4,Thursday,1,Northeast Monsoon,False,22.4,3.2,53,Drizzle,False,,False,False
2025-01-16,Sausage Bun,140,63,58,5,Thursday,1,Northeast Monsoon,False,22.4,3.2,53,Drizzle,False,,False,False
2025-01-16,Vegetable Roti,100,55,54,1,Thursday,1,Northeast Monsoon,False,22.4,3.2,53,Drizzle,False,,False,False
2025-01-17,Chicken Bun,130,52,51,1,Friday,1,Northeast Monsoon,False,23.4,0.1,51,Drizzle,False,,False,False
2025-01-17,Chicken Pastry,180,95,86,9,Friday,1,Northeast Monsoon,False,23.4,0.1,51,Drizzle,False,,False,False
2025-01-17,Chicken Samosa,90,72,66,6,Friday,1,Northeast Monsoon,False,23.4,0.1,51,Drizzle,False,,False,False
2025-01-17,Cream Bun,120,52,48,4,Friday,1,Northeast Monsoon,False,23.4,0.1,51,Drizzle,False,,False,False
2025-01-17,Egg Roll,100,70,62,8,Friday,1,Northeast Monsoon,False,23.4,0.1,51,Drizzle,False,,False,False
2025-01-17,Fish Bun,120,68,65,3,Friday,1,Northeast Monsoon,False,23.4,0.1,51,Drizzle,False,,False,False
2025-01-17,Fish Patty,110,54,53,1,Friday,1,Northeast Monsoon,False,23.4,0.1,51,Drizzle,False,,False,False
2025-01-17,Mini Pizza,220,44,41,3,Friday,1,Northeast Monsoon,False,23.4,0.1,51,Drizzle,False,,False,False
2025-01-17,Sausage Bun,140,66,62,4,Friday,1,Northeast Monsoon,False,23.4,0.1,51,Drizzle,False,,False,False
2025-01-17,Vegetable Roti,100,53,47,6,Friday,1,Northeast Monsoon,False,23.4,0.1,51,Drizzle,False,,False,False
2025-01-18,Chicken Bun,130,58,52,6,Saturday,1,Northeast Monsoon,True,23.1,13.9,63,Rain,False,,False,False
2025-01-18,Chicken Pastry,180,76,68,8,Saturday,1,Northeast Monsoon,True,23.1,13.9,63,Rain,False,,False,False
2025-01-18,Chicken Samosa,90,59,56,3,Saturday,1,Northeast Monsoon,True,23.1,13.9,63,Rain,False,,False,False
2025-01-18,Cream Bun,120,46,43,3,Saturday,1,Northeast Monsoon,True,23.1,13.9,63,Rain,False,,False,False
2025-01-18,Egg Roll,100,50,45,5,Saturday,1,Northeast Monsoon,True,23.1,13.9,63,Rain,False,,False,False
2025-01-18,Fish Bun,120,58,55,3,Saturday,1,Northeast Monsoon,True,23.1,13.9,63,Rain,False,,False,False
2025-01-18,Fish Patty,110,52,45,7,Saturday,1,Northeast Monsoon,True,23.1,13.9,63,Rain,False,,False,False
2025-01-18,Mini Pizza,220,40,38,2,Saturday,1,Northeast Monsoon,True,23.1,13.9,63,Rain,False,,False,False
2025-01-18,Sausage Bun,140,49,47,2,Saturday,1,Northeast Monsoon,True,23.1,13.9,63,Rain,False,,False,False
2025-01-18,Vegetable Roti,100,48,45,3,Saturday,1,Northeast Monsoon,True,23.1,13.9,63,Rain,False,,False,False
2025-01-19,Chicken Bun,130,56,53,3,Sunday,1,Northeast Monsoon,True,21.3,48.4,65,Rain,False,,False,False
2025-01-19,Chicken Pastry,180,78,71,7,Sunday,1,Northeast Monsoon,True,21.3,48.4,65,Rain,False,,False,False
2025-01-19,Chicken Samosa,90,56,51,5,Sunday,1,Northeast Monsoon,True,21.3,48.4,65,Rain,False,,False,False
2025-01-19,Cream Bun,120,41,37,4,Sunday,1,Northeast Monsoon,True,21.3,48.4,65,Rain,False,,False,False
2025-01-19,Egg Roll,100,46,45,1,Sunday,1,Northeast Monsoon,True,21.3,48.4,65,Rain,False,,False,False
2025-01-19,Fish Bun,120,59,58,1,Sunday,1,Northeast Monsoon,True,21.3,48.4,65,Rain,False,,False,False
2025-01-19,Fish Patty,110,45,43,2,Sunday,1,Northeast Monsoon,True,21.3,48.4,65,Rain,False,,False,False
2025-01-19,Mini Pizza,220,41,37,4,Sunday,1,Northeast Monsoon,True,21.3,48.4,65,Rain,False,,False,False
2025-01-19,Sausage Bun,140,56,50,6,Sunday,1,Northeast Monsoon,True,21.3,48.4,65,Rain,False,,False,False
2025-01-19,Vegetable Roti,100,48,44,4,Sunday,1,Northeast Monsoon,True,21.3,48.4,65,Rain,False,,False,False
2025-01-20,Chicken Bun,130,68,61,7,Monday,1,Northeast Monsoon,False,23.3,0.5,51,Drizzle,False,,False,False
2025-01-20,Chicken Pastry,180,90,84,6,Monday,1,Northeast Monsoon,False,23.3,0.5,51,Drizzle,False,,False,False
2025-01-20,Chicken Samosa,90,67,65,2,Monday,1,Northeast Monsoon,False,23.3,0.5,51,Drizzle,False,,False,False
2025-01-20,Cream Bun,120,56,53,3,Monday,1,Northeast Monsoon,False,23.3,0.5,51,Drizzle,False,,False,False
2025-01-20,Egg Roll,100,64,60,4,Monday,1,Northeast Monsoon,False,23.3,0.5,51,Drizzle,False,,False,False
2025-01-20,Fish Bun,120,63,59,4,Monday,1,Northeast Monsoon,False,23.3,0.5,51,Drizzle,False,,False,False
2025-01-20,Fish Patty,110,53,51,2,Monday,1,Northeast Monsoon,False,23.3,0.5,51,Drizzle,False,,False,False
2025-01-20,Mini Pizza,220,54,48,6,Monday,1,Northeast Monsoon,False,23.3,0.5,51,Drizzle,False,,False,False
2025-01-20,Sausage Bun,140,57,55,2,Monday,1,Northeast Monsoon,False,23.3,0.5,51,Drizzle,False,,False,False
2025-01-20,Vegetable Roti,100,65,63,2,Monday,1,Northeast Monsoon,False,23.3,0.5,51,Drizzle,False,,False,False
2025-01-21,Chicken Bun,130,60,56,4,Tuesday,1,Northeast Monsoon,False,22.9,4.0,55,Drizzle,False,,False,False
2025-01-21,Chicken Pastry,180,75,69,6,Tuesday,1,Northeast Monsoon,False,22.9,4.0,55,Drizzle,False,,False,False
2025-01-21,Chicken Samosa,90,68,62,6,Tuesday,1,Northeast Monsoon,False,22.9,4.0,55,Drizzle,False,,False,False
2025-01-21,Cream Bun,120,39,37,2,Tuesday,1,Northeast Monsoon,False,22.9,4.0,55,Drizzle,False,,False,False
2025-01-21,Egg Roll,100,60,53,7,Tuesday,1,Northeast Monsoon,False,22.9,4.0,55,Drizzle,False,,False,False
2025-01-21,Fish Bun,120,71,70,1,Tuesday,1,Northeast Monsoon,False,22.9,4.0,55,Drizzle,False,,False,False
2025-01-21,Fish Patty,110,54,52,2,Tuesday,1,Northeast Monsoon,False,22.9,4.0,55,Drizzle,False,,False,False
2025-01-21,Mini Pizza,220,39,37,2,Tuesday,1,Northeast Monsoon,False,22.9,4.0,55,Drizzle,False,,False,False
2025-01-21,Sausage Bun,140,61,58,3,Tuesday,1,Northeast Monsoon,False,22.9,4.0,55,Drizzle,False,,False,False
2025-01-21,Vegetable Roti,100,58,51,7,Tuesday,1,Northeast Monsoon,False,22.9,4.0,55,Drizzle,False,,False,False
2025-01-22,Chicken Bun,130,48,44,4,Wednesday,1,Northeast Monsoon,False,22.8,11.1,63,Rain,False,,False,False
2025-01-22,Chicken Pastry,180,68,62,6,Wednesday,1,Northeast Monsoon,False,22.8,11.1,63,Rain,False,,False,False
2025-01-22,Chicken Samosa,90,54,53,1,Wednesday,1,Northeast Monsoon,False,22.8,11.1,63,Rain,False,,False,False
2025-01-22,Cream Bun,120,32,30,2,Wednesday,1,Northeast Monsoon,False,22.8,11.1,63,Rain,False,,False,False
2025-01-22,Egg Roll,100,39,36,3,Wednesday,1,Northeast Monsoon,False,22.8,11.1,63,Rain,False,,False,False
2025-01-22,Fish Bun,120,53,48,5,Wednesday,1,Northeast Monsoon,False,22.8,11.1,63,Rain,False,,False,False
2025-01-22,Fish Patty,110,38,37,1,Wednesday,1,Northeast Monsoon,False,22.8,11.1,63,Rain,False,,False,False
2025-01-22,Mini Pizza,220,36,33,3,Wednesday,1,Northeast Monsoon,False,22.8,11.1,63,Rain,False,,False,False
2025-01-22,Sausage Bun,140,47,44,3,Wednesday,1,Northeast Monsoon,False,22.8,11.1,63,Rain,False,,False,False
2025-01-22,Vegetable Roti,100,53,48,5,Wednesday,1,Northeast Monsoon,False,22.8,11.1,63,Rain,False,,False,False
2025-01-23,Chicken Bun,130,72,68,4,Thursday,1,Northeast Monsoon,False,23.8,0.8,51,Drizzle,False,,False,False
2025-01-23,Chicken Pastry,180,91,87,4,Thursday,1,Northeast Monsoon,False,23.8,0.8,51,Drizzle,False,,False,False
2025-01-23,Chicken Samosa,90,71,65,6,Thursday,1,Northeast Monsoon,False,23.8,0.8,51,Drizzle,False,,False,False
2025-01-23,Cream Bun,120,51,46,5,Thursday,1,Northeast Monsoon,False,23.8,0.8,51,Drizzle,False,,False,False
2025-01-23,Egg Roll,100,70,65,5,Thursday,1,Northeast Monsoon,False,23.8,0.8,51,Drizzle,False,,False,False
2025-01-23,Fish Bun,120,75,68,7,Thursday,1,Northeast Monsoon,False,23.8,0.8,51,Drizzle,False,,False,False
2025-01-23,Fish Patty,110,58,54,4,Thursday,1,Northeast Monsoon,False,23.8,0.8,51,Drizzle,False,,False,False
2025-01-23,Mini Pizza,220,52,50,2,Thursday,1,Northeast Monsoon,False,23.8,0.8,51,Drizzle,False,,False,False
2025-01-23,Sausage Bun,140,59,57,2,Thursday,1,Northeast Monsoon,False,23.8,0.8,51,Drizzle,False,,False,False
2025-01-23,Vegetable Roti,100,59,57,2,Thursday,1,Northeast Monsoon,False,23.8,0.8,51,Drizzle,False,,False,False
2025-01-24,Chicken Bun,130,53,52,1,Friday,1,Northeast Monsoon,False,23.1,5.6,63,Rain,False,,False,False
2025-01-24,Chicken Pastry,180,78,73,5,Friday,1,Northeast Monsoon,False,23.1,5.6,63,Rain,False,,False,False
2025-01-24,Chicken Samosa,90,70,67,3,Friday,1,Northeast Monsoon,False,23.1,5.6,63,Rain,False,,False,False
2025-01-24,Cream Bun,120,38,36,2,Friday,1,Northeast Monsoon,False,23.1,5.6,63,Rain,False,,False,False
2025-01-24,Egg Roll,100,54,47,7,Friday,1,Northeast Monsoon,False,23.1,5.6,63,Rain,False,,False,False
2025-01-24,Fish Bun,120,69,64,5,Friday,1,Northeast Monsoon,False,23.1,5.6,63,Rain,False,,False,False
2025-01-24,Fish Patty,110,49,46,3,Friday,1,Northeast Monsoon,False,23.1,5.6,63,Rain,False,,False,False
2025-01-24,Mini Pizza,220,33,31,2,Friday,1,Northeast Monsoon,False,23.1,5.6,63,Rain,False,,False,False
2025-01-24,Sausage Bun,140,56,54,2,Friday,1,Northeast Monsoon,False,23.1,5.6,63,Rain,False,,False,False
2025-01-24,Vegetable Roti,100,55,50,5,Friday,1,Northeast Monsoon,False,23.1,5.6,63,Rain,False,,False,False
2025-01-25,Chicken Bun,130,62,59,3,Saturday,1,Northeast Monsoon,True,23.1,7.2,61,Rain,False,,False,False
2025-01-25,Chicken Pastry,180,87,78,9,Saturday,1,Northeast Monsoon,True,23.1,7.2,61,Rain,False,,False,False
2025-01-25,Chicken Samosa,90,76,67,9,Saturday,1,Northeast Monsoon,True,23.1,7.2,61,Rain,False,,False,False
2025-01-25,Cream Bun,120,41,37,4,Saturday,1,Northeast Monsoon,True,23.1,7.2,61,Rain,False,,False,False
2025-01-25,Egg Roll,100,53,48,5,Saturday,1,Northeast Monsoon,True,23.1,7.2,61,Rain,False,,False,False
2025-01-25,Fish Bun,120,70,68,2,Saturday,1,Northeast Monsoon,True,23.1,7.2,61,Rain,False,,False,False
2025-01-25,Fish Patty,110,55,50,5,Saturday,1,Northeast Monsoon,True,23.1,7.2,61,Rain,False,,False,False
2025-01-25,Mini Pizza,220,42,40,2,Saturday,1,Northeast Monsoon,True,23.1,7.2,61,Rain,False,,False,False
2025-01-25,Sausage Bun,140,49,49,0,Saturday,1,Northeast Monsoon,True,23.1,7.2,61,Rain,False,,False,False
2025-01-25,Vegetable Roti,100,51,47,4,Saturday,1,Northeast Monsoon,True,23.1,7.2,61,Rain,False,,False,False
2025-01-26,Chicken Bun,130,93,81,12,Sunday,1,Northeast Monsoon,True,23.7,0.3,51,Drizzle,False,,False,False
2025-01-26,Chicken Pastry,180,110,99,11,Sunday,1,Northeast Monsoon,True,23.7,0.3,51,Drizzle,False,,False,False
2025-01-26,Chicken Samosa,90,78,73,5,Sunday,1,Northeast Monsoon,True,23.7,0.3,51,Drizzle,False,,False,False
2025-01-26,Cream Bun,120,62,56,6,Sunday,1,Northeast Monsoon,True,23.7,0.3,51,Drizzle,False,,False,False
2025-01-26,Egg Roll,100,64,59,5,Sunday,1,Northeast Monsoon,True,23.7,0.3,51,Drizzle,False,,False,False
2025-01-26,Fish Bun,120,91,80,11,Sunday,1,Northeast Monsoon,True,23.7,0.3,51,Drizzle,False,,False,False
2025-01-26,Fish Patty,110,67,63,4,Sunday,1,Northeast Monsoon,True,23.7,0.3,51,Drizzle,False,,False,False
2025-01-26,Mini Pizza,220,53,47,6,Sunday,1,Northeast Monsoon,True,23.7,0.3,51,Drizzle,False,,False,False
2025-01-26,Sausage Bun,140,73,70,3,Sunday,1,Northeast Monsoon,True,23.7,0.3,51,Drizzle,False,,False,False
2025-01-26,Vegetable Roti,100,67,62,5,Sunday,1,Northeast Monsoon,True,23.7,0.3,51,Drizzle,False,,False,False
2025-01-27,Chicken Bun,130,76,68,8,Monday,1,Northeast Monsoon,False,22.5,0.0,3,Cloudy,False,,False,False
2025-01-27,Chicken Pastry,180,90,90,0,Monday,1,Northeast Monsoon,False,22.5,0.0,3,Cloudy,False,,False,False
2025-01-27,Chicken Samosa,90,74,66,8,Monday,1,Northeast Monsoon,False,22.5,0.0,3,Cloudy,False,,False,False
2025-01-27,Cream Bun,120,58,57,1,Monday,1,Northeast Monsoon,False,22.5,0.0,3,Cloudy,False,,False,False
2025-01-27,Egg Roll,100,72,65,7,Monday,1,Northeast Monsoon,False,22.5,0.0,3,Cloudy,False,,False,False
2025-01-27,Fish Bun,120,76,72,4,Monday,1,Northeast Monsoon,False,22.5,0.0,3,Cloudy,False,,False,False
2025-01-27,Fish Patty,110,53,48,5,Monday,1,Northeast Monsoon,False,22.5,0.0,3,Cloudy,False,,False,False
2025-01-27,Mini Pizza,220,49,45,4,Monday,1,Northeast Monsoon,False,22.5,0.0,3,Cloudy,False,,False,False
2025-01-27,Sausage Bun,140,61,58,3,Monday,1,Northeast Monsoon,False,22.5,0.0,3,Cloudy,False,,False,False
2025-01-27,Vegetable Roti,100,65,59,6,Monday,1,Northeast Monsoon,False,22.5,0.0,3,Cloudy,False,,False,False
2025-01-28,Chicken Bun,130,71,66,5,Tuesday,1,Northeast Monsoon,False,22.8,2.1,61,Rain,False,,False,False
2025-01-28,Chicken Pastry,180,79,76,3,Tuesday,1,Northeast Monsoon,False,22.8,2.1,61,Rain,False,,False,False
2025-01-28,Chicken Samosa,90,68,61,7,Tuesday,1,Northeast Monsoon,False,22.8,2.1,61,Rain,False,,False,False
2025-01-28,Cream Bun,120,47,44,3,Tuesday,1,Northeast Monsoon,False,22.8,2.1,61,Rain,False,,False,False
2025-01-28,Egg Roll,100,56,52,4,Tuesday,1,Northeast Monsoon,False,22.8,2.1,61,Rain,False,,False,False
2025-01-28,Fish Bun,120,68,64,4,Tuesday,1,Northeast Monsoon,False,22.8,2.1,61,Rain,False,,False,False
2025-01-28,Fish Patty,110,59,55,4,Tuesday,1,Northeast Monsoon,False,22.8,2.1,61,Rain,False,,False,False
2025-01-28,Mini Pizza,220,42,38,4,Tuesday,1,Northeast Monsoon,False,22.8,2.1,61,Rain,False,,False,False
2025-01-28,Sausage Bun,140,62,56,6,Tuesday,1,Northeast Monsoon,False,22.8,2.1,61,Rain,False,,False,False
2025-01-28,Vegetable Roti,100,56,53,3,Tuesday,1,Northeast Monsoon,False,22.8,2.1,61,Rain,False,,False,False
2025-01-29,Chicken Bun,130,67,63,4,Wednesday,1,Northeast Monsoon,False,23.2,0.9,51,Drizzle,False,,False,False
2025-01-29,Chicken Pastry,180,92,83,9,Wednesday,1,Northeast Monsoon,False,23.2,0.9,51,Drizzle,False,,False,False
2025-01-29,Chicken Samosa,90,74,64,10,Wednesday,1,Northeast Monsoon,False,23.2,0.9,51,Drizzle,False,,False,False
2025-01-29,Cream Bun,120,48,45,3,Wednesday,1,Northeast Monsoon,False,23.2,0.9,51,Drizzle,False,,False,False
2025-01-29,Egg Roll,100,56,54,2,Wednesday,1,Northeast Monsoon,False,23.2,0.9,51,Drizzle,False,,False,False
2025-01-29,Fish Bun,120,82,72,10,Wednesday,1,Northeast Monsoon,False,23.2,0.9,51,Drizzle,False,,False,False
2025-01-29,Fish Patty,110,52,47,5,Wednesday,1,Northeast Monsoon,False,23.2,0.9,51,Drizzle,False,,False,False
2025-01-29,Mini Pizza,220,42,38,4,Wednesday,1,Northeast Monsoon,False,23.2,0.9,51,Drizzle,False,,False,False
2025-01-29,Sausage Bun,140,69,65,4,Wednesday,1,Northeast Monsoon,False,23.2,0.9,51,Drizzle,False,,False,False
2025-01-29,Vegetable Roti,100,55,53,2,Wednesday,1,Northeast Monsoon,False,23.2,0.9,51,Drizzle,False,,False,False
2025-01-30,Chicken Bun,130,71,66,5,Thursday,1,Northeast Monsoon,False,24.2,0.5,51,Drizzle,False,,False,False
2025-01-30,Chicken Pastry,180,93,84,9,Thursday,1,Northeast Monsoon,False,24.2,0.5,51,Drizzle,False,,False,False
2025-01-30,Chicken Samosa,90,79,68,11,Thursday,1,Northeast Monsoon,False,24.2,0.5,51,Drizzle,False,,False,False
2025-01-30,Cream Bun,120,48,47,1,Thursday,1,Northeast Monsoon,False,24.2,0.5,51,Drizzle,False,,False,False
2025-01-30,Egg Roll,100,62,56,6,Thursday,1,Northeast Monsoon,False,24.2,0.5,51,Drizzle,False,,False,False
2025-01-30,Fish Bun,120,82,77,5,Thursday,1,Northeast Monsoon,False,24.2,0.5,51,Drizzle,False,,False,False
2025-01-30,Fish Patty,110,49,49,0,Thursday,1,Northeast Monsoon,False,24.2,0.5,51,Drizzle,False,,False,False
2025-01-30,Mini Pizza,220,44,41,3,Thursday,1,Northeast Monsoon,False,24.2,0.5,51,Drizzle,False,,False,False
2025-01-30,Sausage Bun,140,56,53,3,Thursday,1,Northeast Monsoon,False,24.2,0.5,51,Drizzle,False,,False,False
2025-01-30,Vegetable Roti,100,60,58,2,Thursday,1,Northeast Monsoon,False,24.2,0.5,51,Drizzle,False,,False,False
2025-01-31,Chicken Bun,130,62,61,1,Friday,1,Northeast Monsoon,False,23.8,0.5,51,Drizzle,False,,False,False
2025-01-31,Chicken Pastry,180,97,87,10,Friday,1,Northeast Monsoon,False,23.8,0.5,51,Drizzle,False,,False,False
2025-01-31,Chicken Samosa,90,76,69,7,Friday,1,Northeast Monsoon,False,23.8,0.5,51,Drizzle,False,,False,False
2025-01-31,Cream Bun,120,54,51,3,Friday,1,Northeast Monsoon,False,23.8,0.5,51,Drizzle,False,,False,False
2025-01-31,Egg Roll,100,59,58,1,Friday,1,Northeast Monsoon,False,23.8,0.5,51,Drizzle,False,,False,False
2025-01-31,Fish Bun,120,68,67,1,Friday,1,Northeast Monsoon,False,23.8,0.5,51,Drizzle,False,,False,False
2025-01-31,Fish Patty,110,51,45,6,Friday,1,Northeast Monsoon,False,23.8,0.5,51,Drizzle,False,,False,False
2025-01-31,Mini Pizza,220,45,41,4,Friday,1,Northeast Monsoon,False,23.8,0.5,51,Drizzle,False,,False,False
2025-01-31,Sausage Bun,140,66,63,3,Friday,1,Northeast Monsoon,False,23.8,0.5,51,Drizzle,False,,False,False
2025-01-31,Vegetable Roti,100,58,55,3,Friday,1,Northeast Monsoon,False,23.8,0.5,51,Drizzle,False,,False,False
2025-02-01,Chicken Bun,130,69,61,8,Saturday,2,Northeast Monsoon,True,23.9,0.2,51,Drizzle,False,,False,False
2025-02-01,Chicken Pastry,180,104,95,9,Saturday,2,Northeast Monsoon,True,23.9,0.2,51,Drizzle,False,,False,False
2025-02-01,Chicken Samosa,90,78,73,5,Saturday,2,Northeast Monsoon,True,23.9,0.2,51,Drizzle,False,,False,False
2025-02-01,Cream Bun,120,58,53,5,Saturday,2,Northeast Monsoon,True,23.9,0.2,51,Drizzle,False,,False,False
2025-02-01,Egg Roll,100,64,62,2,Saturday,2,Northeast Monsoon,True,23.9,0.2,51,Drizzle,False,,False,False
2025-02-01,Fish Bun,120,88,81,7,Saturday,2,Northeast Monsoon,True,23.9,0.2,51,Drizzle,False,,False,False
2025-02-01,Fish Patty,110,61,54,7,Saturday,2,Northeast Monsoon,True,23.9,0.2,51,Drizzle,False,,False,False
2025-02-01,Mini Pizza,220,56,51,5,Saturday,2,Northeast Monsoon,True,23.9,0.2,51,Drizzle,False,,False,False
2025-02-01,Sausage Bun,140,62,61,1,Saturday,2,Northeast Monsoon,True,23.9,0.2,51,Drizzle,False,,False,False
2025-02-01,Vegetable Roti,100,65,60,5,Saturday,2,Northeast Monsoon,True,23.9,0.2,51,Drizzle,False,,False,False
2025-02-02,Chicken Bun,130,76,69,7,Sunday,2,Northeast Monsoon,True,23.8,0.0,3,Cloudy,False,,False,False
2025-02-02,Chicken Pastry,180,83,81,2,Sunday,2,Northeast Monsoon,True,23.8,0.0,3,Cloudy,False,,False,False
2025-02-02,Chicken Samosa,90,81,74,7,Sunday,2,Northeast Monsoon,True,23.8,0.0,3,Cloudy,False,,False,False
2025-02-02,Cream Bun,120,58,53,5,Sunday,2,Northeast Monsoon,True,23.8,0.0,3,Cloudy,False,,False,False
2025-02-02,Egg Roll,100,73,70,3,Sunday,2,Northeast Monsoon,True,23.8,0.0,3,Cloudy,False,,False,False
2025-02-02,Fish Bun,120,93,89,4,Sunday,2,Northeast Monsoon,True,23.8,0.0,3,Cloudy,False,,False,False
2025-02-02,Fish Patty,110,60,53,7,Sunday,2,Northeast Monsoon,True,23.8,0.0,3,Cloudy,False,,False,False
2025-02-02,Mini Pizza,220,62,59,3,Sunday,2,Northeast Monsoon,True,23.8,0.0,3,Cloudy,False,,False,False
2025-02-02,Sausage Bun,140,75,70,5,Sunday,2,Northeast Monsoon,True,23.8,0.0,3,Cloudy,False,,False,False
2025-02-02,Vegetable Roti,100,63,57,6,Sunday,2,Northeast Monsoon,True,23.8,0.0,3,Cloudy,False,,False,False
2025-02-03,Chicken Bun,130,67,63,4,Monday,2,Northeast Monsoon,False,23.1,0.0,3,Cloudy,False,,True,False
2025-02-03,Chicken Pastry,180,87,80,7,Monday,2,Northeast Monsoon,False,23.1,0.0,3,Cloudy,False,,True,False
2025-02-03,Chicken Samosa,90,73,67,6,Monday,2,Northeast Monsoon,False,23.1,0.0,3,Cloudy,False,,True,False
2025-02-03,Cream Bun,120,59,57,2,Monday,2,Northeast Monsoon,False,23.1,0.0,3,Cloudy,False,,True,False
2025-02-03,Egg Roll,100,65,60,5,Monday,2,Northeast Monsoon,False,23.1,0.0,3,Cloudy,False,,True,False
2025-02-03,Fish Bun,120,75,71,4,Monday,2,Northeast Monsoon,False,23.1,0.0,3,Cloudy,False,,True,False
2025-02-03,Fish Patty,110,55,52,3,Monday,2,Northeast Monsoon,False,23.1,0.0,3,Cloudy,False,,True,False
2025-02-03,Mini Pizza,220,52,50,2,Monday,2,Northeast Monsoon,False,23.1,0.0,3,Cloudy,False,,True,False
2025-02-03,Sausage Bun,140,58,55,3,Monday,2,Northeast Monsoon,False,23.1,0.0,3,Cloudy,False,,True,False
2025-02-03,Vegetable Roti,100,58,54,4,Monday,2,Northeast Monsoon,False,23.1,0.0,3,Cloudy,False,,True,False
2025-02-04,Chicken Bun,130,73,72,1,Tuesday,2,Northeast Monsoon,False,22.6,0.0,3,Cloudy,True,Independence Day,False,False
2025-02-04,Chicken Pastry,180,113,101,12,Tuesday,2,Northeast Monsoon,False,22.6,0.0,3,Cloudy,True,Independence Day,False,False
2025-02-04,Chicken Samosa,90,84,80,4,Tuesday,2,Northeast Monsoon,False,22.6,0.0,3,Cloudy,True,Independence Day,False,False
2025-02-04,Cream Bun,120,58,56,2,Tuesday,2,Northeast Monsoon,False,22.6,0.0,3,Cloudy,True,Independence Day,False,False
2025-02-04,Egg Roll,100,66,65,1,Tuesday,2,Northeast Monsoon,False,22.6,0.0,3,Cloudy,True,Independence Day,False,False
2025-02-04,Fish Bun,120,92,86,6,Tuesday,2,Northeast Monsoon,False,22.6,0.0,3,Cloudy,True,Independence Day,False,False
2025-02-04,Fish Patty,110,58,57,1,Tuesday,2,Northeast Monsoon,False,22.6,0.0,3,Cloudy,True,Independence Day,False,False
2025-02-04,Mini Pizza,220,60,54,6,Tuesday,2,Northeast Monsoon,False,22.6,0.0,3,Cloudy,True,Independence Day,False,False
2025-02-04,Sausage Bun,140,67,60,7,Tuesday,2,Northeast Monsoon,False,22.6,0.0,3,Cloudy,True,Independence Day,False,False
2025-02-04,Vegetable Roti,100,62,59,3,Tuesday,2,Northeast Monsoon,False,22.6,0.0,3,Cloudy,True,Independence Day,False,False
2025-02-05,Chicken Bun,130,71,65,6,Wednesday,2,Northeast Monsoon,False,23.6,0.0,3,Cloudy,False,,False,True
2025-02-05,Chicken Pastry,180,99,96,3,Wednesday,2,Northeast Monsoon,False,23.6,0.0,3,Cloudy,False,,False,True
2025-02-05,Chicken Samosa,90,75,66,9,Wednesday,2,Northeast Monsoon,False,23.6,0.0,3,Cloudy,False,,False,True
2025-02-05,Cream Bun,120,53,49,4,Wednesday,2,Northeast Monsoon,False,23.6,0.0,3,Cloudy,False,,False,True
2025-02-05,Egg Roll,100,59,54,5,Wednesday,2,Northeast Monsoon,False,23.6,0.0,3,Cloudy,False,,False,True
2025-02-05,Fish Bun,120,79,74,5,Wednesday,2,Northeast Monsoon,False,23.6,0.0,3,Cloudy,False,,False,True
2025-02-05,Fish Patty,110,57,53,4,Wednesday,2,Northeast Monsoon,False,23.6,0.0,3,Cloudy,False,,False,True
2025-02-05,Mini Pizza,220,44,43,1,Wednesday,2,Northeast Monsoon,False,23.6,0.0,3,Cloudy,False,,False,True
2025-02-05,Sausage Bun,140,62,61,1,Wednesday,2,Northeast Monsoon,False,23.6,0.0,3,Cloudy,False,,False,True
2025-02-05,Vegetable Roti,100,64,58,6,Wednesday,2,Northeast Monsoon,False,23.6,0.0,3,Cloudy,False,,False,True
2025-02-06,Chicken Bun,130,71,64,7,Thursday,2,Northeast Monsoon,False,24.1,0.0,3,Cloudy,False,,False,False
2025-02-06,Chicken Pastry,180,90,83,7,Thursday,2,Northeast Monsoon,False,24.1,0.0,3,Cloudy,False,,False,False
2025-02-06,Chicken Samosa,90,80,71,9,Thursday,2,Northeast Monsoon,False,24.1,0.0,3,Cloudy,False,,False,False
2025-02-06,Cream Bun,120,53,48,5,Thursday,2,Northeast Monsoon,False,24.1,0.0,3,Cloudy,False,,False,False
2025-02-06,Egg Roll,100,61,56,5,Thursday,2,Northeast Monsoon,False,24.1,0.0,3,Cloudy,False,,False,False
2025-02-06,Fish Bun,120,75,74,1,Thursday,2,Northeast Monsoon,False,24.1,0.0,3,Cloudy,False,,False,False
2025-02-06,Fish Patty,110,62,56,6,Thursday,2,Northeast Monsoon,False,24.1,0.0,3,Cloudy,False,,False,False
2025-02-06,Mini Pizza,220,46,41,5,Thursday,2,Northeast Monsoon,False,24.1,0.0,3,Cloudy,False,,False,False
2025-02-06,Sausage Bun,140,61,56,5,Thursday,2,Northeast Monsoon,False,24.1,0.0,3,Cloudy,False,,False,False
2025-02-06,Vegetable Roti,100,45,43,2,Thursday,2,Northeast Monsoon,False,24.1,0.0,3,Cloudy,False,,False,False
2025-02-07,Chicken Bun,130,77,70,7,Friday,2,Northeast Monsoon,False,23.8,0.0,3,Cloudy,False,,False,False
2025-02-07,Chicken Pastry,180,88,84,4,Friday,2,Northeast Monsoon,False,23.8,0.0,3,Cloudy,False,,False,False
2025-02-07,Chicken Samosa,90,78,67,11,Friday,2,Northeast Monsoon,False,23.8,0.0,3,Cloudy,False,,False,False
2025-02-07,Cream Bun,120,46,42,4,Friday,2,Northeast Monsoon,False,23.8,0.0,3,Cloudy,False,,False,False
2025-02-07,Egg Roll,100,63,60,3,Friday,2,Northeast Monsoon,False,23.8,0.0,3,Cloudy,False,,False,False
2025-02-07,Fish Bun,120,85,77,8,Friday,2,Northeast Monsoon,False,23.8,0.0,3,Cloudy,False,,False,False
2025-02-07,Fish Patty,110,62,55,7,Friday,2,Northeast Monsoon,False,23.8,0.0,3,Cloudy,False,,False,False
2025-02-07,Mini Pizza,220,49,43,6,Friday,2,Northeast Monsoon,False,23.8,0.0,3,Cloudy,False,,False,False
2025-02-07,Sausage Bun,140,69,66,3,Friday,2,Northeast Monsoon,False,23.8,0.0,3,Cloudy,False,,False,False
2025-02-07,Vegetable Roti,100,58,56,2,Friday,2,Northeast Monsoon,False,23.8,0.0,3,Cloudy,False,,False,False
2025-02-08,Chicken Bun,130,92,75,17,Saturday,2,Northeast Monsoon,True,22.9,0.0,3,Cloudy,False,,False,False
2025-02-08,Chicken Pastry,180,96,92,4,Saturday,2,Northeast Monsoon,True,22.9,0.0,3,Cloudy,False,,False,False
2025-02-08,Chicken Samosa,90,80,70,10,Saturday,2,Northeast Monsoon,True,22.9,0.0,3,Cloudy,False,,False,False
2025-02-08,Cream Bun,120,62,57,5,Saturday,2,Northeast Monsoon,True,22.9,0.0,3,Cloudy,False,,False,False
2025-02-08,Egg Roll,100,67,62,5,Saturday,2,Northeast Monsoon,True,22.9,0.0,3,Cloudy,False,,False,False
2025-02-08,Fish Bun,120,88,85,3,Saturday,2,Northeast Monsoon,True,22.9,0.0,3,Cloudy,False,,False,False
2025-02-08,Fish Patty,110,63,59,4,Saturday,2,Northeast Monsoon,True,22.9,0.0,3,Cloudy,False,,False,False
2025-02-08,Mini Pizza,220,54,51,3,Saturday,2,Northeast Monsoon,True,22.9,0.0,3,Cloudy,False,,False,False
2025-02-08,Sausage Bun,140,60,57,3,Saturday,2,Northeast Monsoon,True,22.9,0.0,3,Cloudy,False,,False,False
2025-02-08,Vegetable Roti,100,69,63,6,Saturday,2,Northeast Monsoon,True,22.9,0.0,3,Cloudy,False,,False,False
2025-02-09,Chicken Bun,130,75,68,7,Sunday,2,Northeast Monsoon,True,23.1,0.0,3,Cloudy,False,,False,False
2025-02-09,Chicken Pastry,180,114,106,8,Sunday,2,Northeast Monsoon,True,23.1,0.0,3,Cloudy,False,,False,False
2025-02-09,Chicken Samosa,90,70,63,7,Sunday,2,Northeast Monsoon,True,23.1,0.0,3,Cloudy,False,,False,False
2025-02-09,Cream Bun,120,55,52,3,Sunday,2,Northeast Monsoon,True,23.1,0.0,3,Cloudy,False,,False,False
2025-02-09,Egg Roll,100,64,63,1,Sunday,2,Northeast Monsoon,True,23.1,0.0,3,Cloudy,False,,False,False
2025-02-09,Fish Bun,120,80,71,9,Sunday,2,Northeast Monsoon,True,23.1,0.0,3,Cloudy,False,,False,False
2025-02-09,Fish Patty,110,48,46,2,Sunday,2,Northeast Monsoon,True,23.1,0.0,3,Cloudy,False,,False,False
2025-02-09,Mini Pizza,220,56,54,2,Sunday,2,Northeast Monsoon,True,23.1,0.0,3,Cloudy,False,,False,False
2025-02-09,Sausage Bun,140,71,67,4,Sunday,2,Northeast Monsoon,True,23.1,0.0,3,Cloudy,False,,False,False
2025-02-09,Vegetable Roti,100,68,61,7,Sunday,2,Northeast Monsoon,True,23.1,0.0,3,Cloudy,False,,False,False
2025-02-10,Chicken Bun,130,63,59,4,Monday,2,Northeast Monsoon,False,23.0,0.0,3,Cloudy,False,,False,False
2025-02-10,Chicken Pastry,180,98,88,10,Monday,2,Northeast Monsoon,False,23.0,0.0,3,Cloudy,False,,False,False
2025-02-10,Chicken Samosa,90,76,67,9,Monday,2,Northeast Monsoon,False,23.0,0.0,3,Cloudy,False,,False,False
2025-02-10,Cream Bun,120,45,43,2,Monday,2,Northeast Monsoon,False,23.0,0.0,3,Cloudy,False,,False,False
2025-02-10,Egg Roll,100,66,64,2,Monday,2,Northeast Monsoon,False,23.0,0.0,3,Cloudy,False,,False,False
2025-02-10,Fish Bun,120,72,68,4,Monday,2,Northeast Monsoon,False,23.0,0.0,3,Cloudy,False,,False,False
2025-02-10,Fish Patty,110,59,56,3,Monday,2,Northeast Monsoon,False,23.0,0.0,3,Cloudy,False,,False,False
2025-02-10,Mini Pizza,220,44,40,4,Monday,2,Northeast Monsoon,False,23.0,0.0,3,Cloudy,False,,False,False
2025-02-10,Sausage Bun,140,66,60,6,Monday,2,Northeast Monsoon,False,23.0,0.0,3,Cloudy,False,,False,False
2025-02-10,Vegetable Roti,100,68,60,8,Monday,2,Northeast Monsoon,False,23.0,0.0,3,Cloudy,False,,False,False
2025-02-11,Chicken Bun,130,68,63,5,Tuesday,2,Northeast Monsoon,False,23.6,0.5,51,Drizzle,False,,True,False
2025-02-11,Chicken Pastry,180,99,89,10,Tuesday,2,Northeast Monsoon,False,23.6,0.5,51,Drizzle,False,,True,False
2025-02-11,Chicken Samosa,90,69,64,5,Tuesday,2,Northeast Monsoon,False,23.6,0.5,51,Drizzle,False,,True,False
2025-02-11,Cream Bun,120,49,44,5,Tuesday,2,Northeast Monsoon,False,23.6,0.5,51,Drizzle,False,,True,False
2025-02-11,Egg Roll,100,56,52,4,Tuesday,2,Northeast Monsoon,False,23.6,0.5,51,Drizzle,False,,True,False
2025-02-11,Fish Bun,120,80,72,8,Tuesday,2,Northeast Monsoon,False,23.6,0.5,51,Drizzle,False,,True,False
2025-02-11,Fish Patty,110,58,53,5,Tuesday,2,Northeast Monsoon,False,23.6,0.5,51,Drizzle,False,,True,False
2025-02-11,Mini Pizza,220,42,41,1,Tuesday,2,Northeast Monsoon,False,23.6,0.5,51,Drizzle,False,,True,False
2025-02-11,Sausage Bun,140,61,58,3,Tuesday,2,Northeast Monsoon,False,23.6,0.5,51,Drizzle,False,,True,False
2025-02-11,Vegetable Roti,100,58,54,4,Tuesday,2,Northeast Monsoon,False,23.6,0.5,51,Drizzle,False,,True,False
2025-02-12,Chicken Bun,130,69,65,4,Wednesday,2,Northeast Monsoon,False,24.4,0.5,51,Drizzle,True,Nawam Full Moon Poya Day,False,False
2025-02-12,Chicken Pastry,180,103,91,12,Wednesday,2,Northeast Monsoon,False,24.4,0.5,51,Drizzle,True,Nawam Full Moon Poya Day,False,False
2025-02-12,Chicken Samosa,90,79,69,10,Wednesday,2,Northeast Monsoon,False,24.4,0.5,51,Drizzle,True,Nawam Full Moon Poya Day,False,False
2025-02-12,Cream Bun,120,56,52,4,Wednesday,2,Northeast Monsoon,False,24.4,0.5,51,Drizzle,True,Nawam Full Moon Poya Day,False,False
2025-02-12,Egg Roll,100,82,73,9,Wednesday,2,Northeast Monsoon,False,24.4,0.5,51,Drizzle,True,Nawam Full Moon Poya Day,False,False
2025-02-12,Fish Bun,120,77,70,7,Wednesday,2,Northeast Monsoon,False,24.4,0.5,51,Drizzle,True,Nawam Full Moon Poya Day,False,False
2025-02-12,Fish Patty,110,54,51,3,Wednesday,2,Northeast Monsoon,False,24.4,0.5,51,Drizzle,True,Nawam Full Moon Poya Day,False,False
2025-02-12,Mini Pizza,220,50,47,3,Wednesday,2,Northeast Monsoon,False,24.4,0.5,51,Drizzle,True,Nawam Full Moon Poya Day,False,False
2025-02-12,Sausage Bun,140,67,65,2,Wednesday,2,Northeast Monsoon,False,24.4,0.5,51,Drizzle,True,Nawam Full Moon Poya Day,False,False
2025-02-12,Vegetable Roti,100,60,58,2,Wednesday,2,Northeast Monsoon,False,24.4,0.5,51,Drizzle,True,Nawam Full Moon Poya Day,False,False
2025-02-13,Chicken Bun,130,74,65,9,Thursday,2,Northeast Monsoon,False,23.5,0.0,3,Cloudy,False,,False,True
2025-02-13,Chicken Pastry,180,90,88,2,Thursday,2,Northeast Monsoon,False,23.5,0.0,3,Cloudy,False,,False,True
2025-02-13,Chicken Samosa,90,64,59,5,Thursday,2,Northeast Monsoon,False,23.5,0.0,3,Cloudy,False,,False,True
2025-02-13,Cream Bun,120,52,49,3,Thursday,2,Northeast Monsoon,False,23.5,0.0,3,Cloudy,False,,False,True
2025-02-13,Egg Roll,100,60,58,2,Thursday,2,Northeast Monsoon,False,23.5,0.0,3,Cloudy,False,,False,True
2025-02-13,Fish Bun,120,80,73,7,Thursday,2,Northeast Monsoon,False,23.5,0.0,3,Cloudy,False,,False,True
2025-02-13,Fish Patty,110,60,55,5,Thursday,2,Northeast Monsoon,False,23.5,0.0,3,Cloudy,False,,False,True
2025-02-13,Mini Pizza,220,46,44,2,Thursday,2,Northeast Monsoon,False,23.5,0.0,3,Cloudy,False,,False,True
2025-02-13,Sausage Bun,140,66,62,4,Thursday,2,Northeast Monsoon,False,23.5,0.0,3,Cloudy,False,,False,True
2025-02-13,Vegetable Roti,100,64,61,3,Thursday,2,Northeast Monsoon,False,23.5,0.0,3,Cloudy,False,,False,True
2025-02-14,Chicken Bun,130,68,63,5,Friday,2,Northeast Monsoon,False,22.8,0.0,3,Cloudy,False,,False,False
2025-02-14,Chicken Pastry,180,91,89,2,Friday,2,Northeast Monsoon,False,22.8,0.0,3,Cloudy,False,,False,False
2025-02-14,Chicken Samosa,90,76,69,7,Friday,2,Northeast Monsoon,False,22.8,0.0,3,Cloudy,False,,False,False
2025-02-14,Cream Bun,120,52,50,2,Friday,2,Northeast Monsoon,False,22.8,0.0,3,Cloudy,False,,False,False
2025-02-14,Egg Roll,100,68,64,4,Friday,2,Northeast Monsoon,False,22.8,0.0,3,Cloudy,False,,False,False
2025-02-14,Fish Bun,120,77,73,4,Friday,2,Northeast Monsoon,False,22.8,0.0,3,Cloudy,False,,False,False
2025-02-14,Fish Patty,110,55,49,6,Friday,2,Northeast Monsoon,False,22.8,0.0,3,Cloudy,False,,False,False
2025-02-14,Mini Pizza,220,42,40,2,Friday,2,Northeast Monsoon,False,22.8,0.0,3,Cloudy,False,,False,False
2025-02-14,Sausage Bun,140,57,52,5,Friday,2,Northeast Monsoon,False,22.8,0.0,3,Cloudy,False,,False,False
2025-02-14,Vegetable Roti,100,54,50,4,Friday,2,Northeast Monsoon,False,22.8,0.0,3,Cloudy,False,,False,False
2025-02-15,Chicken Bun,130,76,71,5,Saturday,2,Northeast Monsoon,True,23.5,0.0,3,Cloudy,False,,False,False
2025-02-15,Chicken Pastry,180,93,88,5,Saturday,2,Northeast Monsoon,True,23.5,0.0,3,Cloudy,False,,False,False
2025-02-15,Chicken Samosa,90,78,72,6,Saturday,2,Northeast Monsoon,True,23.5,0.0,3,Cloudy,False,,False,False
2025-02-15,Cream Bun,120,60,55,5,Saturday,2,Northeast Monsoon,True,23.5,0.0,3,Cloudy,False,,False,False
2025-02-15,Egg Roll,100,71,67,4,Saturday,2,Northeast Monsoon,True,23.5,0.0,3,Cloudy,False,,False,False
2025-02-15,Fish Bun,120,82,72,10,Saturday,2,Northeast Monsoon,True,23.5,0.0,3,Cloudy,False,,False,False
2025-02-15,Fish Patty,110,59,54,5,Saturday,2,Northeast Monsoon,True,23.5,0.0,3,Cloudy,False,,False,False
2025-02-15,Mini Pizza,220,54,50,4,Saturday,2,Northeast Monsoon,True,23.5,0.0,3,Cloudy,False,,False,False
2025-02-15,Sausage Bun,140,66,62,4,Saturday,2,Northeast Monsoon,True,23.5,0.0,3,Cloudy,False,,False,False
2025-02-15,Vegetable Roti,100,63,61,2,Saturday,2,Northeast Monsoon,True,23.5,0.0,3,Cloudy,False,,False,False
2025-02-16,Chicken Bun,130,70,65,5,Sunday,2,Northeast Monsoon,True,23.2,0.0,3,Cloudy,False,,False,False
2025-02-16,Chicken Pastry,180,92,88,4,Sunday,2,Northeast Monsoon,True,23.2,0.0,3,Cloudy,False,,False,False
2025-02-16,Chicken Samosa,90,77,71,6,Sunday,2,Northeast Monsoon,True,23.2,0.0,3,Cloudy,False,,False,False
2025-02-16,Cream Bun,120,59,52,7,Sunday,2,Northeast Monsoon,True,23.2,0.0,3,Cloudy,False,,False,False
2025-02-16,Egg Roll,100,68,64,4,Sunday,2,Northeast Monsoon,True,23.2,0.0,3,Cloudy,False,,False,False
2025-02-16,Fish Bun,120,91,80,11,Sunday,2,Northeast Monsoon,True,23.2,0.0,3,Cloudy,False,,False,False
2025-02-16,Fish Patty,110,67,62,5,Sunday,2,Northeast Monsoon,True,23.2,0.0,3,Cloudy,False,,False,False
2025-02-16,Mini Pizza,220,57,54,3,Sunday,2,Northeast Monsoon,True,23.2,0.0,3,Cloudy,False,,False,False
2025-02-16,Sausage Bun,140,67,62,5,Sunday,2,Northeast Monsoon,True,23.2,0.0,3,Cloudy,False,,False,False
2025-02-16,Vegetable Roti,100,61,59,2,Sunday,2,Northeast Monsoon,True,23.2,0.0,3,Cloudy,False,,False,False
2025-02-17,Chicken Bun,130,69,63,6,Monday,2,Northeast Monsoon,False,24.2,0.5,53,Drizzle,False,,False,False
2025-02-17,Chicken Pastry,180,82,75,7,Monday,2,Northeast Monsoon,False,24.2,0.5,53,Drizzle,False,,False,False
2025-02-17,Chicken Samosa,90,73,67,6,Monday,2,Northeast Monsoon,False,24.2,0.5,53,Drizzle,False,,False,False
2025-02-17,Cream Bun,120,62,56,6,Monday,2,Northeast Monsoon,False,24.2,0.5,53,Drizzle,False,,False,False
2025-02-17,Egg Roll,100,63,58,5,Monday,2,Northeast Monsoon,False,24.2,0.5,53,Drizzle,False,,False,False
2025-02-17,Fish Bun,120,75,69,6,Monday,2,Northeast Monsoon,False,24.2,0.5,53,Drizzle,False,,False,False
2025-02-17,Fish Patty,110,55,50,5,Monday,2,Northeast Monsoon,False,24.2,0.5,53,Drizzle,False,,False,False
2025-02-17,Mini Pizza,220,42,39,3,Monday,2,Northeast Monsoon,False,24.2,0.5,53,Drizzle,False,,False,False
2025-02-17,Sausage Bun,140,65,61,4,Monday,2,Northeast Monsoon,False,24.2,0.5,53,Drizzle,False,,False,False
2025-02-17,Vegetable Roti,100,61,59,2,Monday,2,Northeast Monsoon,False,24.2,0.5,53,Drizzle,False,,False,False
2025-02-18,Chicken Bun,130,68,60,8,Tuesday,2,Northeast Monsoon,False,25.3,0.4,51,Drizzle,False,,False,False
2025-02-18,Chicken Pastry,180,93,87,6,Tuesday,2,Northeast Monsoon,False,25.3,0.4,51,Drizzle,False,,False,False
2025-02-18,Chicken Samosa,90,65,61,4,Tuesday,2,Northeast Monsoon,False,25.3,0.4,51,Drizzle,False,,False,False
2025-02-18,Cream Bun,120,48,44,4,Tuesday,2,Northeast Monsoon,False,25.3,0.4,51,Drizzle,False,,False,False
2025-02-18,Egg Roll,100,67,60,7,Tuesday,2,Northeast Monsoon,False,25.3,0.4,51,Drizzle,False,,False,False
2025-02-18,Fish Bun,120,72,67,5,Tuesday,2,Northeast Monsoon,False,25.3,0.4,51,Drizzle,False,,False,False
2025-02-18,Fish Patty,110,54,49,5,Tuesday,2,Northeast Monsoon,False,25.3,0.4,51,Drizzle,False,,False,False
2025-02-18,Mini Pizza,220,45,42,3,Tuesday,2,Northeast Monsoon,False,25.3,0.4,51,Drizzle,False,,False,False
2025-02-18,Sausage Bun,140,62,59,3,Tuesday,2,Northeast Monsoon,False,25.3,0.4,51,Drizzle,False,,False,False
2025-02-18,Vegetable Roti,100,54,49,5,Tuesday,2,Northeast Monsoon,False,25.3,0.4,51,Drizzle,False,,False,False
2025-02-19,Chicken Bun,130,61,56,5,Wednesday,2,Northeast Monsoon,False,25.1,0.0,3,Cloudy,False,,False,False
2025-02-19,Chicken Pastry,180,98,93,5,Wednesday,2,Northeast Monsoon,False,25.1,0.0,3,Cloudy,False,,False,False
2025-02-19,Chicken Samosa,90,80,73,7,Wednesday,2,Northeast Monsoon,False,25.1,0.0,3,Cloudy,False,,False,False
2025-02-19,Cream Bun,120,53,50,3,Wednesday,2,Northeast Monsoon,False,25.1,0.0,3,Cloudy,False,,False,False
2025-02-19,Egg Roll,100,57,52,5,Wednesday,2,Northeast Monsoon,False,25.1,0.0,3,Cloudy,False,,False,False
2025-02-19,Fish Bun,120,80,73,7,Wednesday,2,Northeast Monsoon,False,25.1,0.0,3,Cloudy,False,,False,False
2025-02-19,Fish Patty,110,54,50,4,Wednesday,2,Northeast Monsoon,False,25.1,0.0,3,Cloudy,False,,False,False
2025-02-19,Mini Pizza,220,44,44,0,Wednesday,2,Northeast Monsoon,False,25.1,0.0,3,Cloudy,False,,False,False
2025-02-19,Sausage Bun,140,59,54,5,Wednesday,2,Northeast Monsoon,False,25.1,0.0,3,Cloudy,False,,False,False
2025-02-19,Vegetable Roti,100,53,48,5,Wednesday,2,Northeast Monsoon,False,25.1,0.0,3,Cloudy,False,,False,False
2025-02-20,Chicken Bun,130,65,56,9,Thursday,2,Northeast Monsoon,False,25.1,0.0,2,Cloudy,False,,False,False
2025-02-20,Chicken Pastry,180,97,90,7,Thursday,2,Northeast Monsoon,False,25.1,0.0,2,Cloudy,False,,False,False
2025-02-20,Chicken Samosa,90,63,56,7,Thursday,2,Northeast Monsoon,False,25.1,0.0,2,Cloudy,False,,False,False
2025-02-20,Cream Bun,120,63,55,8,Thursday,2,Northeast Monsoon,False,25.1,0.0,2,Cloudy,False,,False,False
2025-02-20,Egg Roll,100,60,55,5,Thursday,2,Northeast Monsoon,False,25.1,0.0,2,Cloudy,False,,False,False
2025-02-20,Fish Bun,120,66,60,6,Thursday,2,Northeast Monsoon,False,25.1,0.0,2,Cloudy,False,,False,False
2025-02-20,Fish Patty,110,54,49,5,Thursday,2,Northeast Monsoon,False,25.1,0.0,2,Cloudy,False,,False,False
2025-02-20,Mini Pizza,220,51,47,4,Thursday,2,Northeast Monsoon,False,25.1,0.0,2,Cloudy,False,,False,False
2025-02-20,Sausage Bun,140,67,62,5,Thursday,2,Northeast Monsoon,False,25.1,0.0,2,Cloudy,False,,False,False
2025-02-20,Vegetable Roti,100,58,53,5,Thursday,2,Northeast Monsoon,False,25.1,0.0,2,Cloudy,False,,False,False
2025-02-21,Chicken Bun,130,67,63,4,Friday,2,Northeast Monsoon,False,24.7,0.0,1,Cloudy,False,,False,False
2025-02-21,Chicken Pastry,180,100,93,7,Friday,2,Northeast Monsoon,False,24.7,0.0,1,Cloudy,False,,False,False
2025-02-21,Chicken Samosa,90,80,74,6,Friday,2,Northeast Monsoon,False,24.7,0.0,1,Cloudy,False,,False,False
2025-02-21,Cream Bun,120,52,50,2,Friday,2,Northeast Monsoon,False,24.7,0.0,1,Cloudy,False,,False,False
2025-02-21,Egg Roll,100,56,50,6,Friday,2,Northeast Monsoon,False,24.7,0.0,1,Cloudy,False,,False,False
2025-02-21,Fish Bun,120,67,63,4,Friday,2,Northeast Monsoon,False,24.7,0.0,1,Cloudy,False,,False,False
2025-02-21,Fish Patty,110,50,49,1,Friday,2,Northeast Monsoon,False,24.7,0.0,1,Cloudy,False,,False,False
2025-02-21,Mini Pizza,220,41,36,5,Friday,2,Northeast Monsoon,False,24.7,0.0,1,Cloudy,False,,False,False
2025-02-21,Sausage Bun,140,54,54,0,Friday,2,Northeast Monsoon,False,24.7,0.0,1,Cloudy,False,,False,False
2025-02-21,Vegetable Roti,100,51,47,4,Friday,2,Northeast Monsoon,False,24.7,0.0,1,Cloudy,False,,False,False
2025-02-22,Chicken Bun,130,76,71,5,Saturday,2,Northeast Monsoon,True,24.3,0.0,3,Cloudy,False,,False,False
2025-02-22,Chicken Pastry,180,96,90,6,Saturday,2,Northeast Monsoon,True,24.3,0.0,3,Cloudy,False,,False,False
2025-02-22,Chicken Samosa,90,80,70,10,Saturday,2,Northeast Monsoon,True,24.3,0.0,3,Cloudy,False,,False,False
2025-02-22,Cream Bun,120,61,54,7,Saturday,2,Northeast Monsoon,True,24.3,0.0,3,Cloudy,False,,False,False
2025-02-22,Egg Roll,100,69,64,5,Saturday,2,Northeast Monsoon,True,24.3,0.0,3,Cloudy,False,,False,False
2025-02-22,Fish Bun,120,87,82,5,Saturday,2,Northeast Monsoon,True,24.3,0.0,3,Cloudy,False,,False,False
2025-02-22,Fish Patty,110,60,57,3,Saturday,2,Northeast Monsoon,True,24.3,0.0,3,Cloudy,False,,False,False
2025-02-22,Mini Pizza,220,48,45,3,Saturday,2,Northeast Monsoon,True,24.3,0.0,3,Cloudy,False,,False,False
2025-02-22,Sausage Bun,140,69,62,7,Saturday,2,Northeast Monsoon,True,24.3,0.0,3,Cloudy,False,,False,False
2025-02-22,Vegetable Roti,100,58,55,3,Saturday,2,Northeast Monsoon,True,24.3,0.0,3,Cloudy,False,,False,False
2025-02-23,Chicken Bun,130,70,66,4,Sunday,2,Northeast Monsoon,True,24.2,0.0,3,Cloudy,False,,False,False
2025-02-23,Chicken Pastry,180,88,82,6,Sunday,2,Northeast Monsoon,True,24.2,0.0,3,Cloudy,False,,False,False
2025-02-23,Chicken Samosa,90,71,64,7,Sunday,2,Northeast Monsoon,True,24.2,0.0,3,Cloudy,False,,False,False
2025-02-23,Cream Bun,120,55,53,2,Sunday,2,Northeast Monsoon,True,24.2,0.0,3,Cloudy,False,,False,False
2025-02-23,Egg Roll,100,68,62,6,Sunday,2,Northeast Monsoon,True,24.2,0.0,3,Cloudy,False,,False,False
2025-02-23,Fish Bun,120,91,86,5,Sunday,2,Northeast Monsoon,True,24.2,0.0,3,Cloudy,False,,False,False
2025-02-23,Fish Patty,110,65,58,7,Sunday,2,Northeast Monsoon,True,24.2,0.0,3,Cloudy,False,,False,False
2025-02-23,Mini Pizza,220,54,49,5,Sunday,2,Northeast Monsoon,True,24.2,0.0,3,Cloudy,False,,False,False
2025-02-23,Sausage Bun,140,69,65,4,Sunday,2,Northeast Monsoon,True,24.2,0.0,3,Cloudy,False,,False,False
2025-02-23,Vegetable Roti,100,67,59,8,Sunday,2,Northeast Monsoon,True,24.2,0.0,3,Cloudy,False,,False,False
2025-02-24,Chicken Bun,130,72,65,7,Monday,2,Northeast Monsoon,False,24.9,0.1,51,Drizzle,False,,False,False
2025-02-24,Chicken Pastry,180,92,82,10,Monday,2,Northeast Monsoon,False,24.9,0.1,51,Drizzle,False,,False,False
2025-02-24,Chicken Samosa,90,76,69,7,Monday,2,Northeast Monsoon,False,24.9,0.1,51,Drizzle,False,,False,False
2025-02-24,Cream Bun,120,46,44,2,Monday,2,Northeast Monsoon,False,24.9,0.1,51,Drizzle,False,,False,False
2025-02-24,Egg Roll,100,64,58,6,Monday,2,Northeast Monsoon,False,24.9,0.1,51,Drizzle,False,,False,False
2025-02-24,Fish Bun,120,75,68,7,Monday,2,Northeast Monsoon,False,24.9,0.1,51,Drizzle,False,,False,False
2025-02-24,Fish Patty,110,60,56,4,Monday,2,Northeast Monsoon,False,24.9,0.1,51,Drizzle,False,,False,False
2025-02-24,Mini Pizza,220,49,46,3,Monday,2,Northeast Monsoon,False,24.9,0.1,51,Drizzle,False,,False,False
2025-02-24,Sausage Bun,140,63,59,4,Monday,2,Northeast Monsoon,False,24.9,0.1,51,Drizzle,False,,False,False
2025-02-24,Vegetable Roti,100,55,54,1,Monday,2,Northeast Monsoon,False,24.9,0.1,51,Drizzle,False,,False,False
2025-02-25,Chicken Bun,130,66,61,5,Tuesday,2,Northeast Monsoon,False,25.0,0.5,51,Drizzle,False,,True,False
2025-02-25,Chicken Pastry,180,92,86,6,Tuesday,2,Northeast Monsoon,False,25.0,0.5,51,Drizzle,False,,True,False
2025-02-25,Chicken Samosa,90,73,68,5,Tuesday,2,Northeast Monsoon,False,25.0,0.5,51,Drizzle,False,,True,False
2025-02-25,Cream Bun,120,46,43,3,Tuesday,2,Northeast Monsoon,False,25.0,0.5,51,Drizzle,False,,True,False
2025-02-25,Egg Roll,100,63,57,6,Tuesday,2,Northeast Monsoon,False,25.0,0.5,51,Drizzle,False,,True,False
2025-02-25,Fish Bun,120,79,70,9,Tuesday,2,Northeast Monsoon,False,25.0,0.5,51,Drizzle,False,,True,False
2025-02-25,Fish Patty,110,65,58,7,Tuesday,2,Northeast Monsoon,False,25.0,0.5,51,Drizzle,False,,True,False
2025-02-25,Mini Pizza,220,46,44,2,Tuesday,2,Northeast Monsoon,False,25.0,0.5,51,Drizzle,False,,True,False
2025-02-25,Sausage Bun,140,63,57,6,Tuesday,2,Northeast Monsoon,False,25.0,0.5,51,Drizzle,False,,True,False
2025-02-25,Vegetable Roti,100,59,54,5,Tuesday,2,Northeast Monsoon,False,25.0,0.5,51,Drizzle,False,,True,False
2025-02-26,Chicken Bun,130,74,70,4,Wednesday,2,Northeast Monsoon,False,24.8,2.3,53,Drizzle,True,Maha Sivarathri Day,False,False
2025-02-26,Chicken Pastry,180,94,83,11,Wednesday,2,Northeast Monsoon,False,24.8,2.3,53,Drizzle,True,Maha Sivarathri Day,False,False
2025-02-26,Chicken Samosa,90,68,62,6,Wednesday,2,Northeast Monsoon,False,24.8,2.3,53,Drizzle,True,Maha Sivarathri Day,False,False
2025-02-26,Cream Bun,120,49,45,4,Wednesday,2,Northeast Monsoon,False,24.8,2.3,53,Drizzle,True,Maha Sivarathri Day,False,False
2025-02-26,Egg Roll,100,70,63,7,Wednesday,2,Northeast Monsoon,False,24.8,2.3,53,Drizzle,True,Maha Sivarathri Day,False,False
2025-02-26,Fish Bun,120,89,82,7,Wednesday,2,Northeast Monsoon,False,24.8,2.3,53,Drizzle,True,Maha Sivarathri Day,False,False
2025-02-26,Fish Patty,110,56,49,7,Wednesday,2,Northeast Monsoon,False,24.8,2.3,53,Drizzle,True,Maha Sivarathri Day,False,False
2025-02-26,Mini Pizza,220,49,46,3,Wednesday,2,Northeast Monsoon,False,24.8,2.3,53,Drizzle,True,Maha Sivarathri Day,False,False
2025-02-26,Sausage Bun,140,63,58,5,Wednesday,2,Northeast Monsoon,False,24.8,2.3,53,Drizzle,True,Maha Sivarathri Day,False,False
2025-02-26,Vegetable Roti,100,69,62,7,Wednesday,2,Northeast Monsoon,False,24.8,2.3,53,Drizzle,True,Maha Sivarathri Day,False,False
2025-02-27,Chicken Bun,130,62,58,4,Thursday,2,Northeast Monsoon,False,23.9,3.3,61,Rain,False,,False,True
2025-02-27,Chicken Pastry,180,79,73,6,Thursday,2,Northeast Monsoon,False,23.9,3.3,61,Rain,False,,False,True
2025-02-27,Chicken Samosa,90,59,55,4,Thursday,2,Northeast Monsoon,False,23.9,3.3,61,Rain,False,,False,True
2025-02-27,Cream Bun,120,46,41,5,Thursday,2,Northeast Monsoon,False,23.9,3.3,61,Rain,False,,False,True
2025-02-27,Egg Roll,100,62,56,6,Thursday,2,Northeast Monsoon,False,23.9,3.3,61,Rain,False,,False,True
2025-02-27,Fish Bun,120,63,59,4,Thursday,2,Northeast Monsoon,False,23.9,3.3,61,Rain,False,,False,True
2025-02-27,Fish Patty,110,53,48,5,Thursday,2,Northeast Monsoon,False,23.9,3.3,61,Rain,False,,False,True
2025-02-27,Mini Pizza,220,40,35,5,Thursday,2,Northeast Monsoon,False,23.9,3.3,61,Rain,False,,False,True
2025-02-27,Sausage Bun,140,53,52,1,Thursday,2,Northeast Monsoon,False,23.9,3.3,61,Rain,False,,False,True
2025-02-27,Vegetable Roti,100,50,48,2,Thursday,2,Northeast Monsoon,False,23.9,3.3,61,Rain,False,,False,True
2025-02-28,Chicken Bun,130,70,61,9,Friday,2,Northeast Monsoon,False,23.7,1.7,51,Drizzle,False,,False,False
2025-02-28,Chicken Pastry,180,87,80,7,Friday,2,Northeast Monsoon,False,23.7,1.7,51,Drizzle,False,,False,False
2025-02-28,Chicken Samosa,90,78,70,8,Friday,2,Northeast Monsoon,False,23.7,1.7,51,Drizzle,False,,False,False
2025-02-28,Cream Bun,120,50,45,5,Friday,2,Northeast Monsoon,False,23.7,1.7,51,Drizzle,False,,False,False
2025-02-28,Egg Roll,100,63,56,7,Friday,2,Northeast Monsoon,False,23.7,1.7,51,Drizzle,False,,False,False
2025-02-28,Fish Bun,120,77,69,8,Friday,2,Northeast Monsoon,False,23.7,1.7,51,Drizzle,False,,False,False
2025-02-28,Fish Patty,110,49,48,1,Friday,2,Northeast Monsoon,False,23.7,1.7,51,Drizzle,False,,False,False
2025-02-28,Mini Pizza,220,48,42,6,Friday,2,Northeast Monsoon,False,23.7,1.7,51,Drizzle,False,,False,False
2025-02-28,Sausage Bun,140,57,53,4,Friday,2,Northeast Monsoon,False,23.7,1.7,51,Drizzle,False,,False,False
2025-02-28,Vegetable Roti,100,56,52,4,Friday,2,Northeast Monsoon,False,23.7,1.7,51,Drizzle,False,,False,False
2025-03-01,Chicken Bun,130,49,46,3,Saturday,3,First Inter-monsoon,True,24.0,12.2,65,Rain,False,,False,False
2025-03-01,Chicken Pastry,180,77,71,6,Saturday,3,First Inter-monsoon,True,24.0,12.2,65,Rain,False,,False,False
2025-03-01,Chicken Samosa,90,65,59,6,Saturday,3,First Inter-monsoon,True,24.0,12.2,65,Rain,False,,False,False
2025-03-01,Cream Bun,120,41,39,2,Saturday,3,First Inter-monsoon,True,24.0,12.2,65,Rain,False,,False,False
2025-03-01,Egg Roll,100,45,42,3,Saturday,3,First Inter-monsoon,True,24.0,12.2,65,Rain,False,,False,False
2025-03-01,Fish Bun,120,58,56,2,Saturday,3,First Inter-monsoon,True,24.0,12.2,65,Rain,False,,False,False
2025-03-01,Fish Patty,110,45,42,3,Saturday,3,First Inter-monsoon,True,24.0,12.2,65,Rain,False,,False,False
2025-03-01,Mini Pizza,220,35,32,3,Saturday,3,First Inter-monsoon,True,24.0,12.2,65,Rain,False,,False,False
2025-03-01,Sausage Bun,140,50,49,1,Saturday,3,First Inter-monsoon,True,24.0,12.2,65,Rain,False,,False,False
2025-03-01,Vegetable Roti,100,46,45,1,Saturday,3,First Inter-monsoon,True,24.0,12.2,65,Rain,False,,False,False
2025-03-02,Chicken Bun,130,75,68,7,Sunday,3,First Inter-monsoon,True,23.8,2.4,53,Drizzle,False,,False,False
2025-03-02,Chicken Pastry,180,91,87,4,Sunday,3,First Inter-monsoon,True,23.8,2.4,53,Drizzle,False,,False,False
2025-03-02,Chicken Samosa,90,82,75,7,Sunday,3,First Inter-monsoon,True,23.8,2.4,53,Drizzle,False,,False,False
2025-03-02,Cream Bun,120,54,50,4,Sunday,3,First Inter-monsoon,True,23.8,2.4,53,Drizzle,False,,False,False
2025-03-02,Egg Roll,100,72,67,5,Sunday,3,First Inter-monsoon,True,23.8,2.4,53,Drizzle,False,,False,False
2025-03-02,Fish Bun,120,80,75,5,Sunday,3,First Inter-monsoon,True,23.8,2.4,53,Drizzle,False,,False,False
2025-03-02,Fish Patty,110,59,54,5,Sunday,3,First Inter-monsoon,True,23.8,2.4,53,Drizzle,False,,False,False
2025-03-02,Mini Pizza,220,53,46,7,Sunday,3,First Inter-monsoon,True,23.8,2.4,53,Drizzle,False,,False,False
2025-03-02,Sausage Bun,140,64,60,4,Sunday,3,First Inter-monsoon,True,23.8,2.4,53,Drizzle,False,,False,False
2025-03-02,Vegetable Roti,100,65,56,9,Sunday,3,First Inter-monsoon,True,23.8,2.4,53,Drizzle,False,,False,False
2025-03-03,Chicken Bun,130,69,63,6,Monday,3,First Inter-monsoon,False,24.2,0.7,51,Drizzle,False,,False,False
2025-03-03,Chicken Pastry,180,96,91,5,Monday,3,First Inter-monsoon,False,24.2,0.7,51,Drizzle,False,,False,False
2025-03-03,Chicken Samosa,90,68,64,4,Monday,3,First Inter-monsoon,False,24.2,0.7,51,Drizzle,False,,False,False
2025-03-03,Cream Bun,120,50,45,5,Monday,3,First Inter-monsoon,False,24.2,0.7,51,Drizzle,False,,False,False
2025-03-03,Egg Roll,100,68,65,3,Monday,3,First Inter-monsoon,False,24.2,0.7,51,Drizzle,False,,False,False
2025-03-03,Fish Bun,120,77,69,8,Monday,3,First Inter-monsoon,False,24.2,0.7,51,Drizzle,False,,False,False
2025-03-03,Fish Patty,110,61,53,8,Monday,3,First Inter-monsoon,False,24.2,0.7,51,Drizzle,False,,False,False
2025-03-03,Mini Pizza,220,46,41,5,Monday,3,First Inter-monsoon,False,24.2,0.7,51,Drizzle,False,,False,False
2025-03-03,Sausage Bun,140,66,63,3,Monday,3,First Inter-monsoon,False,24.2,0.7,51,Drizzle,False,,False,False
2025-03-03,Vegetable Roti,100,61,53,8,Monday,3,First Inter-monsoon,False,24.2,0.7,51,Drizzle,False,,False,False
2025-03-04,Chicken Bun,130,64,58,6,Tuesday,3,First Inter-monsoon,False,24.0,0.0,3,Cloudy,False,,False,False
2025-03-04,Chicken Pastry,180,106,95,11,Tuesday,3,First Inter-monsoon,False,24.0,0.0,3,Cloudy,False,,False,False
2025-03-04,Chicken Samosa,90,84,74,10,Tuesday,3,First Inter-monsoon,False,24.0,0.0,3,Cloudy,False,,False,False
2025-03-04,Cream Bun,120,43,41,2,Tuesday,3,First Inter-monsoon,False,24.0,0.0,3,Cloudy,False,,False,False
2025-03-04,Egg Roll,100,57,54,3,Tuesday,3,First Inter-monsoon,False,24.0,0.0,3,Cloudy,False,,False,False
2025-03-04,Fish Bun,120,75,69,6,Tuesday,3,First Inter-monsoon,False,24.0,0.0,3,Cloudy,False,,False,False
2025-03-04,Fish Patty,110,52,49,3,Tuesday,3,First Inter-monsoon,False,24.0,0.0,3,Cloudy,False,,False,False
2025-03-04,Mini Pizza,220,41,38,3,Tuesday,3,First Inter-monsoon,False,24.0,0.0,3,Cloudy,False,,False,False
2025-03-04,Sausage Bun,140,55,50,5,Tuesday,3,First Inter-monsoon,False,24.0,0.0,3,Cloudy,False,,False,False
2025-03-04,Vegetable Roti,100,61,56,5,Tuesday,3,First Inter-monsoon,False,24.0,0.0,3,Cloudy,False,,False,False
2025-03-05,Chicken Bun,130,63,60,3,Wednesday,3,First Inter-monsoon,False,23.9,0.0,3,Cloudy,False,,False,False
2025-03-05,Chicken Pastry,180,83,76,7,Wednesday,3,First Inter-monsoon,False,23.9,0.0,3,Cloudy,False,,False,False
2025-03-05,Chicken Samosa,90,71,66,5,Wednesday,3,First Inter-monsoon,False,23.9,0.0,3,Cloudy,False,,False,False
2025-03-05,Cream Bun,120,51,48,3,Wednesday,3,First Inter-monsoon,False,23.9,0.0,3,Cloudy,False,,False,False
2025-03-05,Egg Roll,100,66,59,7,Wednesday,3,First Inter-monsoon,False,23.9,0.0,3,Cloudy,False,,False,False
2025-03-05,Fish Bun,120,69,66,3,Wednesday,3,First Inter-monsoon,False,23.9,0.0,3,Cloudy,False,,False,False
2025-03-05,Fish Patty,110,56,56,0,Wednesday,3,First Inter-monsoon,False,23.9,0.0,3,Cloudy,False,,False,False
2025-03-05,Mini Pizza,220,48,44,4,Wednesday,3,First Inter-monsoon,False,23.9,0.0,3,Cloudy,False,,False,False
2025-03-05,Sausage Bun,140,62,58,4,Wednesday,3,First Inter-monsoon,False,23.9,0.0,3,Cloudy,False,,False,False
2025-03-05,Vegetable Roti,100,61,58,3,Wednesday,3,First Inter-monsoon,False,23.9,0.0,3,Cloudy,False,,False,False
2025-03-06,Chicken Bun,130,79,74,5,Thursday,3,First Inter-monsoon,False,23.6,0.0,3,Cloudy,False,,False,False
2025-03-06,Chicken Pastry,180,101,91,10,Thursday,3,First Inter-monsoon,False,23.6,0.0,3,Cloudy,False,,False,False
2025-03-06,Chicken Samosa,90,71,66,5,Thursday,3,First Inter-monsoon,False,23.6,0.0,3,Cloudy,False,,False,False
2025-03-06,Cream Bun,120,49,46,3,Thursday,3,First Inter-monsoon,False,23.6,0.0,3,Cloudy,False,,False,False
2025-03-06,Egg Roll,100,68,65,3,Thursday,3,First Inter-monsoon,False,23.6,0.0,3,Cloudy,False,,False,False
2025-03-06,Fish Bun,120,74,69,5,Thursday,3,First Inter-monsoon,False,23.6,0.0,3,Cloudy,False,,False,False
2025-03-06,Fish Patty,110,54,52,2,Thursday,3,First Inter-monsoon,False,23.6,0.0,3,Cloudy,False,,False,False
2025-03-06,Mini Pizza,220,44,44,0,Thursday,3,First Inter-monsoon,False,23.6,0.0,3,Cloudy,False,,False,False
2025-03-06,Sausage Bun,140,63,59,4,Thursday,3,First Inter-monsoon,False,23.6,0.0,3,Cloudy,False,,False,False
2025-03-06,Vegetable Roti,100,65,63,2,Thursday,3,First Inter-monsoon,False,23.6,0.0,3,Cloudy,False,,False,False
2025-03-07,Chicken Bun,130,72,64,8,Friday,3,First Inter-monsoon,False,24.3,0.0,3,Cloudy,False,,False,False
2025-03-07,Chicken Pastry,180,107,95,12,Friday,3,First Inter-monsoon,False,24.3,0.0,3,Cloudy,False,,False,False
2025-03-07,Chicken Samosa,90,71,67,4,Friday,3,First Inter-monsoon,False,24.3,0.0,3,Cloudy,False,,False,False
2025-03-07,Cream Bun,120,50,45,5,Friday,3,First Inter-monsoon,False,24.3,0.0,3,Cloudy,False,,False,False
2025-03-07,Egg Roll,100,60,54,6,Friday,3,First Inter-monsoon,False,24.3,0.0,3,Cloudy,False,,False,False
2025-03-07,Fish Bun,120,78,70,8,Friday,3,First Inter-monsoon,False,24.3,0.0,3,Cloudy,False,,False,False
2025-03-07,Fish Patty,110,59,52,7,Friday,3,First Inter-monsoon,False,24.3,0.0,3,Cloudy,False,,False,False
2025-03-07,Mini Pizza,220,50,45,5,Friday,3,First Inter-monsoon,False,24.3,0.0,3,Cloudy,False,,False,False
2025-03-07,Sausage Bun,140,60,55,5,Friday,3,First Inter-monsoon,False,24.3,0.0,3,Cloudy,False,,False,False
2025-03-07,Vegetable Roti,100,55,53,2,Friday,3,First Inter-monsoon,False,24.3,0.0,3,Cloudy,False,,False,False
2025-03-08,Chicken Bun,130,78,69,9,Saturday,3,First Inter-monsoon,True,23.8,0.0,3,Cloudy,False,,False,False
2025-03-08,Chicken Pastry,180,120,105,15,Saturday,3,First Inter-monsoon,True,23.8,0.0,3,Cloudy,False,,False,False
2025-03-08,Chicken Samosa,90,83,75,8,Saturday,3,First Inter-monsoon,True,23.8,0.0,3,Cloudy,False,,False,False
2025-03-08,Cream Bun,120,57,55,2,Saturday,3,First Inter-monsoon,True,23.8,0.0,3,Cloudy,False,,False,False
2025-03-08,Egg Roll,100,72,67,5,Saturday,3,First Inter-monsoon,True,23.8,0.0,3,Cloudy,False,,False,False
2025-03-08,Fish Bun,120,76,75,1,Saturday,3,First Inter-monsoon,True,23.8,0.0,3,Cloudy,False,,False,False
2025-03-08,Fish Patty,110,60,56,4,Saturday,3,First Inter-monsoon,True,23.8,0.0,3,Cloudy,False,,False,False
2025-03-08,Mini Pizza,220,49,48,1,Saturday,3,First Inter-monsoon,True,23.8,0.0,3,Cloudy,False,,False,False
2025-03-08,Sausage Bun,140,63,58,5,Saturday,3,First Inter-monsoon,True,23.8,0.0,3,Cloudy,False,,False,False
2025-03-08,Vegetable Roti,100,65,59,6,Saturday,3,First Inter-monsoon,True,23.8,0.0,3,Cloudy,False,,False,False
2025-03-09,Chicken Bun,130,80,74,6,Sunday,3,First Inter-monsoon,True,23.7,0.0,3,Cloudy,False,,False,False
2025-03-09,Chicken Pastry,180,105,96,9,Sunday,3,First Inter-monsoon,True,23.7,0.0,3,Cloudy,False,,False,False
2025-03-09,Chicken Samosa,90,70,64,6,Sunday,3,First Inter-monsoon,True,23.7,0.0,3,Cloudy,False,,False,False
2025-03-09,Cream Bun,120,68,61,7,Sunday,3,First Inter-monsoon,True,23.7,0.0,3,Cloudy,False,,False,False
2025-03-09,Egg Roll,100,67,67,0,Sunday,3,First Inter-monsoon,True,23.7,0.0,3,Cloudy,False,,False,False
2025-03-09,Fish Bun,120,88,80,8,Sunday,3,First Inter-monsoon,True,23.7,0.0,3,Cloudy,False,,False,False
2025-03-09,Fish Patty,110,61,56,5,Sunday,3,First Inter-monsoon,True,23.7,0.0,3,Cloudy,False,,False,False
2025-03-09,Mini Pizza,220,45,42,3,Sunday,3,First Inter-monsoon,True,23.7,0.0,3,Cloudy,False,,False,False
2025-03-09,Sausage Bun,140,69,64,5,Sunday,3,First Inter-monsoon,True,23.7,0.0,3,Cloudy,False,,False,False
2025-03-09,Vegetable Roti,100,64,58,6,Sunday,3,First Inter-monsoon,True,23.7,0.0,3,Cloudy,False,,False,False
2025-03-10,Chicken Bun,130,62,58,4,Monday,3,First Inter-monsoon,False,24.2,0.4,51,Drizzle,False,,False,False
2025-03-10,Chicken Pastry,180,97,88,9,Monday,3,First Inter-monsoon,False,24.2,0.4,51,Drizzle,False,,False,False
2025-03-10,Chicken Samosa,90,73,71,2,Monday,3,First Inter-monsoon,False,24.2,0.4,51,Drizzle,False,,False,False
2025-03-10,Cream Bun,120,50,47,3,Monday,3,First Inter-monsoon,False,24.2,0.4,51,Drizzle,False,,False,False
2025-03-10,Egg Roll,100,75,69,6,Monday,3,First Inter-monsoon,False,24.2,0.4,51,Drizzle,False,,False,False
2025-03-10,Fish Bun,120,84,78,6,Monday,3,First Inter-monsoon,False,24.2,0.4,51,Drizzle,False,,False,False
2025-03-10,Fish Patty,110,56,51,5,Monday,3,First Inter-monsoon,False,24.2,0.4,51,Drizzle,False,,False,False
2025-03-10,Mini Pizza,220,50,47,3,Monday,3,First Inter-monsoon,False,24.2,0.4,51,Drizzle,False,,False,False
2025-03-10,Sausage Bun,140,67,61,6,Monday,3,First Inter-monsoon,False,24.2,0.4,51,Drizzle,False,,False,False
2025-03-10,Vegetable Roti,100,52,49,3,Monday,3,First Inter-monsoon,False,24.2,0.4,51,Drizzle,False,,False,False
2025-03-11,Chicken Bun,130,43,41,2,Tuesday,3,First Inter-monsoon,False,23.3,30.2,65,Rain,False,,False,False
2025-03-11,Chicken Pastry,180,59,57,2,Tuesday,3,First Inter-monsoon,False,23.3,30.2,65,Rain,False,,False,False
2025-03-11,Chicken Samosa,90,56,52,4,Tuesday,3,First Inter-monsoon,False,23.3,30.2,65,Rain,False,,False,False
2025-03-11,Cream Bun,120,41,38,3,Tuesday,3,First Inter-monsoon,False,23.3,30.2,65,Rain,False,,False,False
2025-03-11,Egg Roll,100,44,41,3,Tuesday,3,First Inter-monsoon,False,23.3,30.2,65,Rain,False,,False,False
2025-03-11,Fish Bun,120,58,52,6,Tuesday,3,First Inter-monsoon,False,23.3,30.2,65,Rain,False,,False,False
2025-03-11,Fish Patty,110,39,37,2,Tuesday,3,First Inter-monsoon,False,23.3,30.2,65,Rain,False,,False,False
2025-03-11,Mini Pizza,220,34,30,4,Tuesday,3,First Inter-monsoon,False,23.3,30.2,65,Rain,False,,False,False
2025-03-11,Sausage Bun,140,45,40,5,Tuesday,3,First Inter-monsoon,False,23.3,30.2,65,Rain,False,,False,False
2025-03-11,Vegetable Roti,100,43,39,4,Tuesday,3,First Inter-monsoon,False,23.3,30.2,65,Rain,False,,False,False
2025-03-12,Chicken Bun,130,67,62,5,Wednesday,3,First Inter-monsoon,False,24.4,2.6,53,Drizzle,False,,True,False
2025-03-12,Chicken Pastry,180,82,71,11,Wednesday,3,First Inter-monsoon,False,24.4,2.6,53,Drizzle,False,,True,False
2025-03-12,Chicken Samosa,90,66,60,6,Wednesday,3,First Inter-monsoon,False,24.4,2.6,53,Drizzle,False,,True,False
2025-03-12,Cream Bun,120,46,43,3,Wednesday,3,First Inter-monsoon,False,24.4,2.6,53,Drizzle,False,,True,False
2025-03-12,Egg Roll,100,65,59,6,Wednesday,3,First Inter-monsoon,False,24.4,2.6,53,Drizzle,False,,True,False
2025-03-12,Fish Bun,120,75,70,5,Wednesday,3,First Inter-monsoon,False,24.4,2.6,53,Drizzle,False,,True,False
2025-03-12,Fish Patty,110,53,51,2,Wednesday,3,First Inter-monsoon,False,24.4,2.6,53,Drizzle,False,,True,False
2025-03-12,Mini Pizza,220,44,39,5,Wednesday,3,First Inter-monsoon,False,24.4,2.6,53,Drizzle,False,,True,False
2025-03-12,Sausage Bun,140,56,53,3,Wednesday,3,First Inter-monsoon,False,24.4,2.6,53,Drizzle,False,,True,False
2025-03-12,Vegetable Roti,100,61,58,3,Wednesday,3,First Inter-monsoon,False,24.4,2.6,53,Drizzle,False,,True,False
2025-03-13,Chicken Bun,130,62,57,5,Thursday,3,First Inter-monsoon,False,24.7,2.1,53,Drizzle,True,Medin Full Moon Poya Day,False,False
2025-03-13,Chicken Pastry,180,103,95,8,Thursday,3,First Inter-monsoon,False,24.7,2.1,53,Drizzle,True,Medin Full Moon Poya Day,False,False
2025-03-13,Chicken Samosa,90,72,68,4,Thursday,3,First Inter-monsoon,False,24.7,2.1,53,Drizzle,True,Medin Full Moon Poya Day,False,False
2025-03-13,Cream Bun,120,61,58,3,Thursday,3,First Inter-monsoon,False,24.7,2.1,53,Drizzle,True,Medin Full Moon Poya Day,False,False
2025-03-13,Egg Roll,100,57,57,0,Thursday,3,First Inter-monsoon,False,24.7,2.1,53,Drizzle,True,Medin Full Moon Poya Day,False,False
2025-03-13,Fish Bun,120,69,67,2,Thursday,3,First Inter-monsoon,False,24.7,2.1,53,Drizzle,True,Medin Full Moon Poya Day,False,False
2025-03-13,Fish Patty,110,55,55,0,Thursday,3,First Inter-monsoon,False,24.7,2.1,53,Drizzle,True,Medin Full Moon Poya Day,False,False
2025-03-13,Mini Pizza,220,51,45,6,Thursday,3,First Inter-monsoon,False,24.7,2.1,53,Drizzle,True,Medin Full Moon Poya Day,False,False
2025-03-13,Sausage Bun,140,68,64,4,Thursday,3,First Inter-monsoon,False,24.7,2.1,53,Drizzle,True,Medin Full Moon Poya Day,False,False
2025-03-13,Vegetable Roti,100,69,63,6,Thursday,3,First Inter-monsoon,False,24.7,2.1,53,Drizzle,True,Medin Full Moon Poya Day,False,False
2025-03-14,Chicken Bun,130,67,60,7,Friday,3,First Inter-monsoon,False,25.2,0.5,51,Drizzle,False,,False,True
2025-03-14,Chicken Pastry,180,103,95,8,Friday,3,First Inter-monsoon,False,25.2,0.5,51,Drizzle,False,,False,True
2025-03-14,Chicken Samosa,90,72,66,6,Friday,3,First Inter-monsoon,False,25.2,0.5,51,Drizzle,False,,False,True
2025-03-14,Cream Bun,120,47,46,1,Friday,3,First Inter-monsoon,False,25.2,0.5,51,Drizzle,False,,False,True
2025-03-14,Egg Roll,100,70,64,6,Friday,3,First Inter-monsoon,False,25.2,0.5,51,Drizzle,False,,False,True
2025-03-14,Fish Bun,120,80,76,4,Friday,3,First Inter-monsoon,False,25.2,0.5,51,Drizzle,False,,False,True
2025-03-14,Fish Patty,110,54,50,4,Friday,3,First Inter-monsoon,False,25.2,0.5,51,Drizzle,False,,False,True
2025-03-14,Mini Pizza,220,46,44,2,Friday,3,First Inter-monsoon,False,25.2,0.5,51,Drizzle,False,,False,True
2025-03-14,Sausage Bun,140,51,50,1,Friday,3,First Inter-monsoon,False,25.2,0.5,51,Drizzle,False,,False,True
2025-03-14,Vegetable Roti,100,61,56,5,Friday,3,First Inter-monsoon,False,25.2,0.5,51,Drizzle,False,,False,True
2025-03-15,Chicken Bun,130,65,57,8,Saturday,3,First Inter-monsoon,True,24.4,2.7,61,Rain,False,,False,False
2025-03-15,Chicken Pastry,180,97,89,8,Saturday,3,First Inter-monsoon,True,24.4,2.7,61,Rain,False,,False,False
2025-03-15,Chicken Samosa,90,76,71,5,Saturday,3,First Inter-monsoon,True,24.4,2.7,61,Rain,False,,False,False
2025-03-15,Cream Bun,120,57,52,5,Saturday,3,First Inter-monsoon,True,24.4,2.7,61,Rain,False,,False,False
2025-03-15,Egg Roll,100,64,58,6,Saturday,3,First Inter-monsoon,True,24.4,2.7,61,Rain,False,,False,False
2025-03-15,Fish Bun,120,75,75,0,Saturday,3,First Inter-monsoon,True,24.4,2.7,61,Rain,False,,False,False
2025-03-15,Fish Patty,110,51,48,3,Saturday,3,First Inter-monsoon,True,24.4,2.7,61,Rain,False,,False,False
2025-03-15,Mini Pizza,220,54,48,6,Saturday,3,First Inter-monsoon,True,24.4,2.7,61,Rain,False,,False,False
2025-03-15,Sausage Bun,140,68,60,8,Saturday,3,First Inter-monsoon,True,24.4,2.7,61,Rain,False,,False,False
2025-03-15,Vegetable Roti,100,72,63,9,Saturday,3,First Inter-monsoon,True,24.4,2.7,61,Rain,False,,False,False
2025-03-16,Chicken Bun,130,61,53,8,Sunday,3,First Inter-monsoon,True,22.5,7.7,61,Rain,False,,False,False
2025-03-16,Chicken Pastry,180,85,77,8,Sunday,3,First Inter-monsoon,True,22.5,7.7,61,Rain,False,,False,False
2025-03-16,Chicken Samosa,90,65,63,2,Sunday,3,First Inter-monsoon,True,22.5,7.7,61,Rain,False,,False,False
2025-03-16,Cream Bun,120,45,41,4,Sunday,3,First Inter-monsoon,True,22.5,7.7,61,Rain,False,,False,False
2025-03-16,Egg Roll,100,65,57,8,Sunday,3,First Inter-monsoon,True,22.5,7.7,61,Rain,False,,False,False
2025-03-16,Fish Bun,120,70,66,4,Sunday,3,First Inter-monsoon,True,22.5,7.7,61,Rain,False,,False,False
2025-03-16,Fish Patty,110,54,49,5,Sunday,3,First Inter-monsoon,True,22.5,7.7,61,Rain,False,,False,False
2025-03-16,Mini Pizza,220,39,38,1,Sunday,3,First Inter-monsoon,True,22.5,7.7,61,Rain,False,,False,False
2025-03-16,Sausage Bun,140,60,56,4,Sunday,3,First Inter-monsoon,True,22.5,7.7,61,Rain,False,,False,False
2025-03-16,Vegetable Roti,100,51,48,3,Sunday,3,First Inter-monsoon,True,22.5,7.7,61,Rain,False,,False,False
2025-03-17,Chicken Bun,130,58,54,4,Monday,3,First Inter-monsoon,False,23.4,1.1,53,Drizzle,False,,False,False
2025-03-17,Chicken Pastry,180,99,90,9,Monday,3,First Inter-monsoon,False,23.4,1.1,53,Drizzle,False,,False,False
2025-03-17,Chicken Samosa,90,63,57,6,Monday,3,First Inter-monsoon,False,23.4,1.1,53,Drizzle,False,,False,False
2025-03-17,Cream Bun,120,47,42,5,Monday,3,First Inter-monsoon,False,23.4,1.1,53,Drizzle,False,,False,False
2025-03-17,Egg Roll,100,63,61,2,Monday,3,First Inter-monsoon,False,23.4,1.1,53,Drizzle,False,,False,False
2025-03-17,Fish Bun,120,74,69,5,Monday,3,First Inter-monsoon,False,23.4,1.1,53,Drizzle,False,,False,False
2025-03-17,Fish Patty,110,50,45,5,Monday,3,First Inter-monsoon,False,23.4,1.1,53,Drizzle,False,,False,False
2025-03-17,Mini Pizza,220,45,42,3,Monday,3,First Inter-monsoon,False,23.4,1.1,53,Drizzle,False,,False,False
2025-03-17,Sausage Bun,140,53,52,1,Monday,3,First Inter-monsoon,False,23.4,1.1,53,Drizzle,False,,False,False
2025-03-17,Vegetable Roti,100,61,55,6,Monday,3,First Inter-monsoon,False,23.4,1.1,53,Drizzle,False,,False,False
2025-03-18,Chicken Bun,130,75,68,7,Tuesday,3,First Inter-monsoon,False,24.9,0.6,51,Drizzle,False,,False,False
2025-03-18,Chicken Pastry,180,76,73,3,Tuesday,3,First Inter-monsoon,False,24.9,0.6,51,Drizzle,False,,False,False
2025-03-18,Chicken Samosa,90,64,62,2,Tuesday,3,First Inter-monsoon,False,24.9,0.6,51,Drizzle,False,,False,False
2025-03-18,Cream Bun,120,45,42,3,Tuesday,3,First Inter-monsoon,False,24.9,0.6,51,Drizzle,False,,False,False
2025-03-18,Egg Roll,100,72,64,8,Tuesday,3,First Inter-monsoon,False,24.9,0.6,51,Drizzle,False,,False,False
2025-03-18,Fish Bun,120,74,67,7,Tuesday,3,First Inter-monsoon,False,24.9,0.6,51,Drizzle,False,,False,False
2025-03-18,Fish Patty,110,61,54,7,Tuesday,3,First Inter-monsoon,False,24.9,0.6,51,Drizzle,False,,False,False
2025-03-18,Mini Pizza,220,43,39,4,Tuesday,3,First Inter-monsoon,False,24.9,0.6,51,Drizzle,False,,False,False
2025-03-18,Sausage Bun,140,67,65,2,Tuesday,3,First Inter-monsoon,False,24.9,0.6,51,Drizzle,False,,False,False
2025-03-18,Vegetable Roti,100,54,54,0,Tuesday,3,First Inter-monsoon,False,24.9,0.6,51,Drizzle,False,,False,False
2025-03-19,Chicken Bun,130,69,61,8,Wednesday,3,First Inter-monsoon,False,24.1,4.6,61,Rain,False,,False,False
2025-03-19,Chicken Pastry,180,90,82,8,Wednesday,3,First Inter-monsoon,False,24.1,4.6,61,Rain,False,,False,False
2025-03-19,Chicken Samosa,90,62,59,3,Wednesday,3,First Inter-monsoon,False,24.1,4.6,61,Rain,False,,False,False
2025-03-19,Cream Bun,120,36,33,3,Wednesday,3,First Inter-monsoon,False,24.1,4.6,61,Rain,False,,False,False
2025-03-19,Egg Roll,100,66,61,5,Wednesday,3,First Inter-monsoon,False,24.1,4.6,61,Rain,False,,False,False
2025-03-19,Fish Bun,120,66,63,3,Wednesday,3,First Inter-monsoon,False,24.1,4.6,61,Rain,False,,False,False
2025-03-19,Fish Patty,110,49,46,3,Wednesday,3,First Inter-monsoon,False,24.1,4.6,61,Rain,False,,False,False
2025-03-19,Mini Pizza,220,33,32,1,Wednesday,3,First Inter-monsoon,False,24.1,4.6,61,Rain,False,,False,False
2025-03-19,Sausage Bun,140,52,50,2,Wednesday,3,First Inter-monsoon,False,24.1,4.6,61,Rain,False,,False,False
2025-03-19,Vegetable Roti,100,62,56,6,Wednesday,3,First Inter-monsoon,False,24.1,4.6,61,Rain,False,,False,False
2025-03-20,Chicken Bun,130,63,57,6,Thursday,3,First Inter-monsoon,False,24.6,2.8,61,Rain,False,,False,False
2025-03-20,Chicken Pastry,180,82,76,6,Thursday,3,First Inter-monsoon,False,24.6,2.8,61,Rain,False,,False,False
2025-03-20,Chicken Samosa,90,65,62,3,Thursday,3,First Inter-monsoon,False,24.6,2.8,61,Rain,False,,False,False
2025-03-20,Cream Bun,120,42,38,4,Thursday,3,First Inter-monsoon,False,24.6,2.8,61,Rain,False,,False,False
2025-03-20,Egg Roll,100,65,57,8,Thursday,3,First Inter-monsoon,False,24.6,2.8,61,Rain,False,,False,False
2025-03-20,Fish Bun,120,70,62,8,Thursday,3,First Inter-monsoon,False,24.6,2.8,61,Rain,False,,False,False
2025-03-20,Fish Patty,110,59,56,3,Thursday,3,First Inter-monsoon,False,24.6,2.8,61,Rain,False,,False,False
2025-03-20,Mini Pizza,220,44,39,5,Thursday,3,First Inter-monsoon,False,24.6,2.8,61,Rain,False,,False,False
2025-03-20,Sausage Bun,140,63,56,7,Thursday,3,First Inter-monsoon,False,24.6,2.8,61,Rain,False,,False,False
2025-03-20,Vegetable Roti,100,55,52,3,Thursday,3,First Inter-monsoon,False,24.6,2.8,61,Rain,False,,False,False
2025-03-21,Chicken Bun,130,67,65,2,Friday,3,First Inter-monsoon,False,25.6,0.6,51,Drizzle,False,,False,False
2025-03-21,Chicken Pastry,180,102,99,3,Friday,3,First Inter-monsoon,False,25.6,0.6,51,Drizzle,False,,False,False
2025-03-21,Chicken Samosa,90,66,63,3,Friday,3,First Inter-monsoon,False,25.6,0.6,51,Drizzle,False,,False,False
2025-03-21,Cream Bun,120,46,42,4,Friday,3,First Inter-monsoon,False,25.6,0.6,51,Drizzle,False,,False,False
2025-03-21,Egg Roll,100,71,65,6,Friday,3,First Inter-monsoon,False,25.6,0.6,51,Drizzle,False,,False,False
2025-03-21,Fish Bun,120,69,63,6,Friday,3,First Inter-monsoon,False,25.6,0.6,51,Drizzle,False,,False,False
2025-03-21,Fish Patty,110,51,50,1,Friday,3,First Inter-monsoon,False,25.6,0.6,51,Drizzle,False,,False,False
2025-03-21,Mini Pizza,220,48,44,4,Friday,3,First Inter-monsoon,False,25.6,0.6,51,Drizzle,False,,False,False
2025-03-21,Sausage Bun,140,66,61,5,Friday,3,First Inter-monsoon,False,25.6,0.6,51,Drizzle,False,,False,False
2025-03-21,Vegetable Roti,100,59,58,1,Friday,3,First Inter-monsoon,False,25.6,0.6,51,Drizzle,False,,False,False
2025-03-22,Chicken Bun,130,74,72,2,Saturday,3,First Inter-monsoon,True,24.8,0.9,53,Drizzle,False,,False,False
2025-03-22,Chicken Pastry,180,109,99,10,Saturday,3,First Inter-monsoon,True,24.8,0.9,53,Drizzle,False,,False,False
2025-03-22,Chicken Samosa,90,80,77,3,Saturday,3,First Inter-monsoon,True,24.8,0.9,53,Drizzle,False,,False,False
2025-03-22,Cream Bun,120,51,48,3,Saturday,3,First Inter-monsoon,True,24.8,0.9,53,Drizzle,False,,False,False
2025-03-22,Egg Roll,100,63,57,6,Saturday,3,First Inter-monsoon,True,24.8,0.9,53,Drizzle,False,,False,False
2025-03-22,Fish Bun,120,89,82,7,Saturday,3,First Inter-monsoon,True,24.8,0.9,53,Drizzle,False,,False,False
2025-03-22,Fish Patty,110,58,55,3,Saturday,3,First Inter-monsoon,True,24.8,0.9,53,Drizzle,False,,False,False
2025-03-22,Mini Pizza,220,50,44,6,Saturday,3,First Inter-monsoon,True,24.8,0.9,53,Drizzle,False,,False,False
2025-03-22,Sausage Bun,140,78,70,8,Saturday,3,First Inter-monsoon,True,24.8,0.9,53,Drizzle,False,,False,False
2025-03-22,Vegetable Roti,100,62,58,4,Saturday,3,First Inter-monsoon,True,24.8,0.9,53,Drizzle,False,,False,False
2025-03-23,Chicken Bun,130,82,74,8,Sunday,3,First Inter-monsoon,True,25.2,0.8,51,Drizzle,False,,False,False
2025-03-23,Chicken Pastry,180,83,77,6,Sunday,3,First Inter-monsoon,True,25.2,0.8,51,Drizzle,False,,False,False
2025-03-23,Chicken Samosa,90,71,69,2,Sunday,3,First Inter-monsoon,True,25.2,0.8,51,Drizzle,False,,False,False
2025-03-23,Cream Bun,120,52,47,5,Sunday,3,First Inter-monsoon,True,25.2,0.8,51,Drizzle,False,,False,False
2025-03-23,Egg Roll,100,66,58,8,Sunday,3,First Inter-monsoon,True,25.2,0.8,51,Drizzle,False,,False,False
2025-03-23,Fish Bun,120,94,83,11,Sunday,3,First Inter-monsoon,True,25.2,0.8,51,Drizzle,False,,False,False
2025-03-23,Fish Patty,110,60,54,6,Sunday,3,First Inter-monsoon,True,25.2,0.8,51,Drizzle,False,,False,False
2025-03-23,Mini Pizza,220,47,42,5,Sunday,3,First Inter-monsoon,True,25.2,0.8,51,Drizzle,False,,False,False
2025-03-23,Sausage Bun,140,66,65,1,Sunday,3,First Inter-monsoon,True,25.2,0.8,51,Drizzle,False,,False,False
2025-03-23,Vegetable Roti,100,51,48,3,Sunday,3,First Inter-monsoon,True,25.2,0.8,51,Drizzle,False,,False,False
2025-03-24,Chicken Bun,130,65,63,2,Monday,3,First Inter-monsoon,False,25.8,0.8,51,Drizzle,False,,False,False
2025-03-24,Chicken Pastry,180,91,83,8,Monday,3,First Inter-monsoon,False,25.8,0.8,51,Drizzle,False,,False,False
2025-03-24,Chicken Samosa,90,57,54,3,Monday,3,First Inter-monsoon,False,25.8,0.8,51,Drizzle,False,,False,False
2025-03-24,Cream Bun,120,48,46,2,Monday,3,First Inter-monsoon,False,25.8,0.8,51,Drizzle,False,,False,False
2025-03-24,Egg Roll,100,74,66,8,Monday,3,First Inter-monsoon,False,25.8,0.8,51,Drizzle,False,,False,False
2025-03-24,Fish Bun,120,71,69,2,Monday,3,First Inter-monsoon,False,25.8,0.8,51,Drizzle,False,,False,False
2025-03-24,Fish Patty,110,55,53,2,Monday,3,First Inter-monsoon,False,25.8,0.8,51,Drizzle,False,,False,False
2025-03-24,Mini Pizza,220,46,42,4,Monday,3,First Inter-monsoon,False,25.8,0.8,51,Drizzle,False,,False,False
2025-03-24,Sausage Bun,140,59,52,7,Monday,3,First Inter-monsoon,False,25.8,0.8,51,Drizzle,False,,False,False
2025-03-24,Vegetable Roti,100,57,53,4,Monday,3,First Inter-monsoon,False,25.8,0.8,51,Drizzle,False,,False,False
2025-03-25,Chicken Bun,130,48,48,0,Tuesday,3,First Inter-monsoon,False,25.0,13.2,65,Rain,False,,False,False
2025-03-25,Chicken Pastry,180,71,65,6,Tuesday,3,First Inter-monsoon,False,25.0,13.2,65,Rain,False,,False,False
2025-03-25,Chicken Samosa,90,63,58,5,Tuesday,3,First Inter-monsoon,False,25.0,13.2,65,Rain,False,,False,False
2025-03-25,Cream Bun,120,37,33,4,Tuesday,3,First Inter-monsoon,False,25.0,13.2,65,Rain,False,,False,False
2025-03-25,Egg Roll,100,49,44,5,Tuesday,3,First Inter-monsoon,False,25.0,13.2,65,Rain,False,,False,False
2025-03-25,Fish Bun,120,48,44,4,Tuesday,3,First Inter-monsoon,False,25.0,13.2,65,Rain,False,,False,False
2025-03-25,Fish Patty,110,36,35,1,Tuesday,3,First Inter-monsoon,False,25.0,13.2,65,Rain,False,,False,False
2025-03-25,Mini Pizza,220,29,28,1,Tuesday,3,First Inter-monsoon,False,25.0,13.2,65,Rain,False,,False,False
2025-03-25,Sausage Bun,140,47,42,5,Tuesday,3,First Inter-monsoon,False,25.0,13.2,65,Rain,False,,False,False
2025-03-25,Vegetable Roti,100,40,40,0,Tuesday,3,First Inter-monsoon,False,25.0,13.2,65,Rain,False,,False,False
2025-03-26,Chicken Bun,130,66,63,3,Wednesday,3,First Inter-monsoon,False,24.3,3.9,61,Rain,False,,False,False
2025-03-26,Chicken Pastry,180,79,76,3,Wednesday,3,First Inter-monsoon,False,24.3,3.9,61,Rain,False,,False,False
2025-03-26,Chicken Samosa,90,63,59,4,Wednesday,3,First Inter-monsoon,False,24.3,3.9,61,Rain,False,,False,False
2025-03-26,Cream Bun,120,42,38,4,Wednesday,3,First Inter-monsoon,False,24.3,3.9,61,Rain,False,,False,False
2025-03-26,Egg Roll,100,68,58,10,Wednesday,3,First Inter-monsoon,False,24.3,3.9,61,Rain,False,,False,False
2025-03-26,Fish Bun,120,69,66,3,Wednesday,3,First Inter-monsoon,False,24.3,3.9,61,Rain,False,,False,False
2025-03-26,Fish Patty,110,40,39,1,Wednesday,3,First Inter-monsoon,False,24.3,3.9,61,Rain,False,,False,False
2025-03-26,Mini Pizza,220,36,33,3,Wednesday,3,First Inter-monsoon,False,24.3,3.9,61,Rain,False,,False,False
2025-03-26,Sausage Bun,140,61,57,4,Wednesday,3,First Inter-monsoon,False,24.3,3.9,61,Rain,False,,False,False
2025-03-26,Vegetable Roti,100,56,53,3,Wednesday,3,First Inter-monsoon,False,24.3,3.9,61,Rain,False,,False,False
2025-03-27,Chicken Bun,130,62,53,9,Thursday,3,First Inter-monsoon,False,24.2,5.7,63,Rain,False,,False,False
2025-03-27,Chicken Pastry,180,79,73,6,Thursday,3,First Inter-monsoon,False,24.2,5.7,63,Rain,False,,False,False
2025-03-27,Chicken Samosa,90,58,55,3,Thursday,3,First Inter-monsoon,False,24.2,5.7,63,Rain,False,,False,False
2025-03-27,Cream Bun,120,45,40,5,Thursday,3,First Inter-monsoon,False,24.2,5.7,63,Rain,False,,False,False
2025-03-27,Egg Roll,100,57,55,2,Thursday,3,First Inter-monsoon,False,24.2,5.7,63,Rain,False,,False,False
2025-03-27,Fish Bun,120,81,74,7,Thursday,3,First Inter-monsoon,False,24.2,5.7,63,Rain,False,,False,False
2025-03-27,Fish Patty,110,53,48,5,Thursday,3,First Inter-monsoon,False,24.2,5.7,63,Rain,False,,False,False
2025-03-27,Mini Pizza,220,32,28,4,Thursday,3,First Inter-monsoon,False,24.2,5.7,63,Rain,False,,False,False
2025-03-27,Sausage Bun,140,58,51,7,Thursday,3,First Inter-monsoon,False,24.2,5.7,63,Rain,False,,False,False
2025-03-27,Vegetable Roti,100,54,51,3,Thursday,3,First Inter-monsoon,False,24.2,5.7,63,Rain,False,,False,False
2025-03-28,Chicken Bun,130,60,56,4,Friday,3,First Inter-monsoon,False,25.0,0.4,51,Drizzle,False,,False,False
2025-03-28,Chicken Pastry,180,101,90,11,Friday,3,First Inter-monsoon,False,25.0,0.4,51,Drizzle,False,,False,False
2025-03-28,Chicken Samosa,90,71,64,7,Friday,3,First Inter-monsoon,False,25.0,0.4,51,Drizzle,False,,False,False
2025-03-28,Cream Bun,120,48,44,4,Friday,3,First Inter-monsoon,False,25.0,0.4,51,Drizzle,False,,False,False
2025-03-28,Egg Roll,100,63,59,4,Friday,3,First Inter-monsoon,False,25.0,0.4,51,Drizzle,False,,False,False
2025-03-28,Fish Bun,120,69,65,4,Friday,3,First Inter-monsoon,False,25.0,0.4,51,Drizzle,False,,False,False
2025-03-28,Fish Patty,110,57,54,3,Friday,3,First Inter-monsoon,False,25.0,0.4,51,Drizzle,False,,False,False
2025-03-28,Mini Pizza,220,52,49,3,Friday,3,First Inter-monsoon,False,25.0,0.4,51,Drizzle,False,,False,False
2025-03-28,Sausage Bun,140,63,59,4,Friday,3,First Inter-monsoon,False,25.0,0.4,51,Drizzle,False,,False,False
2025-03-28,Vegetable Roti,100,70,58,12,Friday,3,First Inter-monsoon,False,25.0,0.4,51,Drizzle,False,,False,False
2025-03-29,Chicken Bun,130,71,71,0,Saturday,3,First Inter-monsoon,True,25.4,1.0,51,Drizzle,False,,False,False
2025-03-29,Chicken Pastry,180,114,101,13,Saturday,3,First Inter-monsoon,True,25.4,1.0,51,Drizzle,False,,False,False
2025-03-29,Chicken Samosa,90,71,67,4,Saturday,3,First Inter-monsoon,True,25.4,1.0,51,Drizzle,False,,False,False
2025-03-29,Cream Bun,120,60,54,6,Saturday,3,First Inter-monsoon,True,25.4,1.0,51,Drizzle,False,,False,False
2025-03-29,Egg Roll,100,66,59,7,Saturday,3,First Inter-monsoon,True,25.4,1.0,51,Drizzle,False,,False,False
2025-03-29,Fish Bun,120,88,79,9,Saturday,3,First Inter-monsoon,True,25.4,1.0,51,Drizzle,False,,False,False
2025-03-29,Fish Patty,110,51,49,2,Saturday,3,First Inter-monsoon,True,25.4,1.0,51,Drizzle,False,,False,False
2025-03-29,Mini Pizza,220,48,45,3,Saturday,3,First Inter-monsoon,True,25.4,1.0,51,Drizzle,False,,False,False
2025-03-29,Sausage Bun,140,63,59,4,Saturday,3,First Inter-monsoon,True,25.4,1.0,51,Drizzle,False,,False,False
2025-03-29,Vegetable Roti,100,69,61,8,Saturday,3,First Inter-monsoon,True,25.4,1.0,51,Drizzle,False,,False,False
2025-03-30,Chicken Bun,130,68,63,5,Sunday,3,First Inter-monsoon,True,25.8,0.0,3,Cloudy,False,,True,False
2025-03-30,Chicken Pastry,180,98,92,6,Sunday,3,First Inter-monsoon,True,25.8,0.0,3,Cloudy,False,,True,False
2025-03-30,Chicken Samosa,90,73,68,5,Sunday,3,First Inter-monsoon,True,25.8,0.0,3,Cloudy,False,,True,False
2025-03-30,Cream Bun,120,60,59,1,Sunday,3,First Inter-monsoon,True,25.8,0.0,3,Cloudy,False,,True,False
2025-03-30,Egg Roll,100,68,62,6,Sunday,3,First Inter-monsoon,True,25.8,0.0,3,Cloudy,False,,True,False
2025-03-30,Fish Bun,120,87,76,11,Sunday,3,First Inter-monsoon,True,25.8,0.0,3,Cloudy,False,,True,False
2025-03-30,Fish Patty,110,51,50,1,Sunday,3,First Inter-monsoon,True,25.8,0.0,3,Cloudy,False,,True,False
2025-03-30,Mini Pizza,220,57,51,6,Sunday,3,First Inter-monsoon,True,25.8,0.0,3,Cloudy,False,,True,False
2025-03-30,Sausage Bun,140,63,61,2,Sunday,3,First Inter-monsoon,True,25.8,0.0,3,Cloudy,False,,True,False
2025-03-30,Vegetable Roti,100,59,56,3,Sunday,3,First Inter-monsoon,True,25.8,0.0,3,Cloudy,False,,True,False
2025-03-31,Chicken Bun,130,79,71,8,Monday,3,First Inter-monsoon,False,26.0,1.1,53,Drizzle,True,Eid al-Fitr,False,False
2025-03-31,Chicken Pastry,180,115,105,10,Monday,3,First Inter-monsoon,False,26.0,1.1,53,Drizzle,True,Eid al-Fitr,False,False
2025-03-31,Chicken Samosa,90,74,70,4,Monday,3,First Inter-monsoon,False,26.0,1.1,53,Drizzle,True,Eid al-Fitr,False,False
2025-03-31,Cream Bun,120,58,54,4,Monday,3,First Inter-monsoon,False,26.0,1.1,53,Drizzle,True,Eid al-Fitr,False,False
2025-03-31,Egg Roll,100,63,58,5,Monday,3,First Inter-monsoon,False,26.0,1.1,53,Drizzle,True,Eid al-Fitr,False,False
2025-03-31,Fish Bun,120,78,72,6,Monday,3,First Inter-monsoon,False,26.0,1.1,53,Drizzle,True,Eid al-Fitr,False,False
2025-03-31,Fish Patty,110,61,57,4,Monday,3,First Inter-monsoon,False,26.0,1.1,53,Drizzle,True,Eid al-Fitr,False,False
2025-03-31,Mini Pizza,220,43,43,0,Monday,3,First Inter-monsoon,False,26.0,1.1,53,Drizzle,True,Eid al-Fitr,False,False
2025-03-31,Sausage Bun,140,69,66,3,Monday,3,First Inter-monsoon,False,26.0,1.1,53,Drizzle,True,Eid al-Fitr,False,False
2025-03-31,Vegetable Roti,100,62,60,2,Monday,3,First Inter-monsoon,False,26.0,1.1,53,Drizzle,True,Eid al-Fitr,False,False
2025-04-01,Chicken Bun,130,64,61,3,Tuesday,4,First Inter-monsoon,False,24.9,3.2,55,Drizzle,False,,False,True
2025-04-01,Chicken Pastry,180,86,85,1,Tuesday,4,First Inter-monsoon,False,24.9,3.2,55,Drizzle,False,,False,True
2025-04-01,Chicken Samosa,90,62,61,1,Tuesday,4,First Inter-monsoon,False,24.9,3.2,55,Drizzle,False,,False,True
2025-04-01,Cream Bun,120,46,42,4,Tuesday,4,First Inter-monsoon,False,24.9,3.2,55,Drizzle,False,,False,True
2025-04-01,Egg Roll,100,58,53,5,Tuesday,4,First Inter-monsoon,False,24.9,3.2,55,Drizzle,False,,False,True
2025-04-01,Fish Bun,120,73,67,6,Tuesday,4,First Inter-monsoon,False,24.9,3.2,55,Drizzle,False,,False,True
2025-04-01,Fish Patty,110,60,54,6,Tuesday,4,First Inter-monsoon,False,24.9,3.2,55,Drizzle,False,,False,True
2025-04-01,Mini Pizza,220,39,36,3,Tuesday,4,First Inter-monsoon,False,24.9,3.2,55,Drizzle,False,,False,True
2025-04-01,Sausage Bun,140,55,51,4,Tuesday,4,First Inter-monsoon,False,24.9,3.2,55,Drizzle,False,,False,True
2025-04-01,Vegetable Roti,100,57,53,4,Tuesday,4,First Inter-monsoon,False,24.9,3.2,55,Drizzle,False,,False,True
2025-04-02,Chicken Bun,130,67,62,5,Wednesday,4,First Inter-monsoon,False,24.1,2.9,61,Rain,False,,False,False
2025-04-02,Chicken Pastry,180,97,87,10,Wednesday,4,First Inter-monsoon,False,24.1,2.9,61,Rain,False,,False,False
2025-04-02,Chicken Samosa,90,71,63,8,Wednesday,4,First Inter-monsoon,False,24.1,2.9,61,Rain,False,,False,False
2025-04-02,Cream Bun,120,45,41,4,Wednesday,4,First Inter-monsoon,False,24.1,2.9,61,Rain,False,,False,False
2025-04-02,Egg Roll,100,69,63,6,Wednesday,4,First Inter-monsoon,False,24.1,2.9,61,Rain,False,,False,False
2025-04-02,Fish Bun,120,68,62,6,Wednesday,4,First Inter-monsoon,False,24.1,2.9,61,Rain,False,,False,False
2025-04-02,Fish Patty,110,58,53,5,Wednesday,4,First Inter-monsoon,False,24.1,2.9,61,Rain,False,,False,False
2025-04-02,Mini Pizza,220,44,39,5,Wednesday,4,First Inter-monsoon,False,24.1,2.9,61,Rain,False,,False,False
2025-04-02,Sausage Bun,140,63,58,5,Wednesday,4,First Inter-monsoon,False,24.1,2.9,61,Rain,False,,False,False
2025-04-02,Vegetable Roti,100,57,54,3,Wednesday,4,First Inter-monsoon,False,24.1,2.9,61,Rain,False,,False,False
2025-04-03,Chicken Bun,130,48,45,3,Thursday,4,First Inter-monsoon,False,23.4,10.5,63,Rain,False,,False,False
2025-04-03,Chicken Pastry,180,72,64,8,Thursday,4,First Inter-monsoon,False,23.4,10.5,63,Rain,False,,False,False
2025-04-03,Chicken Samosa,90,64,57,7,Thursday,4,First Inter-monsoon,False,23.4,10.5,63,Rain,False,,False,False
2025-04-03,Cream Bun,120,39,37,2,Thursday,4,First Inter-monsoon,False,23.4,10.5,63,Rain,False,,False,False
2025-04-03,Egg Roll,100,57,52,5,Thursday,4,First Inter-monsoon,False,23.4,10.5,63,Rain,False,,False,False
2025-04-03,Fish Bun,120,71,66,5,Thursday,4,First Inter-monsoon,False,23.4,10.5,63,Rain,False,,False,False
2025-04-03,Fish Patty,110,52,47,5,Thursday,4,First Inter-monsoon,False,23.4,10.5,63,Rain,False,,False,False
2025-04-03,Mini Pizza,220,38,34,4,Thursday,4,First Inter-monsoon,False,23.4,10.5,63,Rain,False,,False,False
2025-04-03,Sausage Bun,140,58,53,5,Thursday,4,First Inter-monsoon,False,23.4,10.5,63,Rain,False,,False,False
2025-04-03,Vegetable Roti,100,47,44,3,Thursday,4,First Inter-monsoon,False,23.4,10.5,63,Rain,False,,False,False
2025-04-04,Chicken Bun,130,48,47,1,Friday,4,First Inter-monsoon,False,23.0,24.1,65,Rain,False,,False,False
2025-04-04,Chicken Pastry,180,63,59,4,Friday,4,First Inter-monsoon,False,23.0,24.1,65,Rain,False,,False,False
2025-04-04,Chicken Samosa,90,60,58,2,Friday,4,First Inter-monsoon,False,23.0,24.1,65,Rain,False,,False,False
2025-04-04,Cream Bun,120,36,33,3,Friday,4,First Inter-monsoon,False,23.0,24.1,65,Rain,False,,False,False
2025-04-04,Egg Roll,100,45,43,2,Friday,4,First Inter-monsoon,False,23.0,24.1,65,Rain,False,,False,False
2025-04-04,Fish Bun,120,67,59,8,Friday,4,First Inter-monsoon,False,23.0,24.1,65,Rain,False,,False,False
2025-04-04,Fish Patty,110,44,40,4,Friday,4,First Inter-monsoon,False,23.0,24.1,65,Rain,False,,False,False
2025-04-04,Mini Pizza,220,34,30,4,Friday,4,First Inter-monsoon,False,23.0,24.1,65,Rain,False,,False,False
2025-04-04,Sausage Bun,140,41,38,3,Friday,4,First Inter-monsoon,False,23.0,24.1,65,Rain,False,,False,False
2025-04-04,Vegetable Roti,100,47,44,3,Friday,4,First Inter-monsoon,False,23.0,24.1,65,Rain,False,,False,False
2025-04-05,Chicken Bun,130,63,60,3,Saturday,4,First Inter-monsoon,True,23.2,6.9,63,Rain,False,,False,False
2025-04-05,Chicken Pastry,180,85,81,4,Saturday,4,First Inter-monsoon,True,23.2,6.9,63,Rain,False,,False,False
2025-04-05,Chicken Samosa,90,73,69,4,Saturday,4,First Inter-monsoon,True,23.2,6.9,63,Rain,False,,False,False
2025-04-05,Cream Bun,120,50,45,5,Saturday,4,First Inter-monsoon,True,23.2,6.9,63,Rain,False,,False,False
2025-04-05,Egg Roll,100,58,54,4,Saturday,4,First Inter-monsoon,True,23.2,6.9,63,Rain,False,,False,False
2025-04-05,Fish Bun,120,81,71,10,Saturday,4,First Inter-monsoon,True,23.2,6.9,63,Rain,False,,False,False
2025-04-05,Fish Patty,110,44,41,3,Saturday,4,First Inter-monsoon,True,23.2,6.9,63,Rain,False,,False,False
2025-04-05,Mini Pizza,220,41,36,5,Saturday,4,First Inter-monsoon,True,23.2,6.9,63,Rain,False,,False,False
2025-04-05,Sausage Bun,140,55,48,7,Saturday,4,First Inter-monsoon,True,23.2,6.9,63,Rain,False,,False,False
2025-04-05,Vegetable Roti,100,57,51,6,Saturday,4,First Inter-monsoon,True,23.2,6.9,63,Rain,False,,False,False
2025-04-06,Chicken Bun,130,60,55,5,Sunday,4,First Inter-monsoon,True,23.3,11.7,61,Rain,False,,False,False
2025-04-06,Chicken Pastry,180,79,73,6,Sunday,4,First Inter-monsoon,True,23.3,11.7,61,Rain,False,,False,False
2025-04-06,Chicken Samosa,90,67,62,5,Sunday,4,First Inter-monsoon,True,23.3,11.7,61,Rain,False,,False,False
2025-04-06,Cream Bun,120,48,48,0,Sunday,4,First Inter-monsoon,True,23.3,11.7,61,Rain,False,,False,False
2025-04-06,Egg Roll,100,51,48,3,Sunday,4,First Inter-monsoon,True,23.3,11.7,61,Rain,False,,False,False
2025-04-06,Fish Bun,120,68,65,3,Sunday,4,First Inter-monsoon,True,23.3,11.7,61,Rain,False,,False,False
2025-04-06,Fish Patty,110,44,41,3,Sunday,4,First Inter-monsoon,True,23.3,11.7,61,Rain,False,,False,False
2025-04-06,Mini Pizza,220,48,43,5,Sunday,4,First Inter-monsoon,True,23.3,11.7,61,Rain,False,,False,False
2025-04-06,Sausage Bun,140,55,51,4,Sunday,4,First Inter-monsoon,True,23.3,11.7,61,Rain,False,,False,False
2025-04-06,Vegetable Roti,100,47,45,2,Sunday,4,First Inter-monsoon,True,23.3,11.7,61,Rain,False,,False,False
2025-04-07,Chicken Bun,130,56,53,3,Monday,4,First Inter-monsoon,False,23.7,12.4,63,Rain,False,,False,False
2025-04-07,Chicken Pastry,180,69,63,6,Monday,4,First Inter-monsoon,False,23.7,12.4,63,Rain,False,,False,False
2025-04-07,Chicken Samosa,90,53,50,3,Monday,4,First Inter-monsoon,False,23.7,12.4,63,Rain,False,,False,False
2025-04-07,Cream Bun,120,42,38,4,Monday,4,First Inter-monsoon,False,23.7,12.4,63,Rain,False,,False,False
2025-04-07,Egg Roll,100,48,45,3,Monday,4,First Inter-monsoon,False,23.7,12.4,63,Rain,False,,False,False
2025-04-07,Fish Bun,120,54,49,5,Monday,4,First Inter-monsoon,False,23.7,12.4,63,Rain,False,,False,False
2025-04-07,Fish Patty,110,54,45,9,Monday,4,First Inter-monsoon,False,23.7,12.4,63,Rain,False,,False,False
2025-04-07,Mini Pizza,220,37,33,4,Monday,4,First Inter-monsoon,False,23.7,12.4,63,Rain,False,,False,False
2025-04-07,Sausage Bun,140,42,41,1,Monday,4,First Inter-monsoon,False,23.7,12.4,63,Rain,False,,False,False
2025-04-07,Vegetable Roti,100,48,45,3,Monday,4,First Inter-monsoon,False,23.7,12.4,63,Rain,False,,False,False
2025-04-08,Chicken Bun,130,70,65,5,Tuesday,4,First Inter-monsoon,False,24.7,0.6,51,Drizzle,False,,False,False
2025-04-08,Chicken Pastry,180,103,95,8,Tuesday,4,First Inter-monsoon,False,24.7,0.6,51,Drizzle,False,,False,False
2025-04-08,Chicken Samosa,90,64,60,4,Tuesday,4,First Inter-monsoon,False,24.7,0.6,51,Drizzle,False,,False,False
2025-04-08,Cream Bun,120,50,46,4,Tuesday,4,First Inter-monsoon,False,24.7,0.6,51,Drizzle,False,,False,False
2025-04-08,Egg Roll,100,74,72,2,Tuesday,4,First Inter-monsoon,False,24.7,0.6,51,Drizzle,False,,False,False
2025-04-08,Fish Bun,120,86,83,3,Tuesday,4,First Inter-monsoon,False,24.7,0.6,51,Drizzle,False,,False,False
2025-04-08,Fish Patty,110,55,51,4,Tuesday,4,First Inter-monsoon,False,24.7,0.6,51,Drizzle,False,,False,False
2025-04-08,Mini Pizza,220,46,44,2,Tuesday,4,First Inter-monsoon,False,24.7,0.6,51,Drizzle,False,,False,False
2025-04-08,Sausage Bun,140,66,59,7,Tuesday,4,First Inter-monsoon,False,24.7,0.6,51,Drizzle,False,,False,False
2025-04-08,Vegetable Roti,100,53,49,4,Tuesday,4,First Inter-monsoon,False,24.7,0.6,51,Drizzle,False,,False,False
2025-04-09,Chicken Bun,130,64,59,5,Wednesday,4,First Inter-monsoon,False,23.8,2.7,53,Drizzle,False,,False,False
2025-04-09,Chicken Pastry,180,78,76,2,Wednesday,4,First Inter-monsoon,False,23.8,2.7,53,Drizzle,False,,False,False
2025-04-09,Chicken Samosa,90,68,62,6,Wednesday,4,First Inter-monsoon,False,23.8,2.7,53,Drizzle,False,,False,False
2025-04-09,Cream Bun,120,40,39,1,Wednesday,4,First Inter-monsoon,False,23.8,2.7,53,Drizzle,False,,False,False
2025-04-09,Egg Roll,100,71,65,6,Wednesday,4,First Inter-monsoon,False,23.8,2.7,53,Drizzle,False,,False,False
2025-04-09,Fish Bun,120,76,75,1,Wednesday,4,First Inter-monsoon,False,23.8,2.7,53,Drizzle,False,,False,False
2025-04-09,Fish Patty,110,60,56,4,Wednesday,4,First Inter-monsoon,False,23.8,2.7,53,Drizzle,False,,False,False
2025-04-09,Mini Pizza,220,44,39,5,Wednesday,4,First Inter-monsoon,False,23.8,2.7,53,Drizzle,False,,False,False
2025-04-09,Sausage Bun,140,57,52,5,Wednesday,4,First Inter-monsoon,False,23.8,2.7,53,Drizzle,False,,False,False
2025-04-09,Vegetable Roti,100,58,56,2,Wednesday,4,First Inter-monsoon,False,23.8,2.7,53,Drizzle,False,,False,False
2025-04-10,Chicken Bun,130,65,62,3,Thursday,4,First Inter-monsoon,False,23.3,3.2,53,Drizzle,False,,False,False
2025-04-10,Chicken Pastry,180,86,82,4,Thursday,4,First Inter-monsoon,False,23.3,3.2,53,Drizzle,False,,False,False
2025-04-10,Chicken Samosa,90,69,69,0,Thursday,4,First Inter-monsoon,False,23.3,3.2,53,Drizzle,False,,False,False
2025-04-10,Cream Bun,120,43,40,3,Thursday,4,First Inter-monsoon,False,23.3,3.2,53,Drizzle,False,,False,False
2025-04-10,Egg Roll,100,59,55,4,Thursday,4,First Inter-monsoon,False,23.3,3.2,53,Drizzle,False,,False,False
2025-04-10,Fish Bun,120,79,73,6,Thursday,4,First Inter-monsoon,False,23.3,3.2,53,Drizzle,False,,False,False
2025-04-10,Fish Patty,110,53,51,2,Thursday,4,First Inter-monsoon,False,23.3,3.2,53,Drizzle,False,,False,False
2025-04-10,Mini Pizza,220,38,36,2,Thursday,4,First Inter-monsoon,False,23.3,3.2,53,Drizzle,False,,False,False
2025-04-10,Sausage Bun,140,64,59,5,Thursday,4,First Inter-monsoon,False,23.3,3.2,53,Drizzle,False,,False,False
2025-04-10,Vegetable Roti,100,59,55,4,Thursday,4,First Inter-monsoon,False,23.3,3.2,53,Drizzle,False,,False,False
2025-04-11,Chicken Bun,130,58,55,3,Friday,4,First Inter-monsoon,False,23.2,5.2,61,Rain,False,,True,False
2025-04-11,Chicken Pastry,180,82,81,1,Friday,4,First Inter-monsoon,False,23.2,5.2,61,Rain,False,,True,False
2025-04-11,Chicken Samosa,90,68,62,6,Friday,4,First Inter-monsoon,False,23.2,5.2,61,Rain,False,,True,False
2025-04-11,Cream Bun,120,43,40,3,Friday,4,First Inter-monsoon,False,23.2,5.2,61,Rain,False,,True,False
2025-04-11,Egg Roll,100,73,64,9,Friday,4,First Inter-monsoon,False,23.2,5.2,61,Rain,False,,True,False
2025-04-11,Fish Bun,120,65,61,4,Friday,4,First Inter-monsoon,False,23.2,5.2,61,Rain,False,,True,False
2025-04-11,Fish Patty,110,47,43,4,Friday,4,First Inter-monsoon,False,23.2,5.2,61,Rain,False,,True,False
2025-04-11,Mini Pizza,220,36,34,2,Friday,4,First Inter-monsoon,False,23.2,5.2,61,Rain,False,,True,False
2025-04-11,Sausage Bun,140,57,56,1,Friday,4,First Inter-monsoon,False,23.2,5.2,61,Rain,False,,True,False
2025-04-11,Vegetable Roti,100,61,56,5,Friday,4,First Inter-monsoon,False,23.2,5.2,61,Rain,False,,True,False
2025-04-12,Chicken Bun,130,114,104,10,Saturday,4,First Inter-monsoon,True,23.6,1.2,51,Drizzle,True,Bak Full Moon Poya Day,True,False
2025-04-12,Chicken Pastry,180,130,120,10,Saturday,4,First Inter-monsoon,True,23.6,1.2,51,Drizzle,True,Bak Full Moon Poya Day,True,False
2025-04-12,Chicken Samosa,90,104,98,6,Saturday,4,First Inter-monsoon,True,23.6,1.2,51,Drizzle,True,Bak Full Moon Poya Day,True,False
2025-04-12,Cream Bun,120,78,72,6,Saturday,4,First Inter-monsoon,True,23.6,1.2,51,Drizzle,True,Bak Full Moon Poya Day,True,False
2025-04-12,Egg Roll,100,86,80,6,Saturday,4,First Inter-monsoon,True,23.6,1.2,51,Drizzle,True,Bak Full Moon Poya Day,True,False
2025-04-12,Fish Bun,120,109,103,6,Saturday,4,First Inter-monsoon,True,23.6,1.2,51,Drizzle,True,Bak Full Moon Poya Day,True,False
2025-04-12,Fish Patty,110,78,74,4,Saturday,4,First Inter-monsoon,True,23.6,1.2,51,Drizzle,True,Bak Full Moon Poya Day,True,False
2025-04-12,Mini Pizza,220,72,69,3,Saturday,4,First Inter-monsoon,True,23.6,1.2,51,Drizzle,True,Bak Full Moon Poya Day,True,False
2025-04-12,Sausage Bun,140,83,78,5,Saturday,4,First Inter-monsoon,True,23.6,1.2,51,Drizzle,True,Bak Full Moon Poya Day,True,False
2025-04-12,Vegetable Roti,100,78,72,6,Saturday,4,First Inter-monsoon,True,23.6,1.2,51,Drizzle,True,Bak Full Moon Poya Day,True,False
2025-04-13,Chicken Bun,130,101,94,7,Sunday,4,First Inter-monsoon,True,24.2,2.4,55,Drizzle,True,Day Before Sinhala and Tamil New Year,True,True
2025-04-13,Chicken Pastry,180,129,122,7,Sunday,4,First Inter-monsoon,True,24.2,2.4,55,Drizzle,True,Day Before Sinhala and Tamil New Year,True,True
2025-04-13,Chicken Samosa,90,117,107,10,Sunday,4,First Inter-monsoon,True,24.2,2.4,55,Drizzle,True,Day Before Sinhala and Tamil New Year,True,True
2025-04-13,Cream Bun,120,74,68,6,Sunday,4,First Inter-monsoon,True,24.2,2.4,55,Drizzle,True,Day Before Sinhala and Tamil New Year,True,True
2025-04-13,Egg Roll,100,70,68,2,Sunday,4,First Inter-monsoon,True,24.2,2.4,55,Drizzle,True,Day Before Sinhala and Tamil New Year,True,True
2025-04-13,Fish Bun,120,132,125,7,Sunday,4,First Inter-monsoon,True,24.2,2.4,55,Drizzle,True,Day Before Sinhala and Tamil New Year,True,True
2025-04-13,Fish Patty,110,79,70,9,Sunday,4,First Inter-monsoon,True,24.2,2.4,55,Drizzle,True,Day Before Sinhala and Tamil New Year,True,True
2025-04-13,Mini Pizza,220,67,62,5,Sunday,4,First Inter-monsoon,True,24.2,2.4,55,Drizzle,True,Day Before Sinhala and Tamil New Year,True,True
2025-04-13,Sausage Bun,140,94,86,8,Sunday,4,First Inter-monsoon,True,24.2,2.4,55,Drizzle,True,Day Before Sinhala and Tamil New Year,True,True
2025-04-13,Vegetable Roti,100,89,79,10,Sunday,4,First Inter-monsoon,True,24.2,2.4,55,Drizzle,True,Day Before Sinhala and Tamil New Year,True,True
2025-04-14,Chicken Bun,130,89,76,13,Monday,4,First Inter-monsoon,False,23.8,4.1,55,Drizzle,True,Sinhala and Tamil New Year,False,True
2025-04-14,Chicken Pastry,180,123,112,11,Monday,4,First Inter-monsoon,False,23.8,4.1,55,Drizzle,True,Sinhala and Tamil New Year,False,True
2025-04-14,Chicken Samosa,90,85,79,6,Monday,4,First Inter-monsoon,False,23.8,4.1,55,Drizzle,True,Sinhala and Tamil New Year,False,True
2025-04-14,Cream Bun,120,55,49,6,Monday,4,First Inter-monsoon,False,23.8,4.1,55,Drizzle,True,Sinhala and Tamil New Year,False,True
2025-04-14,Egg Roll,100,84,76,8,Monday,4,First Inter-monsoon,False,23.8,4.1,55,Drizzle,True,Sinhala and Tamil New Year,False,True
2025-04-14,Fish Bun,120,100,92,8,Monday,4,First Inter-monsoon,False,23.8,4.1,55,Drizzle,True,Sinhala and Tamil New Year,False,True
2025-04-14,Fish Patty,110,72,67,5,Monday,4,First Inter-monsoon,False,23.8,4.1,55,Drizzle,True,Sinhala and Tamil New Year,False,True
2025-04-14,Mini Pizza,220,60,57,3,Monday,4,First Inter-monsoon,False,23.8,4.1,55,Drizzle,True,Sinhala and Tamil New Year,False,True
2025-04-14,Sausage Bun,140,70,65,5,Monday,4,First Inter-monsoon,False,23.8,4.1,55,Drizzle,True,Sinhala and Tamil New Year,False,True
2025-04-14,Vegetable Roti,100,73,69,4,Monday,4,First Inter-monsoon,False,23.8,4.1,55,Drizzle,True,Sinhala and Tamil New Year,False,True
2025-04-15,Chicken Bun,130,63,58,5,Tuesday,4,First Inter-monsoon,False,24.0,14.7,65,Rain,False,,False,True
2025-04-15,Chicken Pastry,180,91,82,9,Tuesday,4,First Inter-monsoon,False,24.0,14.7,65,Rain,False,,False,True
2025-04-15,Chicken Samosa,90,80,73,7,Tuesday,4,First Inter-monsoon,False,24.0,14.7,65,Rain,False,,False,True
2025-04-15,Cream Bun,120,48,47,1,Tuesday,4,First Inter-monsoon,False,24.0,14.7,65,Rain,False,,False,True
2025-04-15,Egg Roll,100,52,51,1,Tuesday,4,First Inter-monsoon,False,24.0,14.7,65,Rain,False,,False,True
2025-04-15,Fish Bun,120,74,67,7,Tuesday,4,First Inter-monsoon,False,24.0,14.7,65,Rain,False,,False,True
2025-04-15,Fish Patty,110,60,58,2,Tuesday,4,First Inter-monsoon,False,24.0,14.7,65,Rain,False,,False,True
2025-04-15,Mini Pizza,220,48,45,3,Tuesday,4,First Inter-monsoon,False,24.0,14.7,65,Rain,False,,False,True
2025-04-15,Sausage Bun,140,69,66,3,Tuesday,4,First Inter-monsoon,False,24.0,14.7,65,Rain,False,,False,True
2025-04-15,Vegetable Roti,100,54,53,1,Tuesday,4,First Inter-monsoon,False,24.0,14.7,65,Rain,False,,False,True
2025-04-16,Chicken Bun,130,62,59,3,Wednesday,4,First Inter-monsoon,False,23.9,2.2,61,Rain,False,,False,False
2025-04-16,Chicken Pastry,180,87,81,6,Wednesday,4,First Inter-monsoon,False,23.9,2.2,61,Rain,False,,False,False
2025-04-16,Chicken Samosa,90,78,72,6,Wednesday,4,First Inter-monsoon,False,23.9,2.2,61,Rain,False,,False,False
2025-04-16,Cream Bun,120,46,44,2,Wednesday,4,First Inter-monsoon,False,23.9,2.2,61,Rain,False,,False,False
2025-04-16,Egg Roll,100,62,54,8,Wednesday,4,First Inter-monsoon,False,23.9,2.2,61,Rain,False,,False,False
2025-04-16,Fish Bun,120,79,71,8,Wednesday,4,First Inter-monsoon,False,23.9,2.2,61,Rain,False,,False,False
2025-04-16,Fish Patty,110,51,49,2,Wednesday,4,First Inter-monsoon,False,23.9,2.2,61,Rain,False,,False,False
2025-04-16,Mini Pizza,220,41,38,3,Wednesday,4,First Inter-monsoon,False,23.9,2.2,61,Rain,False,,False,False
2025-04-16,Sausage Bun,140,64,61,3,Wednesday,4,First Inter-monsoon,False,23.9,2.2,61,Rain,False,,False,False
2025-04-16,Vegetable Roti,100,57,53,4,Wednesday,4,First Inter-monsoon,False,23.9,2.2,61,Rain,False,,False,False
2025-04-17,Chicken Bun,130,66,62,4,Thursday,4,First Inter-monsoon,False,24.2,4.0,61,Rain,False,,True,False
2025-04-17,Chicken Pastry,180,81,79,2,Thursday,4,First Inter-monsoon,False,24.2,4.0,61,Rain,False,,True,False
2025-04-17,Chicken Samosa,90,72,63,9,Thursday,4,First Inter-monsoon,False,24.2,4.0,61,Rain,False,,True,False
2025-04-17,Cream Bun,120,54,48,6,Thursday,4,First Inter-monsoon,False,24.2,4.0,61,Rain,False,,True,False
2025-04-17,Egg Roll,100,68,62,6,Thursday,4,First Inter-monsoon,False,24.2,4.0,61,Rain,False,,True,False
2025-04-17,Fish Bun,120,66,64,2,Thursday,4,First Inter-monsoon,False,24.2,4.0,61,Rain,False,,True,False
2025-04-17,Fish Patty,110,50,48,2,Thursday,4,First Inter-monsoon,False,24.2,4.0,61,Rain,False,,True,False
2025-04-17,Mini Pizza,220,37,34,3,Thursday,4,First Inter-monsoon,False,24.2,4.0,61,Rain,False,,True,False
2025-04-17,Sausage Bun,140,66,60,6,Thursday,4,First Inter-monsoon,False,24.2,4.0,61,Rain,False,,True,False
2025-04-17,Vegetable Roti,100,54,51,3,Thursday,4,First Inter-monsoon,False,24.2,4.0,61,Rain,False,,True,False
2025-04-18,Chicken Bun,130,76,73,3,Friday,4,First Inter-monsoon,False,24.3,2.6,55,Drizzle,True,Good Friday,False,False
2025-04-18,Chicken Pastry,180,107,98,9,Friday,4,First Inter-monsoon,False,24.3,2.6,55,Drizzle,True,Good Friday,False,False
2025-04-18,Chicken Samosa,90,96,87,9,Friday,4,First Inter-monsoon,False,24.3,2.6,55,Drizzle,True,Good Friday,False,False
2025-04-18,Cream Bun,120,59,53,6,Friday,4,First Inter-monsoon,False,24.3,2.6,55,Drizzle,True,Good Friday,False,False
2025-04-18,Egg Roll,100,65,57,8,Friday,4,First Inter-monsoon,False,24.3,2.6,55,Drizzle,True,Good Friday,False,False
2025-04-18,Fish Bun,120,91,80,11,Friday,4,First Inter-monsoon,False,24.3,2.6,55,Drizzle,True,Good Friday,False,False
2025-04-18,Fish Patty,110,56,55,1,Friday,4,First Inter-monsoon,False,24.3,2.6,55,Drizzle,True,Good Friday,False,False
2025-04-18,Mini Pizza,220,45,42,3,Friday,4,First Inter-monsoon,False,24.3,2.6,55,Drizzle,True,Good Friday,False,False
2025-04-18,Sausage Bun,140,64,60,4,Friday,4,First Inter-monsoon,False,24.3,2.6,55,Drizzle,True,Good Friday,False,False
2025-04-18,Vegetable Roti,100,61,59,2,Friday,4,First Inter-monsoon,False,24.3,2.6,55,Drizzle,True,Good Friday,False,False
2025-04-19,Chicken Bun,130,82,76,6,Saturday,4,First Inter-monsoon,True,24.0,1.0,53,Drizzle,False,,False,True
2025-04-19,Chicken Pastry,180,105,99,6,Saturday,4,First Inter-monsoon,True,24.0,1.0,53,Drizzle,False,,False,True
2025-04-19,Chicken Samosa,90,83,80,3,Saturday,4,First Inter-monsoon,True,24.0,1.0,53,Drizzle,False,,False,True
2025-04-19,Cream Bun,120,52,48,4,Saturday,4,First Inter-monsoon,True,24.0,1.0,53,Drizzle,False,,False,True
2025-04-19,Egg Roll,100,70,64,6,Saturday,4,First Inter-monsoon,True,24.0,1.0,53,Drizzle,False,,False,True
2025-04-19,Fish Bun,120,88,81,7,Saturday,4,First Inter-monsoon,True,24.0,1.0,53,Drizzle,False,,False,True
2025-04-19,Fish Patty,110,63,61,2,Saturday,4,First Inter-monsoon,True,24.0,1.0,53,Drizzle,False,,False,True
2025-04-19,Mini Pizza,220,60,52,8,Saturday,4,First Inter-monsoon,True,24.0,1.0,53,Drizzle,False,,False,True
2025-04-19,Sausage Bun,140,64,58,6,Saturday,4,First Inter-monsoon,True,24.0,1.0,53,Drizzle,False,,False,True
2025-04-19,Vegetable Roti,100,60,57,3,Saturday,4,First Inter-monsoon,True,24.0,1.0,53,Drizzle,False,,False,True
2025-04-20,Chicken Bun,130,75,72,3,Sunday,4,First Inter-monsoon,True,24.1,1.6,55,Drizzle,False,,False,False
2025-04-20,Chicken Pastry,180,89,84,5,Sunday,4,First Inter-monsoon,True,24.1,1.6,55,Drizzle,False,,False,False
2025-04-20,Chicken Samosa,90,79,74,5,Sunday,4,First Inter-monsoon,True,24.1,1.6,55,Drizzle,False,,False,False
2025-04-20,Cream Bun,120,64,60,4,Sunday,4,First Inter-monsoon,True,24.1,1.6,55,Drizzle,False,,False,False
2025-04-20,Egg Roll,100,72,65,7,Sunday,4,First Inter-monsoon,True,24.1,1.6,55,Drizzle,False,,False,False
2025-04-20,Fish Bun,120,84,73,11,Sunday,4,First Inter-monsoon,True,24.1,1.6,55,Drizzle,False,,False,False
2025-04-20,Fish Patty,110,66,59,7,Sunday,4,First Inter-monsoon,True,24.1,1.6,55,Drizzle,False,,False,False
2025-04-20,Mini Pizza,220,57,53,4,Sunday,4,First Inter-monsoon,True,24.1,1.6,55,Drizzle,False,,False,False
2025-04-20,Sausage Bun,140,62,62,0,Sunday,4,First Inter-monsoon,True,24.1,1.6,55,Drizzle,False,,False,False
2025-04-20,Vegetable Roti,100,63,59,4,Sunday,4,First Inter-monsoon,True,24.1,1.6,55,Drizzle,False,,False,False
2025-04-21,Chicken Bun,130,68,66,2,Monday,4,First Inter-monsoon,False,24.2,1.1,53,Drizzle,False,,False,False
2025-04-21,Chicken Pastry,180,92,86,6,Monday,4,First Inter-monsoon,False,24.2,1.1,53,Drizzle,False,,False,False
2025-04-21,Chicken Samosa,90,88,80,8,Monday,4,First Inter-monsoon,False,24.2,1.1,53,Drizzle,False,,False,False
2025-04-21,Cream Bun,120,45,45,0,Monday,4,First Inter-monsoon,False,24.2,1.1,53,Drizzle,False,,False,False
2025-04-21,Egg Roll,100,67,60,7,Monday,4,First Inter-monsoon,False,24.2,1.1,53,Drizzle,False,,False,False
2025-04-21,Fish Bun,120,85,77,8,Monday,4,First Inter-monsoon,False,24.2,1.1,53,Drizzle,False,,False,False
2025-04-21,Fish Patty,110,58,56,2,Monday,4,First Inter-monsoon,False,24.2,1.1,53,Drizzle,False,,False,False
2025-04-21,Mini Pizza,220,47,43,4,Monday,4,First Inter-monsoon,False,24.2,1.1,53,Drizzle,False,,False,False
2025-04-21,Sausage Bun,140,67,59,8,Monday,4,First Inter-monsoon,False,24.2,1.1,53,Drizzle,False,,False,False
2025-04-21,Vegetable Roti,100,61,57,4,Monday,4,First Inter-monsoon,False,24.2,1.1,53,Drizzle,False,,False,False
2025-04-22,Chicken Bun,130,77,69,8,Tuesday,4,First Inter-monsoon,False,24.3,0.3,51,Drizzle,False,,False,False
2025-04-22,Chicken Pastry,180,92,87,5,Tuesday,4,First Inter-monsoon,False,24.3,0.3,51,Drizzle,False,,False,False
2025-04-22,Chicken Samosa,90,67,67,0,Tuesday,4,First Inter-monsoon,False,24.3,0.3,51,Drizzle,False,,False,False
2025-04-22,Cream Bun,120,64,60,4,Tuesday,4,First Inter-monsoon,False,24.3,0.3,51,Drizzle,False,,False,False
2025-04-22,Egg Roll,100,67,60,7,Tuesday,4,First Inter-monsoon,False,24.3,0.3,51,Drizzle,False,,False,False
2025-04-22,Fish Bun,120,79,75,4,Tuesday,4,First Inter-monsoon,False,24.3,0.3,51,Drizzle,False,,False,False
2025-04-22,Fish Patty,110,55,52,3,Tuesday,4,First Inter-monsoon,False,24.3,0.3,51,Drizzle,False,,False,False
2025-04-22,Mini Pizza,220,46,43,3,Tuesday,4,First Inter-monsoon,False,24.3,0.3,51,Drizzle,False,,False,False
2025-04-22,Sausage Bun,140,65,59,6,Tuesday,4,First Inter-monsoon,False,24.3,0.3,51,Drizzle,False,,False,False
2025-04-22,Vegetable Roti,100,64,63,1,Tuesday,4,First Inter-monsoon,False,24.3,0.3,51,Drizzle,False,,False,False
2025-04-23,Chicken Bun,130,69,68,1,Wednesday,4,First Inter-monsoon,False,24.1,1.9,53,Drizzle,False,,False,False
2025-04-23,Chicken Pastry,180,94,88,6,Wednesday,4,First Inter-monsoon,False,24.1,1.9,53,Drizzle,False,,False,False
2025-04-23,Chicken Samosa,90,73,65,8,Wednesday,4,First Inter-monsoon,False,24.1,1.9,53,Drizzle,False,,False,False
2025-04-23,Cream Bun,120,49,46,3,Wednesday,4,First Inter-monsoon,False,24.1,1.9,53,Drizzle,False,,False,False
2025-04-23,Egg Roll,100,58,54,4,Wednesday,4,First Inter-monsoon,False,24.1,1.9,53,Drizzle,False,,False,False
2025-04-23,Fish Bun,120,86,80,6,Wednesday,4,First Inter-monsoon,False,24.1,1.9,53,Drizzle,False,,False,False
2025-04-23,Fish Patty,110,61,57,4,Wednesday,4,First Inter-monsoon,False,24.1,1.9,53,Drizzle,False,,False,False
2025-04-23,Mini Pizza,220,49,43,6,Wednesday,4,First Inter-monsoon,False,24.1,1.9,53,Drizzle,False,,False,False
2025-04-23,Sausage Bun,140,68,62,6,Wednesday,4,First Inter-monsoon,False,24.1,1.9,53,Drizzle,False,,False,False
2025-04-23,Vegetable Roti,100,50,48,2,Wednesday,4,First Inter-monsoon,False,24.1,1.9,53,Drizzle,False,,False,False
2025-04-24,Chicken Bun,130,65,62,3,Thursday,4,First Inter-monsoon,False,24.1,1.1,53,Drizzle,False,,False,False
2025-04-24,Chicken Pastry,180,87,83,4,Thursday,4,First Inter-monsoon,False,24.1,1.1,53,Drizzle,False,,False,False
2025-04-24,Chicken Samosa,90,67,66,1,Thursday,4,First Inter-monsoon,False,24.1,1.1,53,Drizzle,False,,False,False
2025-04-24,Cream Bun,120,54,50,4,Thursday,4,First Inter-monsoon,False,24.1,1.1,53,Drizzle,False,,False,False
2025-04-24,Egg Roll,100,69,64,5,Thursday,4,First Inter-monsoon,False,24.1,1.1,53,Drizzle,False,,False,False
2025-04-24,Fish Bun,120,80,78,2,Thursday,4,First Inter-monsoon,False,24.1,1.1,53,Drizzle,False,,False,False
2025-04-24,Fish Patty,110,60,55,5,Thursday,4,First Inter-monsoon,False,24.1,1.1,53,Drizzle,False,,False,False
2025-04-24,Mini Pizza,220,52,49,3,Thursday,4,First Inter-monsoon,False,24.1,1.1,53,Drizzle,False,,False,False
2025-04-24,Sausage Bun,140,62,58,4,Thursday,4,First Inter-monsoon,False,24.1,1.1,53,Drizzle,False,,False,False
2025-04-24,Vegetable Roti,100,67,62,5,Thursday,4,First Inter-monsoon,False,24.1,1.1,53,Drizzle,False,,False,False
2025-04-25,Chicken Bun,130,56,51,5,Friday,4,First Inter-monsoon,False,24.1,5.4,63,Rain,False,,False,False
2025-04-25,Chicken Pastry,180,83,75,8,Friday,4,First Inter-monsoon,False,24.1,5.4,63,Rain,False,,False,False
2025-04-25,Chicken Samosa,90,62,57,5,Friday,4,First Inter-monsoon,False,24.1,5.4,63,Rain,False,,False,False
2025-04-25,Cream Bun,120,47,41,6,Friday,4,First Inter-monsoon,False,24.1,5.4,63,Rain,False,,False,False
2025-04-25,Egg Roll,100,64,58,6,Friday,4,First Inter-monsoon,False,24.1,5.4,63,Rain,False,,False,False
2025-04-25,Fish Bun,120,78,72,6,Friday,4,First Inter-monsoon,False,24.1,5.4,63,Rain,False,,False,False
2025-04-25,Fish Patty,110,59,55,4,Friday,4,First Inter-monsoon,False,24.1,5.4,63,Rain,False,,False,False
2025-04-25,Mini Pizza,220,38,35,3,Friday,4,First Inter-monsoon,False,24.1,5.4,63,Rain,False,,False,False
2025-04-25,Sausage Bun,140,65,57,8,Friday,4,First Inter-monsoon,False,24.1,5.4,63,Rain,False,,False,False
2025-04-25,Vegetable Roti,100,64,57,7,Friday,4,First Inter-monsoon,False,24.1,5.4,63,Rain,False,,False,False
2025-04-26,Chicken Bun,130,76,67,9,Saturday,4,First Inter-monsoon,True,24.3,5.0,63,Rain,False,,False,False
2025-04-26,Chicken Pastry,180,89,82,7,Saturday,4,First Inter-monsoon,True,24.3,5.0,63,Rain,False,,False,False
2025-04-26,Chicken Samosa,90,70,64,6,Saturday,4,First Inter-monsoon,True,24.3,5.0,63,Rain,False,,False,False
2025-04-26,Cream Bun,120,49,45,4,Saturday,4,First Inter-monsoon,True,24.3,5.0,63,Rain,False,,False,False
2025-04-26,Egg Roll,100,66,59,7,Saturday,4,First Inter-monsoon,True,24.3,5.0,63,Rain,False,,False,False
2025-04-26,Fish Bun,120,82,75,7,Saturday,4,First Inter-monsoon,True,24.3,5.0,63,Rain,False,,False,False
2025-04-26,Fish Patty,110,68,59,9,Saturday,4,First Inter-monsoon,True,24.3,5.0,63,Rain,False,,False,False
2025-04-26,Mini Pizza,220,40,38,2,Saturday,4,First Inter-monsoon,True,24.3,5.0,63,Rain,False,,False,False
2025-04-26,Sausage Bun,140,65,60,5,Saturday,4,First Inter-monsoon,True,24.3,5.0,63,Rain,False,,False,False
2025-04-26,Vegetable Roti,100,49,45,4,Saturday,4,First Inter-monsoon,True,24.3,5.0,63,Rain,False,,False,False
2025-04-27,Chicken Bun,130,77,68,9,Sunday,4,First Inter-monsoon,True,24.0,6.3,61,Rain,False,,False,False
2025-04-27,Chicken Pastry,180,86,81,5,Sunday,4,First Inter-monsoon,True,24.0,6.3,61,Rain,False,,False,False
2025-04-27,Chicken Samosa,90,75,67,8,Sunday,4,First Inter-monsoon,True,24.0,6.3,61,Rain,False,,False,False
2025-04-27,Cream Bun,120,49,44,5,Sunday,4,First Inter-monsoon,True,24.0,6.3,61,Rain,False,,False,False
2025-04-27,Egg Roll,100,63,61,2,Sunday,4,First Inter-monsoon,True,24.0,6.3,61,Rain,False,,False,False
2025-04-27,Fish Bun,120,77,70,7,Sunday,4,First Inter-monsoon,True,24.0,6.3,61,Rain,False,,False,False
2025-04-27,Fish Patty,110,52,47,5,Sunday,4,First Inter-monsoon,True,24.0,6.3,61,Rain,False,,False,False
2025-04-27,Mini Pizza,220,43,39,4,Sunday,4,First Inter-monsoon,True,24.0,6.3,61,Rain,False,,False,False
2025-04-27,Sausage Bun,140,64,64,0,Sunday,4,First Inter-monsoon,True,24.0,6.3,61,Rain,False,,False,False
2025-04-27,Vegetable Roti,100,56,50,6,Sunday,4,First Inter-monsoon,True,24.0,6.3,61,Rain,False,,False,False
2025-04-28,Chicken Bun,130,52,51,1,Monday,4,First Inter-monsoon,False,24.1,6.1,61,Rain,False,,False,False
2025-04-28,Chicken Pastry,180,79,73,6,Monday,4,First Inter-monsoon,False,24.1,6.1,61,Rain,False,,False,False
2025-04-28,Chicken Samosa,90,63,56,7,Monday,4,First Inter-monsoon,False,24.1,6.1,61,Rain,False,,False,False
2025-04-28,Cream Bun,120,44,37,7,Monday,4,First Inter-monsoon,False,24.1,6.1,61,Rain,False,,False,False
2025-04-28,Egg Roll,100,56,51,5,Monday,4,First Inter-monsoon,False,24.1,6.1,61,Rain,False,,False,False
2025-04-28,Fish Bun,120,69,65,4,Monday,4,First Inter-monsoon,False,24.1,6.1,61,Rain,False,,False,False
2025-04-28,Fish Patty,110,57,51,6,Monday,4,First Inter-monsoon,False,24.1,6.1,61,Rain,False,,False,False
2025-04-28,Mini Pizza,220,39,35,4,Monday,4,First Inter-monsoon,False,24.1,6.1,61,Rain,False,,False,False
2025-04-28,Sausage Bun,140,58,55,3,Monday,4,First Inter-monsoon,False,24.1,6.1,61,Rain,False,,False,False
2025-04-28,Vegetable Roti,100,55,49,6,Monday,4,First Inter-monsoon,False,24.1,6.1,61,Rain,False,,False,False
2025-04-29,Chicken Bun,130,58,52,6,Tuesday,4,First Inter-monsoon,False,24.1,9.2,63,Rain,False,,False,False
2025-04-29,Chicken Pastry,180,71,66,5,Tuesday,4,First Inter-monsoon,False,24.1,9.2,63,Rain,False,,False,False
2025-04-29,Chicken Samosa,90,67,59,8,Tuesday,4,First Inter-monsoon,False,24.1,9.2,63,Rain,False,,False,False
2025-04-29,Cream Bun,120,44,38,6,Tuesday,4,First Inter-monsoon,False,24.1,9.2,63,Rain,False,,False,False
2025-04-29,Egg Roll,100,47,46,1,Tuesday,4,First Inter-monsoon,False,24.1,9.2,63,Rain,False,,False,False
2025-04-29,Fish Bun,120,69,62,7,Tuesday,4,First Inter-monsoon,False,24.1,9.2,63,Rain,False,,False,False
2025-04-29,Fish Patty,110,49,44,5,Tuesday,4,First Inter-monsoon,False,24.1,9.2,63,Rain,False,,False,False
2025-04-29,Mini Pizza,220,36,32,4,Tuesday,4,First Inter-monsoon,False,24.1,9.2,63,Rain,False,,False,False
2025-04-29,Sausage Bun,140,47,43,4,Tuesday,4,First Inter-monsoon,False,24.1,9.2,63,Rain,False,,False,False
2025-04-29,Vegetable Roti,100,50,50,0,Tuesday,4,First Inter-monsoon,False,24.1,9.2,63,Rain,False,,False,False
2025-04-30,Chicken Bun,130,54,49,5,Wednesday,4,First Inter-monsoon,False,23.4,6.0,63,Rain,False,,True,False
2025-04-30,Chicken Pastry,180,80,71,9,Wednesday,4,First Inter-monsoon,False,23.4,6.0,63,Rain,False,,True,False
2025-04-30,Chicken Samosa,90,70,65,5,Wednesday,4,First Inter-monsoon,False,23.4,6.0,63,Rain,False,,True,False
2025-04-30,Cream Bun,120,36,34,2,Wednesday,4,First Inter-monsoon,False,23.4,6.0,63,Rain,False,,True,False
2025-04-30,Egg Roll,100,61,56,5,Wednesday,4,First Inter-monsoon,False,23.4,6.0,63,Rain,False,,True,False
2025-04-30,Fish Bun,120,76,70,6,Wednesday,4,First Inter-monsoon,False,23.4,6.0,63,Rain,False,,True,False
2025-04-30,Fish Patty,110,49,46,3,Wednesday,4,First Inter-monsoon,False,23.4,6.0,63,Rain,False,,True,False
2025-04-30,Mini Pizza,220,31,29,2,Wednesday,4,First Inter-monsoon,False,23.4,6.0,63,Rain,False,,True,False
2025-04-30,Sausage Bun,140,59,53,6,Wednesday,4,First Inter-monsoon,False,23.4,6.0,63,Rain,False,,True,False
2025-04-30,Vegetable Roti,100,58,54,4,Wednesday,4,First Inter-monsoon,False,23.4,6.0,63,Rain,False,,True,False
2025-05-01,Chicken Bun,130,71,66,5,Thursday,5,Southwest Monsoon,False,24.6,1.0,53,Drizzle,True,International Workers' Day,False,False
2025-05-01,Chicken Pastry,180,112,107,5,Thursday,5,Southwest Monsoon,False,24.6,1.0,53,Drizzle,True,International Workers' Day,False,False
2025-05-01,Chicken Samosa,90,77,69,8,Thursday,5,Southwest Monsoon,False,24.6,1.0,53,Drizzle,True,International Workers' Day,False,False
2025-05-01,Cream Bun,120,53,49,4,Thursday,5,Southwest Monsoon,False,24.6,1.0,53,Drizzle,True,International Workers' Day,False,False
2025-05-01,Egg Roll,100,62,61,1,Thursday,5,Southwest Monsoon,False,24.6,1.0,53,Drizzle,True,International Workers' Day,False,False
2025-05-01,Fish Bun,120,74,67,7,Thursday,5,Southwest Monsoon,False,24.6,1.0,53,Drizzle,True,International Workers' Day,False,False
2025-05-01,Fish Patty,110,62,53,9,Thursday,5,Southwest Monsoon,False,24.6,1.0,53,Drizzle,True,International Workers' Day,False,False
2025-05-01,Mini Pizza,220,64,60,4,Thursday,5,Southwest Monsoon,False,24.6,1.0,53,Drizzle,True,International Workers' Day,False,False
2025-05-01,Sausage Bun,140,65,63,2,Thursday,5,Southwest Monsoon,False,24.6,1.0,53,Drizzle,True,International Workers' Day,False,False
2025-05-01,Vegetable Roti,100,66,59,7,Thursday,5,Southwest Monsoon,False,24.6,1.0,53,Drizzle,True,International Workers' Day,False,False
2025-05-02,Chicken Bun,130,68,60,8,Friday,5,Southwest Monsoon,False,24.2,1.7,53,Drizzle,False,,False,True
2025-05-02,Chicken Pastry,180,107,96,11,Friday,5,Southwest Monsoon,False,24.2,1.7,53,Drizzle,False,,False,True
2025-05-02,Chicken Samosa,90,82,75,7,Friday,5,Southwest Monsoon,False,24.2,1.7,53,Drizzle,False,,False,True
2025-05-02,Cream Bun,120,53,48,5,Friday,5,Southwest Monsoon,False,24.2,1.7,53,Drizzle,False,,False,True
2025-05-02,Egg Roll,100,56,50,6,Friday,5,Southwest Monsoon,False,24.2,1.7,53,Drizzle,False,,False,True
2025-05-02,Fish Bun,120,70,64,6,Friday,5,Southwest Monsoon,False,24.2,1.7,53,Drizzle,False,,False,True
2025-05-02,Fish Patty,110,57,52,5,Friday,5,Southwest Monsoon,False,24.2,1.7,53,Drizzle,False,,False,True
2025-05-02,Mini Pizza,220,43,38,5,Friday,5,Southwest Monsoon,False,24.2,1.7,53,Drizzle,False,,False,True
2025-05-02,Sausage Bun,140,58,51,7,Friday,5,Southwest Monsoon,False,24.2,1.7,53,Drizzle,False,,False,True
2025-05-02,Vegetable Roti,100,50,48,2,Friday,5,Southwest Monsoon,False,24.2,1.7,53,Drizzle,False,,False,True
2025-05-03,Chicken Bun,130,78,70,8,Saturday,5,Southwest Monsoon,True,24.0,3.4,63,Rain,False,,False,False
2025-05-03,Chicken Pastry,180,95,95,0,Saturday,5,Southwest Monsoon,True,24.0,3.4,63,Rain,False,,False,False
2025-05-03,Chicken Samosa,90,62,61,1,Saturday,5,Southwest Monsoon,True,24.0,3.4,63,Rain,False,,False,False
2025-05-03,Cream Bun,120,51,46,5,Saturday,5,Southwest Monsoon,True,24.0,3.4,63,Rain,False,,False,False
2025-05-03,Egg Roll,100,66,64,2,Saturday,5,Southwest Monsoon,True,24.0,3.4,63,Rain,False,,False,False
2025-05-03,Fish Bun,120,83,74,9,Saturday,5,Southwest Monsoon,True,24.0,3.4,63,Rain,False,,False,False
2025-05-03,Fish Patty,110,57,56,1,Saturday,5,Southwest Monsoon,True,24.0,3.4,63,Rain,False,,False,False
2025-05-03,Mini Pizza,220,43,39,4,Saturday,5,Southwest Monsoon,True,24.0,3.4,63,Rain,False,,False,False
2025-05-03,Sausage Bun,140,63,58,5,Saturday,5,Southwest Monsoon,True,24.0,3.4,63,Rain,False,,False,False
2025-05-03,Vegetable Roti,100,55,55,0,Saturday,5,Southwest Monsoon,True,24.0,3.4,63,Rain,False,,False,False
2025-05-04,Chicken Bun,130,80,72,8,Sunday,5,Southwest Monsoon,True,24.5,0.7,51,Drizzle,False,,False,False
2025-05-04,Chicken Pastry,180,104,97,7,Sunday,5,Southwest Monsoon,True,24.5,0.7,51,Drizzle,False,,False,False
2025-05-04,Chicken Samosa,90,78,75,3,Sunday,5,Southwest Monsoon,True,24.5,0.7,51,Drizzle,False,,False,False
2025-05-04,Cream Bun,120,48,47,1,Sunday,5,Southwest Monsoon,True,24.5,0.7,51,Drizzle,False,,False,False
2025-05-04,Egg Roll,100,79,73,6,Sunday,5,Southwest Monsoon,True,24.5,0.7,51,Drizzle,False,,False,False
2025-05-04,Fish Bun,120,86,81,5,Sunday,5,Southwest Monsoon,True,24.5,0.7,51,Drizzle,False,,False,False
2025-05-04,Fish Patty,110,68,62,6,Sunday,5,Southwest Monsoon,True,24.5,0.7,51,Drizzle,False,,False,False
2025-05-04,Mini Pizza,220,58,54,4,Sunday,5,Southwest Monsoon,True,24.5,0.7,51,Drizzle,False,,False,False
2025-05-04,Sausage Bun,140,68,63,5,Sunday,5,Southwest Monsoon,True,24.5,0.7,51,Drizzle,False,,False,False
2025-05-04,Vegetable Roti,100,65,60,5,Sunday,5,Southwest Monsoon,True,24.5,0.7,51,Drizzle,False,,False,False
2025-05-05,Chicken Bun,130,57,55,2,Monday,5,Southwest Monsoon,False,24.7,3.4,63,Rain,False,,False,False
2025-05-05,Chicken Pastry,180,82,79,3,Monday,5,Southwest Monsoon,False,24.7,3.4,63,Rain,False,,False,False
2025-05-05,Chicken Samosa,90,65,62,3,Monday,5,Southwest Monsoon,False,24.7,3.4,63,Rain,False,,False,False
2025-05-05,Cream Bun,120,39,36,3,Monday,5,Southwest Monsoon,False,24.7,3.4,63,Rain,False,,False,False
2025-05-05,Egg Roll,100,59,57,2,Monday,5,Southwest Monsoon,False,24.7,3.4,63,Rain,False,,False,False
2025-05-05,Fish Bun,120,71,70,1,Monday,5,Southwest Monsoon,False,24.7,3.4,63,Rain,False,,False,False
2025-05-05,Fish Patty,110,52,51,1,Monday,5,Southwest Monsoon,False,24.7,3.4,63,Rain,False,,False,False
2025-05-05,Mini Pizza,220,40,37,3,Monday,5,Southwest Monsoon,False,24.7,3.4,63,Rain,False,,False,False
2025-05-05,Sausage Bun,140,60,55,5,Monday,5,Southwest Monsoon,False,24.7,3.4,63,Rain,False,,False,False
2025-05-05,Vegetable Roti,100,57,51,6,Monday,5,Southwest Monsoon,False,24.7,3.4,63,Rain,False,,False,False
2025-05-06,Chicken Bun,130,69,62,7,Tuesday,5,Southwest Monsoon,False,24.6,0.7,53,Drizzle,False,,False,False
2025-05-06,Chicken Pastry,180,87,84,3,Tuesday,5,Southwest Monsoon,False,24.6,0.7,53,Drizzle,False,,False,False
2025-05-06,Chicken Samosa,90,73,66,7,Tuesday,5,Southwest Monsoon,False,24.6,0.7,53,Drizzle,False,,False,False
2025-05-06,Cream Bun,120,49,46,3,Tuesday,5,Southwest Monsoon,False,24.6,0.7,53,Drizzle,False,,False,False
2025-05-06,Egg Roll,100,70,59,11,Tuesday,5,Southwest Monsoon,False,24.6,0.7,53,Drizzle,False,,False,False
2025-05-06,Fish Bun,120,73,67,6,Tuesday,5,Southwest Monsoon,False,24.6,0.7,53,Drizzle,False,,False,False
2025-05-06,Fish Patty,110,51,48,3,Tuesday,5,Southwest Monsoon,False,24.6,0.7,53,Drizzle,False,,False,False
2025-05-06,Mini Pizza,220,44,41,3,Tuesday,5,Southwest Monsoon,False,24.6,0.7,53,Drizzle,False,,False,False
2025-05-06,Sausage Bun,140,58,56,2,Tuesday,5,Southwest Monsoon,False,24.6,0.7,53,Drizzle,False,,False,False
2025-05-06,Vegetable Roti,100,54,50,4,Tuesday,5,Southwest Monsoon,False,24.6,0.7,53,Drizzle,False,,False,False
2025-05-07,Chicken Bun,130,66,62,4,Wednesday,5,Southwest Monsoon,False,23.9,2.6,61,Rain,False,,False,False
2025-05-07,Chicken Pastry,180,86,80,6,Wednesday,5,Southwest Monsoon,False,23.9,2.6,61,Rain,False,,False,False
2025-05-07,Chicken Samosa,90,66,61,5,Wednesday,5,Southwest Monsoon,False,23.9,2.6,61,Rain,False,,False,False
2025-05-07,Cream Bun,120,45,41,4,Wednesday,5,Southwest Monsoon,False,23.9,2.6,61,Rain,False,,False,False
2025-05-07,Egg Roll,100,60,54,6,Wednesday,5,Southwest Monsoon,False,23.9,2.6,61,Rain,False,,False,False
2025-05-07,Fish Bun,120,66,60,6,Wednesday,5,Southwest Monsoon,False,23.9,2.6,61,Rain,False,,False,False
2025-05-07,Fish Patty,110,51,47,4,Wednesday,5,Southwest Monsoon,False,23.9,2.6,61,Rain,False,,False,False
2025-05-07,Mini Pizza,220,36,33,3,Wednesday,5,Southwest Monsoon,False,23.9,2.6,61,Rain,False,,False,False
2025-05-07,Sausage Bun,140,61,57,4,Wednesday,5,Southwest Monsoon,False,23.9,2.6,61,Rain,False,,False,False
2025-05-07,Vegetable Roti,100,63,59,4,Wednesday,5,Southwest Monsoon,False,23.9,2.6,61,Rain,False,,False,False
2025-05-08,Chicken Bun,130,63,58,5,Thursday,5,Southwest Monsoon,False,24.3,1.7,53,Drizzle,False,,False,False
2025-05-08,Chicken Pastry,180,86,85,1,Thursday,5,Southwest Monsoon,False,24.3,1.7,53,Drizzle,False,,False,False
2025-05-08,Chicken Samosa,90,69,61,8,Thursday,5,Southwest Monsoon,False,24.3,1.7,53,Drizzle,False,,False,False
2025-05-08,Cream Bun,120,50,47,3,Thursday,5,Southwest Monsoon,False,24.3,1.7,53,Drizzle,False,,False,False
2025-05-08,Egg Roll,100,66,61,5,Thursday,5,Southwest Monsoon,False,24.3,1.7,53,Drizzle,False,,False,False
2025-05-08,Fish Bun,120,78,71,7,Thursday,5,Southwest Monsoon,False,24.3,1.7,53,Drizzle,False,,False,False
2025-05-08,Fish Patty,110,56,54,2,Thursday,5,Southwest Monsoon,False,24.3,1.7,53,Drizzle,False,,False,False
2025-05-08,Mini Pizza,220,37,37,0,Thursday,5,Southwest Monsoon,False,24.3,1.7,53,Drizzle,False,,False,False
2025-05-08,Sausage Bun,140,61,60,1,Thursday,5,Southwest Monsoon,False,24.3,1.7,53,Drizzle,False,,False,False
2025-05-08,Vegetable Roti,100,52,46,6,Thursday,5,Southwest Monsoon,False,24.3,1.7,53,Drizzle,False,,False,False
2025-05-09,Chicken Bun,130,70,64,6,Friday,5,Southwest Monsoon,False,25.2,0.1,51,Drizzle,False,,False,False
2025-05-09,Chicken Pastry,180,111,102,9,Friday,5,Southwest Monsoon,False,25.2,0.1,51,Drizzle,False,,False,False
2025-05-09,Chicken Samosa,90,78,74,4,Friday,5,Southwest Monsoon,False,25.2,0.1,51,Drizzle,False,,False,False
2025-05-09,Cream Bun,120,50,46,4,Friday,5,Southwest Monsoon,False,25.2,0.1,51,Drizzle,False,,False,False
2025-05-09,Egg Roll,100,64,62,2,Friday,5,Southwest Monsoon,False,25.2,0.1,51,Drizzle,False,,False,False
2025-05-09,Fish Bun,120,74,69,5,Friday,5,Southwest Monsoon,False,25.2,0.1,51,Drizzle,False,,False,False
2025-05-09,Fish Patty,110,53,50,3,Friday,5,Southwest Monsoon,False,25.2,0.1,51,Drizzle,False,,False,False
2025-05-09,Mini Pizza,220,47,44,3,Friday,5,Southwest Monsoon,False,25.2,0.1,51,Drizzle,False,,False,False
2025-05-09,Sausage Bun,140,71,62,9,Friday,5,Southwest Monsoon,False,25.2,0.1,51,Drizzle,False,,False,False
2025-05-09,Vegetable Roti,100,60,53,7,Friday,5,Southwest Monsoon,False,25.2,0.1,51,Drizzle,False,,False,False
2025-05-10,Chicken Bun,130,70,66,4,Saturday,5,Southwest Monsoon,True,24.5,1.4,53,Drizzle,False,,False,False
2025-05-10,Chicken Pastry,180,94,86,8,Saturday,5,Southwest Monsoon,True,24.5,1.4,53,Drizzle,False,,False,False
2025-05-10,Chicken Samosa,90,78,68,10,Saturday,5,Southwest Monsoon,True,24.5,1.4,53,Drizzle,False,,False,False
2025-05-10,Cream Bun,120,58,53,5,Saturday,5,Southwest Monsoon,True,24.5,1.4,53,Drizzle,False,,False,False
2025-05-10,Egg Roll,100,64,62,2,Saturday,5,Southwest Monsoon,True,24.5,1.4,53,Drizzle,False,,False,False
2025-05-10,Fish Bun,120,92,84,8,Saturday,5,Southwest Monsoon,True,24.5,1.4,53,Drizzle,False,,False,False
2025-05-10,Fish Patty,110,55,51,4,Saturday,5,Southwest Monsoon,True,24.5,1.4,53,Drizzle,False,,False,False
2025-05-10,Mini Pizza,220,47,43,4,Saturday,5,Southwest Monsoon,True,24.5,1.4,53,Drizzle,False,,False,False
2025-05-10,Sausage Bun,140,67,64,3,Saturday,5,Southwest Monsoon,True,24.5,1.4,53,Drizzle,False,,False,False
2025-05-10,Vegetable Roti,100,65,58,7,Saturday,5,Southwest Monsoon,True,24.5,1.4,53,Drizzle,False,,False,False
2025-05-11,Chicken Bun,130,68,62,6,Sunday,5,Southwest Monsoon,True,24.5,0.7,51,Drizzle,False,,True,False
2025-05-11,Chicken Pastry,180,129,112,17,Sunday,5,Southwest Monsoon,True,24.5,0.7,51,Drizzle,False,,True,False
2025-05-11,Chicken Samosa,90,73,71,2,Sunday,5,Southwest Monsoon,True,24.5,0.7,51,Drizzle,False,,True,False
2025-05-11,Cream Bun,120,58,53,5,Sunday,5,Southwest Monsoon,True,24.5,0.7,51,Drizzle,False,,True,False
2025-05-11,Egg Roll,100,75,68,7,Sunday,5,Southwest Monsoon,True,24.5,0.7,51,Drizzle,False,,True,False
2025-05-11,Fish Bun,120,80,73,7,Sunday,5,Southwest Monsoon,True,24.5,0.7,51,Drizzle,False,,True,False
2025-05-11,Fish Patty,110,63,58,5,Sunday,5,Southwest Monsoon,True,24.5,0.7,51,Drizzle,False,,True,False
2025-05-11,Mini Pizza,220,56,51,5,Sunday,5,Southwest Monsoon,True,24.5,0.7,51,Drizzle,False,,True,False
2025-05-11,Sausage Bun,140,71,65,6,Sunday,5,Southwest Monsoon,True,24.5,0.7,51,Drizzle,False,,True,False
2025-05-11,Vegetable Roti,100,65,58,7,Sunday,5,Southwest Monsoon,True,24.5,0.7,51,Drizzle,False,,True,False
2025-05-12,Chicken Bun,130,75,67,8,Monday,5,Southwest Monsoon,False,23.7,2.3,53,Drizzle,True,Vesak Full Moon Poya Day,True,False
2025-05-12,Chicken Pastry,180,102,97,5,Monday,5,Southwest Monsoon,False,23.7,2.3,53,Drizzle,True,Vesak Full Moon Poya Day,True,False
2025-05-12,Chicken Samosa,90,68,67,1,Monday,5,Southwest Monsoon,False,23.7,2.3,53,Drizzle,True,Vesak Full Moon Poya Day,True,False
2025-05-12,Cream Bun,120,60,54,6,Monday,5,Southwest Monsoon,False,23.7,2.3,53,Drizzle,True,Vesak Full Moon Poya Day,True,False
2025-05-12,Egg Roll,100,69,64,5,Monday,5,Southwest Monsoon,False,23.7,2.3,53,Drizzle,True,Vesak Full Moon Poya Day,True,False
2025-05-12,Fish Bun,120,73,70,3,Monday,5,Southwest Monsoon,False,23.7,2.3,53,Drizzle,True,Vesak Full Moon Poya Day,True,False
2025-05-12,Fish Patty,110,66,62,4,Monday,5,Southwest Monsoon,False,23.7,2.3,53,Drizzle,True,Vesak Full Moon Poya Day,True,False
2025-05-12,Mini Pizza,220,56,48,8,Monday,5,Southwest Monsoon,False,23.7,2.3,53,Drizzle,True,Vesak Full Moon Poya Day,True,False
2025-05-12,Sausage Bun,140,56,49,7,Monday,5,Southwest Monsoon,False,23.7,2.3,53,Drizzle,True,Vesak Full Moon Poya Day,True,False
2025-05-12,Vegetable Roti,100,52,49,3,Monday,5,Southwest Monsoon,False,23.7,2.3,53,Drizzle,True,Vesak Full Moon Poya Day,True,False
2025-05-13,Chicken Bun,130,84,75,9,Tuesday,5,Southwest Monsoon,False,24.6,2.0,53,Drizzle,True,Day Following Vesak Full Moon Poya Day,False,True
2025-05-13,Chicken Pastry,180,101,94,7,Tuesday,5,Southwest Monsoon,False,24.6,2.0,53,Drizzle,True,Day Following Vesak Full Moon Poya Day,False,True
2025-05-13,Chicken Samosa,90,74,71,3,Tuesday,5,Southwest Monsoon,False,24.6,2.0,53,Drizzle,True,Day Following Vesak Full Moon Poya Day,False,True
2025-05-13,Cream Bun,120,51,51,0,Tuesday,5,Southwest Monsoon,False,24.6,2.0,53,Drizzle,True,Day Following Vesak Full Moon Poya Day,False,True
2025-05-13,Egg Roll,100,66,62,4,Tuesday,5,Southwest Monsoon,False,24.6,2.0,53,Drizzle,True,Day Following Vesak Full Moon Poya Day,False,True
2025-05-13,Fish Bun,120,91,81,10,Tuesday,5,Southwest Monsoon,False,24.6,2.0,53,Drizzle,True,Day Following Vesak Full Moon Poya Day,False,True
2025-05-13,Fish Patty,110,61,55,6,Tuesday,5,Southwest Monsoon,False,24.6,2.0,53,Drizzle,True,Day Following Vesak Full Moon Poya Day,False,True
2025-05-13,Mini Pizza,220,49,46,3,Tuesday,5,Southwest Monsoon,False,24.6,2.0,53,Drizzle,True,Day Following Vesak Full Moon Poya Day,False,True
2025-05-13,Sausage Bun,140,64,61,3,Tuesday,5,Southwest Monsoon,False,24.6,2.0,53,Drizzle,True,Day Following Vesak Full Moon Poya Day,False,True
2025-05-13,Vegetable Roti,100,65,61,4,Tuesday,5,Southwest Monsoon,False,24.6,2.0,53,Drizzle,True,Day Following Vesak Full Moon Poya Day,False,True
2025-05-14,Chicken Bun,130,63,62,1,Wednesday,5,Southwest Monsoon,False,24.9,2.2,51,Drizzle,False,,False,True
2025-05-14,Chicken Pastry,180,83,74,9,Wednesday,5,Southwest Monsoon,False,24.9,2.2,51,Drizzle,False,,False,True
2025-05-14,Chicken Samosa,90,75,70,5,Wednesday,5,Southwest Monsoon,False,24.9,2.2,51,Drizzle,False,,False,True
2025-05-14,Cream Bun,120,46,42,4,Wednesday,5,Southwest Monsoon,False,24.9,2.2,51,Drizzle,False,,False,True
2025-05-14,Egg Roll,100,68,61,7,Wednesday,5,Southwest Monsoon,False,24.9,2.2,51,Drizzle,False,,False,True
2025-05-14,Fish Bun,120,69,64,5,Wednesday,5,Southwest Monsoon,False,24.9,2.2,51,Drizzle,False,,False,True
2025-05-14,Fish Patty,110,61,54,7,Wednesday,5,Southwest Monsoon,False,24.9,2.2,51,Drizzle,False,,False,True
2025-05-14,Mini Pizza,220,42,39,3,Wednesday,5,Southwest Monsoon,False,24.9,2.2,51,Drizzle,False,,False,True
2025-05-14,Sausage Bun,140,60,53,7,Wednesday,5,Southwest Monsoon,False,24.9,2.2,51,Drizzle,False,,False,True
2025-05-14,Vegetable Roti,100,62,57,5,Wednesday,5,Southwest Monsoon,False,24.9,2.2,51,Drizzle,False,,False,True
2025-05-15,Chicken Bun,130,69,64,5,Thursday,5,Southwest Monsoon,False,24.9,2.2,51,Drizzle,False,,False,False
2025-05-15,Chicken Pastry,180,92,83,9,Thursday,5,Southwest Monsoon,False,24.9,2.2,51,Drizzle,False,,False,False
2025-05-15,Chicken Samosa,90,63,59,4,Thursday,5,Southwest Monsoon,False,24.9,2.2,51,Drizzle,False,,False,False
2025-05-15,Cream Bun,120,50,45,5,Thursday,5,Southwest Monsoon,False,24.9,2.2,51,Drizzle,False,,False,False
2025-05-15,Egg Roll,100,65,60,5,Thursday,5,Southwest Monsoon,False,24.9,2.2,51,Drizzle,False,,False,False
2025-05-15,Fish Bun,120,66,62,4,Thursday,5,Southwest Monsoon,False,24.9,2.2,51,Drizzle,False,,False,False
2025-05-15,Fish Patty,110,50,45,5,Thursday,5,Southwest Monsoon,False,24.9,2.2,51,Drizzle,False,,False,False
2025-05-15,Mini Pizza,220,43,39,4,Thursday,5,Southwest Monsoon,False,24.9,2.2,51,Drizzle,False,,False,False
2025-05-15,Sausage Bun,140,55,52,3,Thursday,5,Southwest Monsoon,False,24.9,2.2,51,Drizzle,False,,False,False
2025-05-15,Vegetable Roti,100,61,60,1,Thursday,5,Southwest Monsoon,False,24.9,2.2,51,Drizzle,False,,False,False
2025-05-16,Chicken Bun,130,68,62,6,Friday,5,Southwest Monsoon,False,24.6,2.0,53,Drizzle,False,,False,False
2025-05-16,Chicken Pastry,180,90,82,8,Friday,5,Southwest Monsoon,False,24.6,2.0,53,Drizzle,False,,False,False
2025-05-16,Chicken Samosa,90,65,60,5,Friday,5,Southwest Monsoon,False,24.6,2.0,53,Drizzle,False,,False,False
2025-05-16,Cream Bun,120,53,46,7,Friday,5,Southwest Monsoon,False,24.6,2.0,53,Drizzle,False,,False,False
2025-05-16,Egg Roll,100,67,63,4,Friday,5,Southwest Monsoon,False,24.6,2.0,53,Drizzle,False,,False,False
2025-05-16,Fish Bun,120,74,70,4,Friday,5,Southwest Monsoon,False,24.6,2.0,53,Drizzle,False,,False,False
2025-05-16,Fish Patty,110,54,49,5,Friday,5,Southwest Monsoon,False,24.6,2.0,53,Drizzle,False,,False,False
2025-05-16,Mini Pizza,220,38,36,2,Friday,5,Southwest Monsoon,False,24.6,2.0,53,Drizzle,False,,False,False
2025-05-16,Sausage Bun,140,54,53,1,Friday,5,Southwest Monsoon,False,24.6,2.0,53,Drizzle,False,,False,False
2025-05-16,Vegetable Roti,100,54,53,1,Friday,5,Southwest Monsoon,False,24.6,2.0,53,Drizzle,False,,False,False
2025-05-17,Chicken Bun,130,64,60,4,Saturday,5,Southwest Monsoon,True,23.6,5.3,61,Rain,False,,False,False
2025-05-17,Chicken Pastry,180,102,90,12,Saturday,5,Southwest Monsoon,True,23.6,5.3,61,Rain,False,,False,False
2025-05-17,Chicken Samosa,90,69,63,6,Saturday,5,Southwest Monsoon,True,23.6,5.3,61,Rain,False,,False,False
2025-05-17,Cream Bun,120,42,39,3,Saturday,5,Southwest Monsoon,True,23.6,5.3,61,Rain,False,,False,False
2025-05-17,Egg Roll,100,56,55,1,Saturday,5,Southwest Monsoon,True,23.6,5.3,61,Rain,False,,False,False
2025-05-17,Fish Bun,120,87,75,12,Saturday,5,Southwest Monsoon,True,23.6,5.3,61,Rain,False,,False,False
2025-05-17,Fish Patty,110,54,49,5,Saturday,5,Southwest Monsoon,True,23.6,5.3,61,Rain,False,,False,False
2025-05-17,Mini Pizza,220,37,36,1,Saturday,5,Southwest Monsoon,True,23.6,5.3,61,Rain,False,,False,False
2025-05-17,Sausage Bun,140,64,59,5,Saturday,5,Southwest Monsoon,True,23.6,5.3,61,Rain,False,,False,False
2025-05-17,Vegetable Roti,100,60,59,1,Saturday,5,Southwest Monsoon,True,23.6,5.3,61,Rain,False,,False,False
2025-05-18,Chicken Bun,130,59,54,5,Sunday,5,Southwest Monsoon,True,23.4,17.2,65,Rain,False,,False,False
2025-05-18,Chicken Pastry,180,78,74,4,Sunday,5,Southwest Monsoon,True,23.4,17.2,65,Rain,False,,False,False
2025-05-18,Chicken Samosa,90,61,56,5,Sunday,5,Southwest Monsoon,True,23.4,17.2,65,Rain,False,,False,False
2025-05-18,Cream Bun,120,42,41,1,Sunday,5,Southwest Monsoon,True,23.4,17.2,65,Rain,False,,False,False
2025-05-18,Egg Roll,100,49,44,5,Sunday,5,Southwest Monsoon,True,23.4,17.2,65,Rain,False,,False,False
2025-05-18,Fish Bun,120,53,48,5,Sunday,5,Southwest Monsoon,True,23.4,17.2,65,Rain,False,,False,False
2025-05-18,Fish Patty,110,50,43,7,Sunday,5,Southwest Monsoon,True,23.4,17.2,65,Rain,False,,False,False
2025-05-18,Mini Pizza,220,50,44,6,Sunday,5,Southwest Monsoon,True,23.4,17.2,65,Rain,False,,False,False
2025-05-18,Sausage Bun,140,43,43,0,Sunday,5,Southwest Monsoon,True,23.4,17.2,65,Rain,False,,False,False
2025-05-18,Vegetable Roti,100,43,41,2,Sunday,5,Southwest Monsoon,True,23.4,17.2,65,Rain,False,,False,False
2025-05-19,Chicken Bun,130,54,50,4,Monday,5,Southwest Monsoon,False,24.0,5.1,61,Rain,False,,False,False
2025-05-19,Chicken Pastry,180,70,65,5,Monday,5,Southwest Monsoon,False,24.0,5.1,61,Rain,False,,False,False
2025-05-19,Chicken Samosa,90,81,76,5,Monday,5,Southwest Monsoon,False,24.0,5.1,61,Rain,False,,False,False
2025-05-19,Cream Bun,120,40,38,2,Monday,5,Southwest Monsoon,False,24.0,5.1,61,Rain,False,,False,False
2025-05-19,Egg Roll,100,52,51,1,Monday,5,Southwest Monsoon,False,24.0,5.1,61,Rain,False,,False,False
2025-05-19,Fish Bun,120,80,74,6,Monday,5,Southwest Monsoon,False,24.0,5.1,61,Rain,False,,False,False
2025-05-19,Fish Patty,110,44,42,2,Monday,5,Southwest Monsoon,False,24.0,5.1,61,Rain,False,,False,False
2025-05-19,Mini Pizza,220,37,35,2,Monday,5,Southwest Monsoon,False,24.0,5.1,61,Rain,False,,False,False
2025-05-19,Sausage Bun,140,57,53,4,Monday,5,Southwest Monsoon,False,24.0,5.1,61,Rain,False,,False,False
2025-05-19,Vegetable Roti,100,60,56,4,Monday,5,Southwest Monsoon,False,24.0,5.1,61,Rain,False,,False,False
2025-05-20,Chicken Bun,130,74,71,3,Tuesday,5,Southwest Monsoon,False,24.3,2.3,53,Drizzle,False,,False,False
2025-05-20,Chicken Pastry,180,80,77,3,Tuesday,5,Southwest Monsoon,False,24.3,2.3,53,Drizzle,False,,False,False
2025-05-20,Chicken Samosa,90,82,75,7,Tuesday,5,Southwest Monsoon,False,24.3,2.3,53,Drizzle,False,,False,False
2025-05-20,Cream Bun,120,45,43,2,Tuesday,5,Southwest Monsoon,False,24.3,2.3,53,Drizzle,False,,False,False
2025-05-20,Egg Roll,100,59,58,1,Tuesday,5,Southwest Monsoon,False,24.3,2.3,53,Drizzle,False,,False,False
2025-05-20,Fish Bun,120,69,68,1,Tuesday,5,Southwest Monsoon,False,24.3,2.3,53,Drizzle,False,,False,False
2025-05-20,Fish Patty,110,55,50,5,Tuesday,5,Southwest Monsoon,False,24.3,2.3,53,Drizzle,False,,False,False
2025-05-20,Mini Pizza,220,44,41,3,Tuesday,5,Southwest Monsoon,False,24.3,2.3,53,Drizzle,False,,False,False
2025-05-20,Sausage Bun,140,55,52,3,Tuesday,5,Southwest Monsoon,False,24.3,2.3,53,Drizzle,False,,False,False
2025-05-20,Vegetable Roti,100,57,55,2,Tuesday,5,Southwest Monsoon,False,24.3,2.3,53,Drizzle,False,,False,False
2025-05-21,Chicken Bun,130,67,62,5,Wednesday,5,Southwest Monsoon,False,24.3,2.8,53,Drizzle,False,,False,False
2025-05-21,Chicken Pastry,180,80,75,5,Wednesday,5,Southwest Monsoon,False,24.3,2.8,53,Drizzle,False,,False,False
2025-05-21,Chicken Samosa,90,70,64,6,Wednesday,5,Southwest Monsoon,False,24.3,2.8,53,Drizzle,False,,False,False
2025-05-21,Cream Bun,120,47,45,2,Wednesday,5,Southwest Monsoon,False,24.3,2.8,53,Drizzle,False,,False,False
2025-05-21,Egg Roll,100,51,49,2,Wednesday,5,Southwest Monsoon,False,24.3,2.8,53,Drizzle,False,,False,False
2025-05-21,Fish Bun,120,72,65,7,Wednesday,5,Southwest Monsoon,False,24.3,2.8,53,Drizzle,False,,False,False
2025-05-21,Fish Patty,110,63,56,7,Wednesday,5,Southwest Monsoon,False,24.3,2.8,53,Drizzle,False,,False,False
2025-05-21,Mini Pizza,220,37,34,3,Wednesday,5,Southwest Monsoon,False,24.3,2.8,53,Drizzle,False,,False,False
2025-05-21,Sausage Bun,140,51,47,4,Wednesday,5,Southwest Monsoon,False,24.3,2.8,53,Drizzle,False,,False,False
2025-05-21,Vegetable Roti,100,56,51,5,Wednesday,5,Southwest Monsoon,False,24.3,2.8,53,Drizzle,False,,False,False
2025-05-22,Chicken Bun,130,64,57,7,Thursday,5,Southwest Monsoon,False,24.8,2.5,53,Drizzle,False,,False,False
2025-05-22,Chicken Pastry,180,96,87,9,Thursday,5,Southwest Monsoon,False,24.8,2.5,53,Drizzle,False,,False,False
2025-05-22,Chicken Samosa,90,70,63,7,Thursday,5,Southwest Monsoon,False,24.8,2.5,53,Drizzle,False,,False,False
2025-05-22,Cream Bun,120,51,46,5,Thursday,5,Southwest Monsoon,False,24.8,2.5,53,Drizzle,False,,False,False
2025-05-22,Egg Roll,100,60,57,3,Thursday,5,Southwest Monsoon,False,24.8,2.5,53,Drizzle,False,,False,False
2025-05-22,Fish Bun,120,75,70,5,Thursday,5,Southwest Monsoon,False,24.8,2.5,53,Drizzle,False,,False,False
2025-05-22,Fish Patty,110,57,52,5,Thursday,5,Southwest Monsoon,False,24.8,2.5,53,Drizzle,False,,False,False
2025-05-22,Mini Pizza,220,46,42,4,Thursday,5,Southwest Monsoon,False,24.8,2.5,53,Drizzle,False,,False,False
2025-05-22,Sausage Bun,140,63,56,7,Thursday,5,Southwest Monsoon,False,24.8,2.5,53,Drizzle,False,,False,False
2025-05-22,Vegetable Roti,100,62,53,9,Thursday,5,Southwest Monsoon,False,24.8,2.5,53,Drizzle,False,,False,False
2025-05-23,Chicken Bun,130,67,62,5,Friday,5,Southwest Monsoon,False,24.9,1.2,51,Drizzle,False,,False,False
2025-05-23,Chicken Pastry,180,84,80,4,Friday,5,Southwest Monsoon,False,24.9,1.2,51,Drizzle,False,,False,False
2025-05-23,Chicken Samosa,90,69,67,2,Friday,5,Southwest Monsoon,False,24.9,1.2,51,Drizzle,False,,False,False
2025-05-23,Cream Bun,120,47,45,2,Friday,5,Southwest Monsoon,False,24.9,1.2,51,Drizzle,False,,False,False
2025-05-23,Egg Roll,100,65,62,3,Friday,5,Southwest Monsoon,False,24.9,1.2,51,Drizzle,False,,False,False
2025-05-23,Fish Bun,120,72,71,1,Friday,5,Southwest Monsoon,False,24.9,1.2,51,Drizzle,False,,False,False
2025-05-23,Fish Patty,110,57,53,4,Friday,5,Southwest Monsoon,False,24.9,1.2,51,Drizzle,False,,False,False
2025-05-23,Mini Pizza,220,44,41,3,Friday,5,Southwest Monsoon,False,24.9,1.2,51,Drizzle,False,,False,False
2025-05-23,Sausage Bun,140,62,62,0,Friday,5,Southwest Monsoon,False,24.9,1.2,51,Drizzle,False,,False,False
2025-05-23,Vegetable Roti,100,57,53,4,Friday,5,Southwest Monsoon,False,24.9,1.2,51,Drizzle,False,,False,False
2025-05-24,Chicken Bun,130,73,62,11,Saturday,5,Southwest Monsoon,True,24.4,3.7,61,Rain,False,,False,False
2025-05-24,Chicken Pastry,180,90,84,6,Saturday,5,Southwest Monsoon,True,24.4,3.7,61,Rain,False,,False,False
2025-05-24,Chicken Samosa,90,71,68,3,Saturday,5,Southwest Monsoon,True,24.4,3.7,61,Rain,False,,False,False
2025-05-24,Cream Bun,120,49,45,4,Saturday,5,Southwest Monsoon,True,24.4,3.7,61,Rain,False,,False,False
2025-05-24,Egg Roll,100,57,54,3,Saturday,5,Southwest Monsoon,True,24.4,3.7,61,Rain,False,,False,False
2025-05-24,Fish Bun,120,87,80,7,Saturday,5,Southwest Monsoon,True,24.4,3.7,61,Rain,False,,False,False
2025-05-24,Fish Patty,110,57,53,4,Saturday,5,Southwest Monsoon,True,24.4,3.7,61,Rain,False,,False,False
2025-05-24,Mini Pizza,220,48,45,3,Saturday,5,Southwest Monsoon,True,24.4,3.7,61,Rain,False,,False,False
2025-05-24,Sausage Bun,140,60,55,5,Saturday,5,Southwest Monsoon,True,24.4,3.7,61,Rain,False,,False,False
2025-05-24,Vegetable Roti,100,62,60,2,Saturday,5,Southwest Monsoon,True,24.4,3.7,61,Rain,False,,False,False
2025-05-25,Chicken Bun,130,64,63,1,Sunday,5,Southwest Monsoon,True,24.9,0.8,51,Drizzle,False,,False,False
2025-05-25,Chicken Pastry,180,99,89,10,Sunday,5,Southwest Monsoon,True,24.9,0.8,51,Drizzle,False,,False,False
2025-05-25,Chicken Samosa,90,80,74,6,Sunday,5,Southwest Monsoon,True,24.9,0.8,51,Drizzle,False,,False,False
2025-05-25,Cream Bun,120,58,53,5,Sunday,5,Southwest Monsoon,True,24.9,0.8,51,Drizzle,False,,False,False
2025-05-25,Egg Roll,100,76,72,4,Sunday,5,Southwest Monsoon,True,24.9,0.8,51,Drizzle,False,,False,False
2025-05-25,Fish Bun,120,75,75,0,Sunday,5,Southwest Monsoon,True,24.9,0.8,51,Drizzle,False,,False,False
2025-05-25,Fish Patty,110,61,57,4,Sunday,5,Southwest Monsoon,True,24.9,0.8,51,Drizzle,False,,False,False
2025-05-25,Mini Pizza,220,52,51,1,Sunday,5,Southwest Monsoon,True,24.9,0.8,51,Drizzle,False,,False,False
2025-05-25,Sausage Bun,140,69,65,4,Sunday,5,Southwest Monsoon,True,24.9,0.8,51,Drizzle,False,,False,False
2025-05-25,Vegetable Roti,100,66,58,8,Sunday,5,Southwest Monsoon,True,24.9,0.8,51,Drizzle,False,,False,False
2025-05-26,Chicken Bun,130,61,56,5,Monday,5,Southwest Monsoon,False,24.0,7.8,61,Rain,False,,False,False
2025-05-26,Chicken Pastry,180,81,75,6,Monday,5,Southwest Monsoon,False,24.0,7.8,61,Rain,False,,False,False
2025-05-26,Chicken Samosa,90,67,61,6,Monday,5,Southwest Monsoon,False,24.0,7.8,61,Rain,False,,False,False
2025-05-26,Cream Bun,120,41,37,4,Monday,5,Southwest Monsoon,False,24.0,7.8,61,Rain,False,,False,False
2025-05-26,Egg Roll,100,53,48,5,Monday,5,Southwest Monsoon,False,24.0,7.8,61,Rain,False,,False,False
2025-05-26,Fish Bun,120,61,57,4,Monday,5,Southwest Monsoon,False,24.0,7.8,61,Rain,False,,False,False
2025-05-26,Fish Patty,110,42,39,3,Monday,5,Southwest Monsoon,False,24.0,7.8,61,Rain,False,,False,False
2025-05-26,Mini Pizza,220,37,33,4,Monday,5,Southwest Monsoon,False,24.0,7.8,61,Rain,False,,False,False
2025-05-26,Sausage Bun,140,48,46,2,Monday,5,Southwest Monsoon,False,24.0,7.8,61,Rain,False,,False,False
2025-05-26,Vegetable Roti,100,51,49,2,Monday,5,Southwest Monsoon,False,24.0,7.8,61,Rain,False,,False,False
2025-05-27,Chicken Bun,130,58,54,4,Tuesday,5,Southwest Monsoon,False,23.9,4.3,53,Drizzle,False,,False,False
2025-05-27,Chicken Pastry,180,79,74,5,Tuesday,5,Southwest Monsoon,False,23.9,4.3,53,Drizzle,False,,False,False
2025-05-27,Chicken Samosa,90,70,66,4,Tuesday,5,Southwest Monsoon,False,23.9,4.3,53,Drizzle,False,,False,False
2025-05-27,Cream Bun,120,50,45,5,Tuesday,5,Southwest Monsoon,False,23.9,4.3,53,Drizzle,False,,False,False
2025-05-27,Egg Roll,100,59,59,0,Tuesday,5,Southwest Monsoon,False,23.9,4.3,53,Drizzle,False,,False,False
2025-05-27,Fish Bun,120,71,66,5,Tuesday,5,Southwest Monsoon,False,23.9,4.3,53,Drizzle,False,,False,False
2025-05-27,Fish Patty,110,49,44,5,Tuesday,5,Southwest Monsoon,False,23.9,4.3,53,Drizzle,False,,False,False
2025-05-27,Mini Pizza,220,38,33,5,Tuesday,5,Southwest Monsoon,False,23.9,4.3,53,Drizzle,False,,False,False
2025-05-27,Sausage Bun,140,59,54,5,Tuesday,5,Southwest Monsoon,False,23.9,4.3,53,Drizzle,False,,False,False
2025-05-27,Vegetable Roti,100,56,52,4,Tuesday,5,Southwest Monsoon,False,23.9,4.3,53,Drizzle,False,,False,False
2025-05-28,Chicken Bun,130,56,53,3,Wednesday,5,Southwest Monsoon,False,24.6,5.2,55,Drizzle,False,,False,False
2025-05-28,Chicken Pastry,180,71,65,6,Wednesday,5,Southwest Monsoon,False,24.6,5.2,55,Drizzle,False,,False,False
2025-05-28,Chicken Samosa,90,55,49,6,Wednesday,5,Southwest Monsoon,False,24.6,5.2,55,Drizzle,False,,False,False
2025-05-28,Cream Bun,120,40,36,4,Wednesday,5,Southwest Monsoon,False,24.6,5.2,55,Drizzle,False,,False,False
2025-05-28,Egg Roll,100,58,54,4,Wednesday,5,Southwest Monsoon,False,24.6,5.2,55,Drizzle,False,,False,False
2025-05-28,Fish Bun,120,67,65,2,Wednesday,5,Southwest Monsoon,False,24.6,5.2,55,Drizzle,False,,False,False
2025-05-28,Fish Patty,110,51,46,5,Wednesday,5,Southwest Monsoon,False,24.6,5.2,55,Drizzle,False,,False,False
2025-05-28,Mini Pizza,220,38,36,2,Wednesday,5,Southwest Monsoon,False,24.6,5.2,55,Drizzle,False,,False,False
2025-05-28,Sausage Bun,140,55,49,6,Wednesday,5,Southwest Monsoon,False,24.6,5.2,55,Drizzle,False,,False,False
2025-05-28,Vegetable Roti,100,58,53,5,Wednesday,5,Southwest Monsoon,False,24.6,5.2,55,Drizzle,False,,False,False
2025-05-29,Chicken Bun,130,62,56,6,Thursday,5,Southwest Monsoon,False,24.2,5.8,55,Drizzle,False,,False,False
2025-05-29,Chicken Pastry,180,73,70,3,Thursday,5,Southwest Monsoon,False,24.2,5.8,55,Drizzle,False,,False,False
2025-05-29,Chicken Samosa,90,61,57,4,Thursday,5,Southwest Monsoon,False,24.2,5.8,55,Drizzle,False,,False,False
2025-05-29,Cream Bun,120,42,39,3,Thursday,5,Southwest Monsoon,False,24.2,5.8,55,Drizzle,False,,False,False
2025-05-29,Egg Roll,100,62,57,5,Thursday,5,Southwest Monsoon,False,24.2,5.8,55,Drizzle,False,,False,False
2025-05-29,Fish Bun,120,66,62,4,Thursday,5,Southwest Monsoon,False,24.2,5.8,55,Drizzle,False,,False,False
2025-05-29,Fish Patty,110,49,46,3,Thursday,5,Southwest Monsoon,False,24.2,5.8,55,Drizzle,False,,False,False
2025-05-29,Mini Pizza,220,32,31,1,Thursday,5,Southwest Monsoon,False,24.2,5.8,55,Drizzle,False,,False,False
2025-05-29,Sausage Bun,140,55,50,5,Thursday,5,Southwest Monsoon,False,24.2,5.8,55,Drizzle,False,,False,False
2025-05-29,Vegetable Roti,100,60,55,5,Thursday,5,Southwest Monsoon,False,24.2,5.8,55,Drizzle,False,,False,False
2025-05-30,Chicken Bun,130,49,46,3,Friday,5,Southwest Monsoon,False,22.9,16.8,63,Rain,False,,False,False
2025-05-30,Chicken Pastry,180,76,68,8,Friday,5,Southwest Monsoon,False,22.9,16.8,63,Rain,False,,False,False
2025-05-30,Chicken Samosa,90,58,53,5,Friday,5,Southwest Monsoon,False,22.9,16.8,63,Rain,False,,False,False
2025-05-30,Cream Bun,120,39,35,4,Friday,5,Southwest Monsoon,False,22.9,16.8,63,Rain,False,,False,False
2025-05-30,Egg Roll,100,48,43,5,Friday,5,Southwest Monsoon,False,22.9,16.8,63,Rain,False,,False,False
2025-05-30,Fish Bun,120,51,48,3,Friday,5,Southwest Monsoon,False,22.9,16.8,63,Rain,False,,False,False
2025-05-30,Fish Patty,110,38,35,3,Friday,5,Southwest Monsoon,False,22.9,16.8,63,Rain,False,,False,False
2025-05-30,Mini Pizza,220,39,36,3,Friday,5,Southwest Monsoon,False,22.9,16.8,63,Rain,False,,False,False
2025-05-30,Sausage Bun,140,42,40,2,Friday,5,Southwest Monsoon,False,22.9,16.8,63,Rain,False,,False,False
2025-05-30,Vegetable Roti,100,42,39,3,Friday,5,Southwest Monsoon,False,22.9,16.8,63,Rain,False,,False,False
2025-05-31,Chicken Bun,130,66,60,6,Saturday,5,Southwest Monsoon,True,23.6,7.5,61,Rain,False,,False,False
2025-05-31,Chicken Pastry,180,79,74,5,Saturday,5,Southwest Monsoon,True,23.6,7.5,61,Rain,False,,False,False
2025-05-31,Chicken Samosa,90,66,64,2,Saturday,5,Southwest Monsoon,True,23.6,7.5,61,Rain,False,,False,False
2025-05-31,Cream Bun,120,44,40,4,Saturday,5,Southwest Monsoon,True,23.6,7.5,61,Rain,False,,False,False
2025-05-31,Egg Roll,100,60,58,2,Saturday,5,Southwest Monsoon,True,23.6,7.5,61,Rain,False,,False,False
2025-05-31,Fish Bun,120,82,73,9,Saturday,5,Southwest Monsoon,True,23.6,7.5,61,Rain,False,,False,False
2025-05-31,Fish Patty,110,49,46,3,Saturday,5,Southwest Monsoon,True,23.6,7.5,61,Rain,False,,False,False
2025-05-31,Mini Pizza,220,40,37,3,Saturday,5,Southwest Monsoon,True,23.6,7.5,61,Rain,False,,False,False
2025-05-31,Sausage Bun,140,54,51,3,Saturday,5,Southwest Monsoon,True,23.6,7.5,61,Rain,False,,False,False
2025-05-31,Vegetable Roti,100,61,57,4,Saturday,5,Southwest Monsoon,True,23.6,7.5,61,Rain,False,,False,False
2025-06-01,Chicken Bun,130,56,55,1,Sunday,6,Southwest Monsoon,True,24.5,4.9,55,Drizzle,False,,False,False
2025-06-01,Chicken Pastry,180,90,85,5,Sunday,6,Southwest Monsoon,True,24.5,4.9,55,Drizzle,False,,False,False
2025-06-01,Chicken Samosa,90,80,70,10,Sunday,6,Southwest Monsoon,True,24.5,4.9,55,Drizzle,False,,False,False
2025-06-01,Cream Bun,120,38,36,2,Sunday,6,Southwest Monsoon,True,24.5,4.9,55,Drizzle,False,,False,False
2025-06-01,Egg Roll,100,57,54,3,Sunday,6,Southwest Monsoon,True,24.5,4.9,55,Drizzle,False,,False,False
2025-06-01,Fish Bun,120,80,78,2,Sunday,6,Southwest Monsoon,True,24.5,4.9,55,Drizzle,False,,False,False
2025-06-01,Fish Patty,110,62,57,5,Sunday,6,Southwest Monsoon,True,24.5,4.9,55,Drizzle,False,,False,False
2025-06-01,Mini Pizza,220,33,31,2,Sunday,6,Southwest Monsoon,True,24.5,4.9,55,Drizzle,False,,False,False
2025-06-01,Sausage Bun,140,55,51,4,Sunday,6,Southwest Monsoon,True,24.5,4.9,55,Drizzle,False,,False,False
2025-06-01,Vegetable Roti,100,52,49,3,Sunday,6,Southwest Monsoon,True,24.5,4.9,55,Drizzle,False,,False,False
2025-06-02,Chicken Bun,130,65,62,3,Monday,6,Southwest Monsoon,False,24.9,1.1,51,Drizzle,False,,False,False
2025-06-02,Chicken Pastry,180,75,71,4,Monday,6,Southwest Monsoon,False,24.9,1.1,51,Drizzle,False,,False,False
2025-06-02,Chicken Samosa,90,69,67,2,Monday,6,Southwest Monsoon,False,24.9,1.1,51,Drizzle,False,,False,False
2025-06-02,Cream Bun,120,42,40,2,Monday,6,Southwest Monsoon,False,24.9,1.1,51,Drizzle,False,,False,False
2025-06-02,Egg Roll,100,58,51,7,Monday,6,Southwest Monsoon,False,24.9,1.1,51,Drizzle,False,,False,False
2025-06-02,Fish Bun,120,69,64,5,Monday,6,Southwest Monsoon,False,24.9,1.1,51,Drizzle,False,,False,False
2025-06-02,Fish Patty,110,62,57,5,Monday,6,Southwest Monsoon,False,24.9,1.1,51,Drizzle,False,,False,False
2025-06-02,Mini Pizza,220,43,41,2,Monday,6,Southwest Monsoon,False,24.9,1.1,51,Drizzle,False,,False,False
2025-06-02,Sausage Bun,140,71,64,7,Monday,6,Southwest Monsoon,False,24.9,1.1,51,Drizzle,False,,False,False
2025-06-02,Vegetable Roti,100,57,53,4,Monday,6,Southwest Monsoon,False,24.9,1.1,51,Drizzle,False,,False,False
2025-06-03,Chicken Bun,130,65,61,4,Tuesday,6,Southwest Monsoon,False,24.2,3.0,61,Rain,False,,False,False
2025-06-03,Chicken Pastry,180,72,68,4,Tuesday,6,Southwest Monsoon,False,24.2,3.0,61,Rain,False,,False,False
2025-06-03,Chicken Samosa,90,69,62,7,Tuesday,6,Southwest Monsoon,False,24.2,3.0,61,Rain,False,,False,False
2025-06-03,Cream Bun,120,44,42,2,Tuesday,6,Southwest Monsoon,False,24.2,3.0,61,Rain,False,,False,False
2025-06-03,Egg Roll,100,55,52,3,Tuesday,6,Southwest Monsoon,False,24.2,3.0,61,Rain,False,,False,False
2025-06-03,Fish Bun,120,87,76,11,Tuesday,6,Southwest Monsoon,False,24.2,3.0,61,Rain,False,,False,False
2025-06-03,Fish Patty,110,54,49,5,Tuesday,6,Southwest Monsoon,False,24.2,3.0,61,Rain,False,,False,False
2025-06-03,Mini Pizza,220,40,37,3,Tuesday,6,Southwest Monsoon,False,24.2,3.0,61,Rain,False,,False,False
2025-06-03,Sausage Bun,140,57,54,3,Tuesday,6,Southwest Monsoon,False,24.2,3.0,61,Rain,False,,False,False
2025-06-03,Vegetable Roti,100,49,45,4,Tuesday,6,Southwest Monsoon,False,24.2,3.0,61,Rain,False,,False,False
2025-06-04,Chicken Bun,130,63,58,5,Wednesday,6,Southwest Monsoon,False,24.3,1.1,51,Drizzle,False,,False,False
2025-06-04,Chicken Pastry,180,76,73,3,Wednesday,6,Southwest Monsoon,False,24.3,1.1,51,Drizzle,False,,False,False
2025-06-04,Chicken Samosa,90,59,52,7,Wednesday,6,Southwest Monsoon,False,24.3,1.1,51,Drizzle,False,,False,False
2025-06-04,Cream Bun,120,53,47,6,Wednesday,6,Southwest Monsoon,False,24.3,1.1,51,Drizzle,False,,False,False
2025-06-04,Egg Roll,100,59,55,4,Wednesday,6,Southwest Monsoon,False,24.3,1.1,51,Drizzle,False,,False,False
2025-06-04,Fish Bun,120,69,67,2,Wednesday,6,Southwest Monsoon,False,24.3,1.1,51,Drizzle,False,,False,False
2025-06-04,Fish Patty,110,60,55,5,Wednesday,6,Southwest Monsoon,False,24.3,1.1,51,Drizzle,False,,False,False
2025-06-04,Mini Pizza,220,37,35,2,Wednesday,6,Southwest Monsoon,False,24.3,1.1,51,Drizzle,False,,False,False
2025-06-04,Sausage Bun,140,56,55,1,Wednesday,6,Southwest Monsoon,False,24.3,1.1,51,Drizzle,False,,False,False
2025-06-04,Vegetable Roti,100,63,58,5,Wednesday,6,Southwest Monsoon,False,24.3,1.1,51,Drizzle,False,,False,False
2025-06-05,Chicken Bun,130,69,64,5,Thursday,6,Southwest Monsoon,False,24.4,1.8,53,Drizzle,False,,False,False
2025-06-05,Chicken Pastry,180,89,84,5,Thursday,6,Southwest Monsoon,False,24.4,1.8,53,Drizzle,False,,False,False
2025-06-05,Chicken Samosa,90,62,58,4,Thursday,6,Southwest Monsoon,False,24.4,1.8,53,Drizzle,False,,False,False
2025-06-05,Cream Bun,120,50,47,3,Thursday,6,Southwest Monsoon,False,24.4,1.8,53,Drizzle,False,,False,False
2025-06-05,Egg Roll,100,53,51,2,Thursday,6,Southwest Monsoon,False,24.4,1.8,53,Drizzle,False,,False,False
2025-06-05,Fish Bun,120,69,62,7,Thursday,6,Southwest Monsoon,False,24.4,1.8,53,Drizzle,False,,False,False
2025-06-05,Fish Patty,110,58,52,6,Thursday,6,Southwest Monsoon,False,24.4,1.8,53,Drizzle,False,,False,False
2025-06-05,Mini Pizza,220,38,36,2,Thursday,6,Southwest Monsoon,False,24.4,1.8,53,Drizzle,False,,False,False
2025-06-05,Sausage Bun,140,50,47,3,Thursday,6,Southwest Monsoon,False,24.4,1.8,53,Drizzle,False,,False,False
2025-06-05,Vegetable Roti,100,53,49,4,Thursday,6,Southwest Monsoon,False,24.4,1.8,53,Drizzle,False,,False,False
2025-06-06,Chicken Bun,130,65,62,3,Friday,6,Southwest Monsoon,False,24.5,0.0,3,Cloudy,False,,True,False
2025-06-06,Chicken Pastry,180,103,90,13,Friday,6,Southwest Monsoon,False,24.5,0.0,3,Cloudy,False,,True,False
2025-06-06,Chicken Samosa,90,78,69,9,Friday,6,Southwest Monsoon,False,24.5,0.0,3,Cloudy,False,,True,False
2025-06-06,Cream Bun,120,51,48,3,Friday,6,Southwest Monsoon,False,24.5,0.0,3,Cloudy,False,,True,False
2025-06-06,Egg Roll,100,61,55,6,Friday,6,Southwest Monsoon,False,24.5,0.0,3,Cloudy,False,,True,False
2025-06-06,Fish Bun,120,63,61,2,Friday,6,Southwest Monsoon,False,24.5,0.0,3,Cloudy,False,,True,False
2025-06-06,Fish Patty,110,61,55,6,Friday,6,Southwest Monsoon,False,24.5,0.0,3,Cloudy,False,,True,False
2025-06-06,Mini Pizza,220,50,46,4,Friday,6,Southwest Monsoon,False,24.5,0.0,3,Cloudy,False,,True,False
2025-06-06,Sausage Bun,140,59,56,3,Friday,6,Southwest Monsoon,False,24.5,0.0,3,Cloudy,False,,True,False
2025-06-06,Vegetable Roti,100,56,53,3,Friday,6,Southwest Monsoon,False,24.5,0.0,3,Cloudy,False,,True,False
2025-06-07,Chicken Bun,130,86,78,8,Saturday,6,Southwest Monsoon,True,23.8,0.3,51,Drizzle,True,Eid al-Adha,False,False
2025-06-07,Chicken Pastry,180,119,112,7,Saturday,6,Southwest Monsoon,True,23.8,0.3,51,Drizzle,True,Eid al-Adha,False,False
2025-06-07,Chicken Samosa,90,82,74,8,Saturday,6,Southwest Monsoon,True,23.8,0.3,51,Drizzle,True,Eid al-Adha,False,False
2025-06-07,Cream Bun,120,73,67,6,Saturday,6,Southwest Monsoon,True,23.8,0.3,51,Drizzle,True,Eid al-Adha,False,False
2025-06-07,Egg Roll,100,88,81,7,Saturday,6,Southwest Monsoon,True,23.8,0.3,51,Drizzle,True,Eid al-Adha,False,False
2025-06-07,Fish Bun,120,101,92,9,Saturday,6,Southwest Monsoon,True,23.8,0.3,51,Drizzle,True,Eid al-Adha,False,False
2025-06-07,Fish Patty,110,65,61,4,Saturday,6,Southwest Monsoon,True,23.8,0.3,51,Drizzle,True,Eid al-Adha,False,False
2025-06-07,Mini Pizza,220,61,54,7,Saturday,6,Southwest Monsoon,True,23.8,0.3,51,Drizzle,True,Eid al-Adha,False,False
2025-06-07,Sausage Bun,140,72,67,5,Saturday,6,Southwest Monsoon,True,23.8,0.3,51,Drizzle,True,Eid al-Adha,False,False
2025-06-07,Vegetable Roti,100,72,66,6,Saturday,6,Southwest Monsoon,True,23.8,0.3,51,Drizzle,True,Eid al-Adha,False,False
2025-06-08,Chicken Bun,130,76,70,6,Sunday,6,Southwest Monsoon,True,24.2,0.0,3,Cloudy,False,,False,True
2025-06-08,Chicken Pastry,180,107,98,9,Sunday,6,Southwest Monsoon,True,24.2,0.0,3,Cloudy,False,,False,True
2025-06-08,Chicken Samosa,90,82,81,1,Sunday,6,Southwest Monsoon,True,24.2,0.0,3,Cloudy,False,,False,True
2025-06-08,Cream Bun,120,53,49,4,Sunday,6,Southwest Monsoon,True,24.2,0.0,3,Cloudy,False,,False,True
2025-06-08,Egg Roll,100,66,58,8,Sunday,6,Southwest Monsoon,True,24.2,0.0,3,Cloudy,False,,False,True
2025-06-08,Fish Bun,120,80,76,4,Sunday,6,Southwest Monsoon,True,24.2,0.0,3,Cloudy,False,,False,True
2025-06-08,Fish Patty,110,66,62,4,Sunday,6,Southwest Monsoon,True,24.2,0.0,3,Cloudy,False,,False,True
2025-06-08,Mini Pizza,220,54,50,4,Sunday,6,Southwest Monsoon,True,24.2,0.0,3,Cloudy,False,,False,True
2025-06-08,Sausage Bun,140,70,66,4,Sunday,6,Southwest Monsoon,True,24.2,0.0,3,Cloudy,False,,False,True
2025-06-08,Vegetable Roti,100,65,58,7,Sunday,6,Southwest Monsoon,True,24.2,0.0,3,Cloudy,False,,False,True
2025-06-09,Chicken Bun,130,63,57,6,Monday,6,Southwest Monsoon,False,24.4,1.4,51,Drizzle,False,,True,False
2025-06-09,Chicken Pastry,180,91,85,6,Monday,6,Southwest Monsoon,False,24.4,1.4,51,Drizzle,False,,True,False
2025-06-09,Chicken Samosa,90,64,57,7,Monday,6,Southwest Monsoon,False,24.4,1.4,51,Drizzle,False,,True,False
2025-06-09,Cream Bun,120,48,46,2,Monday,6,Southwest Monsoon,False,24.4,1.4,51,Drizzle,False,,True,False
2025-06-09,Egg Roll,100,65,59,6,Monday,6,Southwest Monsoon,False,24.4,1.4,51,Drizzle,False,,True,False
2025-06-09,Fish Bun,120,70,65,5,Monday,6,Southwest Monsoon,False,24.4,1.4,51,Drizzle,False,,True,False
2025-06-09,Fish Patty,110,61,55,6,Monday,6,Southwest Monsoon,False,24.4,1.4,51,Drizzle,False,,True,False
2025-06-09,Mini Pizza,220,44,40,4,Monday,6,Southwest Monsoon,False,24.4,1.4,51,Drizzle,False,,True,False
2025-06-09,Sausage Bun,140,48,48,0,Monday,6,Southwest Monsoon,False,24.4,1.4,51,Drizzle,False,,True,False
2025-06-09,Vegetable Roti,100,59,53,6,Monday,6,Southwest Monsoon,False,24.4,1.4,51,Drizzle,False,,True,False
2025-06-10,Chicken Bun,130,59,55,4,Tuesday,6,Southwest Monsoon,False,23.5,12.2,63,Rain,True,Poson Full Moon Poya Day,False,False
2025-06-10,Chicken Pastry,180,80,71,9,Tuesday,6,Southwest Monsoon,False,23.5,12.2,63,Rain,True,Poson Full Moon Poya Day,False,False
2025-06-10,Chicken Samosa,90,59,56,3,Tuesday,6,Southwest Monsoon,False,23.5,12.2,63,Rain,True,Poson Full Moon Poya Day,False,False
2025-06-10,Cream Bun,120,45,45,0,Tuesday,6,Southwest Monsoon,False,23.5,12.2,63,Rain,True,Poson Full Moon Poya Day,False,False
2025-06-10,Egg Roll,100,52,47,5,Tuesday,6,Southwest Monsoon,False,23.5,12.2,63,Rain,True,Poson Full Moon Poya Day,False,False
2025-06-10,Fish Bun,120,64,61,3,Tuesday,6,Southwest Monsoon,False,23.5,12.2,63,Rain,True,Poson Full Moon Poya Day,False,False
2025-06-10,Fish Patty,110,44,42,2,Tuesday,6,Southwest Monsoon,False,23.5,12.2,63,Rain,True,Poson Full Moon Poya Day,False,False
2025-06-10,Mini Pizza,220,37,34,3,Tuesday,6,Southwest Monsoon,False,23.5,12.2,63,Rain,True,Poson Full Moon Poya Day,False,False
2025-06-10,Sausage Bun,140,52,46,6,Tuesday,6,Southwest Monsoon,False,23.5,12.2,63,Rain,True,Poson Full Moon Poya Day,False,False
2025-06-10,Vegetable Roti,100,45,44,1,Tuesday,6,Southwest Monsoon,False,23.5,12.2,63,Rain,True,Poson Full Moon Poya Day,False,False
2025-06-11,Chicken Bun,130,46,42,4,Wednesday,6,Southwest Monsoon,False,22.8,26.8,63,Rain,False,,False,True
2025-06-11,Chicken Pastry,180,66,64,2,Wednesday,6,Southwest Monsoon,False,22.8,26.8,63,Rain,False,,False,True
2025-06-11,Chicken Samosa,90,48,47,1,Wednesday,6,Southwest Monsoon,False,22.8,26.8,63,Rain,False,,False,True
2025-06-11,Cream Bun,120,39,35,4,Wednesday,6,Southwest Monsoon,False,22.8,26.8,63,Rain,False,,False,True
2025-06-11,Egg Roll,100,44,42,2,Wednesday,6,Southwest Monsoon,False,22.8,26.8,63,Rain,False,,False,True
2025-06-11,Fish Bun,120,55,50,5,Wednesday,6,Southwest Monsoon,False,22.8,26.8,63,Rain,False,,False,True
2025-06-11,Fish Patty,110,36,35,1,Wednesday,6,Southwest Monsoon,False,22.8,26.8,63,Rain,False,,False,True
2025-06-11,Mini Pizza,220,35,33,2,Wednesday,6,Southwest Monsoon,False,22.8,26.8,63,Rain,False,,False,True
2025-06-11,Sausage Bun,140,42,40,2,Wednesday,6,Southwest Monsoon,False,22.8,26.8,63,Rain,False,,False,True
2025-06-11,Vegetable Roti,100,46,42,4,Wednesday,6,Southwest Monsoon,False,22.8,26.8,63,Rain,False,,False,True
2025-06-12,Chicken Bun,130,53,50,3,Thursday,6,Southwest Monsoon,False,22.9,9.5,61,Rain,False,,False,False
2025-06-12,Chicken Pastry,180,67,60,7,Thursday,6,Southwest Monsoon,False,22.9,9.5,61,Rain,False,,False,False
2025-06-12,Chicken Samosa,90,60,55,5,Thursday,6,Southwest Monsoon,False,22.9,9.5,61,Rain,False,,False,False
2025-06-12,Cream Bun,120,36,33,3,Thursday,6,Southwest Monsoon,False,22.9,9.5,61,Rain,False,,False,False
2025-06-12,Egg Roll,100,39,37,2,Thursday,6,Southwest Monsoon,False,22.9,9.5,61,Rain,False,,False,False
2025-06-12,Fish Bun,120,60,54,6,Thursday,6,Southwest Monsoon,False,22.9,9.5,61,Rain,False,,False,False
2025-06-12,Fish Patty,110,42,38,4,Thursday,6,Southwest Monsoon,False,22.9,9.5,61,Rain,False,,False,False
2025-06-12,Mini Pizza,220,37,34,3,Thursday,6,Southwest Monsoon,False,22.9,9.5,61,Rain,False,,False,False
2025-06-12,Sausage Bun,140,39,37,2,Thursday,6,Southwest Monsoon,False,22.9,9.5,61,Rain,False,,False,False
2025-06-12,Vegetable Roti,100,51,45,6,Thursday,6,Southwest Monsoon,False,22.9,9.5,61,Rain,False,,False,False
2025-06-13,Chicken Bun,130,45,41,4,Friday,6,Southwest Monsoon,False,23.4,8.9,61,Rain,False,,False,False
2025-06-13,Chicken Pastry,180,72,65,7,Friday,6,Southwest Monsoon,False,23.4,8.9,61,Rain,False,,False,False
2025-06-13,Chicken Samosa,90,64,58,6,Friday,6,Southwest Monsoon,False,23.4,8.9,61,Rain,False,,False,False
2025-06-13,Cream Bun,120,41,37,4,Friday,6,Southwest Monsoon,False,23.4,8.9,61,Rain,False,,False,False
2025-06-13,Egg Roll,100,55,50,5,Friday,6,Southwest Monsoon,False,23.4,8.9,61,Rain,False,,False,False
2025-06-13,Fish Bun,120,63,56,7,Friday,6,Southwest Monsoon,False,23.4,8.9,61,Rain,False,,False,False
2025-06-13,Fish Patty,110,44,41,3,Friday,6,Southwest Monsoon,False,23.4,8.9,61,Rain,False,,False,False
2025-06-13,Mini Pizza,220,34,32,2,Friday,6,Southwest Monsoon,False,23.4,8.9,61,Rain,False,,False,False
2025-06-13,Sausage Bun,140,42,40,2,Friday,6,Southwest Monsoon,False,23.4,8.9,61,Rain,False,,False,False
2025-06-13,Vegetable Roti,100,45,43,2,Friday,6,Southwest Monsoon,False,23.4,8.9,61,Rain,False,,False,False
2025-06-14,Chicken Bun,130,50,49,1,Saturday,6,Southwest Monsoon,True,23.4,9.7,61,Rain,False,,False,False
2025-06-14,Chicken Pastry,180,79,76,3,Saturday,6,Southwest Monsoon,True,23.4,9.7,61,Rain,False,,False,False
2025-06-14,Chicken Samosa,90,73,67,6,Saturday,6,Southwest Monsoon,True,23.4,9.7,61,Rain,False,,False,False
2025-06-14,Cream Bun,120,46,43,3,Saturday,6,Southwest Monsoon,True,23.4,9.7,61,Rain,False,,False,False
2025-06-14,Egg Roll,100,52,47,5,Saturday,6,Southwest Monsoon,True,23.4,9.7,61,Rain,False,,False,False
2025-06-14,Fish Bun,120,68,64,4,Saturday,6,Southwest Monsoon,True,23.4,9.7,61,Rain,False,,False,False
2025-06-14,Fish Patty,110,50,46,4,Saturday,6,Southwest Monsoon,True,23.4,9.7,61,Rain,False,,False,False
2025-06-14,Mini Pizza,220,36,34,2,Saturday,6,Southwest Monsoon,True,23.4,9.7,61,Rain,False,,False,False
2025-06-14,Sausage Bun,140,52,47,5,Saturday,6,Southwest Monsoon,True,23.4,9.7,61,Rain,False,,False,False
2025-06-14,Vegetable Roti,100,59,52,7,Saturday,6,Southwest Monsoon,True,23.4,9.7,61,Rain,False,,False,False
2025-06-15,Chicken Bun,130,52,51,1,Sunday,6,Southwest Monsoon,True,23.0,16.1,63,Rain,False,,False,False
2025-06-15,Chicken Pastry,180,72,67,5,Sunday,6,Southwest Monsoon,True,23.0,16.1,63,Rain,False,,False,False
2025-06-15,Chicken Samosa,90,64,57,7,Sunday,6,Southwest Monsoon,True,23.0,16.1,63,Rain,False,,False,False
2025-06-15,Cream Bun,120,45,38,7,Sunday,6,Southwest Monsoon,True,23.0,16.1,63,Rain,False,,False,False
2025-06-15,Egg Roll,100,47,41,6,Sunday,6,Southwest Monsoon,True,23.0,16.1,63,Rain,False,,False,False
2025-06-15,Fish Bun,120,67,60,7,Sunday,6,Southwest Monsoon,True,23.0,16.1,63,Rain,False,,False,False
2025-06-15,Fish Patty,110,41,37,4,Sunday,6,Southwest Monsoon,True,23.0,16.1,63,Rain,False,,False,False
2025-06-15,Mini Pizza,220,40,35,5,Sunday,6,Southwest Monsoon,True,23.0,16.1,63,Rain,False,,False,False
2025-06-15,Sausage Bun,140,48,46,2,Sunday,6,Southwest Monsoon,True,23.0,16.1,63,Rain,False,,False,False
2025-06-15,Vegetable Roti,100,48,45,3,Sunday,6,Southwest Monsoon,True,23.0,16.1,63,Rain,False,,False,False
2025-06-16,Chicken Bun,130,41,37,4,Monday,6,Southwest Monsoon,False,23.6,10.6,63,Rain,False,,False,False
2025-06-16,Chicken Pastry,180,71,63,8,Monday,6,Southwest Monsoon,False,23.6,10.6,63,Rain,False,,False,False
2025-06-16,Chicken Samosa,90,61,56,5,Monday,6,Southwest Monsoon,False,23.6,10.6,63,Rain,False,,False,False
2025-06-16,Cream Bun,120,35,33,2,Monday,6,Southwest Monsoon,False,23.6,10.6,63,Rain,False,,False,False
2025-06-16,Egg Roll,100,50,44,6,Monday,6,Southwest Monsoon,False,23.6,10.6,63,Rain,False,,False,False
2025-06-16,Fish Bun,120,56,52,4,Monday,6,Southwest Monsoon,False,23.6,10.6,63,Rain,False,,False,False
2025-06-16,Fish Patty,110,41,40,1,Monday,6,Southwest Monsoon,False,23.6,10.6,63,Rain,False,,False,False
2025-06-16,Mini Pizza,220,37,32,5,Monday,6,Southwest Monsoon,False,23.6,10.6,63,Rain,False,,False,False
2025-06-16,Sausage Bun,140,50,44,6,Monday,6,Southwest Monsoon,False,23.6,10.6,63,Rain,False,,False,False
2025-06-16,Vegetable Roti,100,48,45,3,Monday,6,Southwest Monsoon,False,23.6,10.6,63,Rain,False,,False,False
2025-06-17,Chicken Bun,130,63,59,4,Tuesday,6,Southwest Monsoon,False,23.9,0.3,51,Drizzle,False,,False,False
2025-06-17,Chicken Pastry,180,90,87,3,Tuesday,6,Southwest Monsoon,False,23.9,0.3,51,Drizzle,False,,False,False
2025-06-17,Chicken Samosa,90,74,69,5,Tuesday,6,Southwest Monsoon,False,23.9,0.3,51,Drizzle,False,,False,False
2025-06-17,Cream Bun,120,46,42,4,Tuesday,6,Southwest Monsoon,False,23.9,0.3,51,Drizzle,False,,False,False
2025-06-17,Egg Roll,100,59,55,4,Tuesday,6,Southwest Monsoon,False,23.9,0.3,51,Drizzle,False,,False,False
2025-06-17,Fish Bun,120,75,75,0,Tuesday,6,Southwest Monsoon,False,23.9,0.3,51,Drizzle,False,,False,False
2025-06-17,Fish Patty,110,66,59,7,Tuesday,6,Southwest Monsoon,False,23.9,0.3,51,Drizzle,False,,False,False
2025-06-17,Mini Pizza,220,47,43,4,Tuesday,6,Southwest Monsoon,False,23.9,0.3,51,Drizzle,False,,False,False
2025-06-17,Sausage Bun,140,57,56,1,Tuesday,6,Southwest Monsoon,False,23.9,0.3,51,Drizzle,False,,False,False
2025-06-17,Vegetable Roti,100,54,51,3,Tuesday,6,Southwest Monsoon,False,23.9,0.3,51,Drizzle,False,,False,False
2025-06-18,Chicken Bun,130,68,64,4,Wednesday,6,Southwest Monsoon,False,24.5,1.9,53,Drizzle,False,,False,False
2025-06-18,Chicken Pastry,180,90,78,12,Wednesday,6,Southwest Monsoon,False,24.5,1.9,53,Drizzle,False,,False,False
2025-06-18,Chicken Samosa,90,76,66,10,Wednesday,6,Southwest Monsoon,False,24.5,1.9,53,Drizzle,False,,False,False
2025-06-18,Cream Bun,120,51,45,6,Wednesday,6,Southwest Monsoon,False,24.5,1.9,53,Drizzle,False,,False,False
2025-06-18,Egg Roll,100,59,53,6,Wednesday,6,Southwest Monsoon,False,24.5,1.9,53,Drizzle,False,,False,False
2025-06-18,Fish Bun,120,74,67,7,Wednesday,6,Southwest Monsoon,False,24.5,1.9,53,Drizzle,False,,False,False
2025-06-18,Fish Patty,110,48,45,3,Wednesday,6,Southwest Monsoon,False,24.5,1.9,53,Drizzle,False,,False,False
2025-06-18,Mini Pizza,220,43,40,3,Wednesday,6,Southwest Monsoon,False,24.5,1.9,53,Drizzle,False,,False,False
2025-06-18,Sausage Bun,140,60,54,6,Wednesday,6,Southwest Monsoon,False,24.5,1.9,53,Drizzle,False,,False,False
2025-06-18,Vegetable Roti,100,49,46,3,Wednesday,6,Southwest Monsoon,False,24.5,1.9,53,Drizzle,False,,False,False
2025-06-19,Chicken Bun,130,63,59,4,Thursday,6,Southwest Monsoon,False,24.3,2.1,53,Drizzle,False,,False,False
2025-06-19,Chicken Pastry,180,80,76,4,Thursday,6,Southwest Monsoon,False,24.3,2.1,53,Drizzle,False,,False,False
2025-06-19,Chicken Samosa,90,63,58,5,Thursday,6,Southwest Monsoon,False,24.3,2.1,53,Drizzle,False,,False,False
2025-06-19,Cream Bun,120,50,46,4,Thursday,6,Southwest Monsoon,False,24.3,2.1,53,Drizzle,False,,False,False
2025-06-19,Egg Roll,100,64,60,4,Thursday,6,Southwest Monsoon,False,24.3,2.1,53,Drizzle,False,,False,False
2025-06-19,Fish Bun,120,69,62,7,Thursday,6,Southwest Monsoon,False,24.3,2.1,53,Drizzle,False,,False,False
2025-06-19,Fish Patty,110,56,52,4,Thursday,6,Southwest Monsoon,False,24.3,2.1,53,Drizzle,False,,False,False
2025-06-19,Mini Pizza,220,43,39,4,Thursday,6,Southwest Monsoon,False,24.3,2.1,53,Drizzle,False,,False,False
2025-06-19,Sausage Bun,140,61,56,5,Thursday,6,Southwest Monsoon,False,24.3,2.1,53,Drizzle,False,,False,False
2025-06-19,Vegetable Roti,100,46,44,2,Thursday,6,Southwest Monsoon,False,24.3,2.1,53,Drizzle,False,,False,False
2025-06-20,Chicken Bun,130,49,49,0,Friday,6,Southwest Monsoon,False,24.1,2.5,53,Drizzle,False,,False,False
2025-06-20,Chicken Pastry,180,93,83,10,Friday,6,Southwest Monsoon,False,24.1,2.5,53,Drizzle,False,,False,False
2025-06-20,Chicken Samosa,90,58,56,2,Friday,6,Southwest Monsoon,False,24.1,2.5,53,Drizzle,False,,False,False
2025-06-20,Cream Bun,120,48,41,7,Friday,6,Southwest Monsoon,False,24.1,2.5,53,Drizzle,False,,False,False
2025-06-20,Egg Roll,100,54,51,3,Friday,6,Southwest Monsoon,False,24.1,2.5,53,Drizzle,False,,False,False
2025-06-20,Fish Bun,120,72,69,3,Friday,6,Southwest Monsoon,False,24.1,2.5,53,Drizzle,False,,False,False
2025-06-20,Fish Patty,110,47,45,2,Friday,6,Southwest Monsoon,False,24.1,2.5,53,Drizzle,False,,False,False
2025-06-20,Mini Pizza,220,38,37,1,Friday,6,Southwest Monsoon,False,24.1,2.5,53,Drizzle,False,,False,False
2025-06-20,Sausage Bun,140,63,60,3,Friday,6,Southwest Monsoon,False,24.1,2.5,53,Drizzle,False,,False,False
2025-06-20,Vegetable Roti,100,56,52,4,Friday,6,Southwest Monsoon,False,24.1,2.5,53,Drizzle,False,,False,False
2025-06-21,Chicken Bun,130,61,60,1,Saturday,6,Southwest Monsoon,True,24.1,3.7,53,Drizzle,False,,False,False
2025-06-21,Chicken Pastry,180,89,83,6,Saturday,6,Southwest Monsoon,True,24.1,3.7,53,Drizzle,False,,False,False
2025-06-21,Chicken Samosa,90,66,61,5,Saturday,6,Southwest Monsoon,True,24.1,3.7,53,Drizzle,False,,False,False
2025-06-21,Cream Bun,120,47,45,2,Saturday,6,Southwest Monsoon,True,24.1,3.7,53,Drizzle,False,,False,False
2025-06-21,Egg Roll,100,61,56,5,Saturday,6,Southwest Monsoon,True,24.1,3.7,53,Drizzle,False,,False,False
2025-06-21,Fish Bun,120,81,73,8,Saturday,6,Southwest Monsoon,True,24.1,3.7,53,Drizzle,False,,False,False
2025-06-21,Fish Patty,110,51,46,5,Saturday,6,Southwest Monsoon,True,24.1,3.7,53,Drizzle,False,,False,False
2025-06-21,Mini Pizza,220,47,42,5,Saturday,6,Southwest Monsoon,True,24.1,3.7,53,Drizzle,False,,False,False
2025-06-21,Sausage Bun,140,67,63,4,Saturday,6,Southwest Monsoon,True,24.1,3.7,53,Drizzle,False,,False,False
2025-06-21,Vegetable Roti,100,52,50,2,Saturday,6,Southwest Monsoon,True,24.1,3.7,53,Drizzle,False,,False,False
2025-06-22,Chicken Bun,130,73,66,7,Sunday,6,Southwest Monsoon,True,23.9,2.9,53,Drizzle,False,,False,False
2025-06-22,Chicken Pastry,180,98,90,8,Sunday,6,Southwest Monsoon,True,23.9,2.9,53,Drizzle,False,,False,False
2025-06-22,Chicken Samosa,90,74,69,5,Sunday,6,Southwest Monsoon,True,23.9,2.9,53,Drizzle,False,,False,False
2025-06-22,Cream Bun,120,56,52,4,Sunday,6,Southwest Monsoon,True,23.9,2.9,53,Drizzle,False,,False,False
2025-06-22,Egg Roll,100,65,61,4,Sunday,6,Southwest Monsoon,True,23.9,2.9,53,Drizzle,False,,False,False
2025-06-22,Fish Bun,120,78,75,3,Sunday,6,Southwest Monsoon,True,23.9,2.9,53,Drizzle,False,,False,False
2025-06-22,Fish Patty,110,60,55,5,Sunday,6,Southwest Monsoon,True,23.9,2.9,53,Drizzle,False,,False,False
2025-06-22,Mini Pizza,220,42,41,1,Sunday,6,Southwest Monsoon,True,23.9,2.9,53,Drizzle,False,,False,False
2025-06-22,Sausage Bun,140,65,58,7,Sunday,6,Southwest Monsoon,True,23.9,2.9,53,Drizzle,False,,False,False
2025-06-22,Vegetable Roti,100,62,56,6,Sunday,6,Southwest Monsoon,True,23.9,2.9,53,Drizzle,False,,False,False
2025-06-23,Chicken Bun,130,62,61,1,Monday,6,Southwest Monsoon,False,23.8,2.8,53,Drizzle,False,,False,False
2025-06-23,Chicken Pastry,180,78,71,7,Monday,6,Southwest Monsoon,False,23.8,2.8,53,Drizzle,False,,False,False
2025-06-23,Chicken Samosa,90,64,57,7,Monday,6,Southwest Monsoon,False,23.8,2.8,53,Drizzle,False,,False,False
2025-06-23,Cream Bun,120,44,41,3,Monday,6,Southwest Monsoon,False,23.8,2.8,53,Drizzle,False,,False,False
2025-06-23,Egg Roll,100,58,58,0,Monday,6,Southwest Monsoon,False,23.8,2.8,53,Drizzle,False,,False,False
2025-06-23,Fish Bun,120,75,73,2,Monday,6,Southwest Monsoon,False,23.8,2.8,53,Drizzle,False,,False,False
2025-06-23,Fish Patty,110,52,48,4,Monday,6,Southwest Monsoon,False,23.8,2.8,53,Drizzle,False,,False,False
2025-06-23,Mini Pizza,220,37,35,2,Monday,6,Southwest Monsoon,False,23.8,2.8,53,Drizzle,False,,False,False
2025-06-23,Sausage Bun,140,62,60,2,Monday,6,Southwest Monsoon,False,23.8,2.8,53,Drizzle,False,,False,False
2025-06-23,Vegetable Roti,100,57,50,7,Monday,6,Southwest Monsoon,False,23.8,2.8,53,Drizzle,False,,False,False
2025-06-24,Chicken Bun,130,58,55,3,Tuesday,6,Southwest Monsoon,False,24.1,4.9,55,Drizzle,False,,False,False
2025-06-24,Chicken Pastry,180,76,72,4,Tuesday,6,Southwest Monsoon,False,24.1,4.9,55,Drizzle,False,,False,False
2025-06-24,Chicken Samosa,90,68,64,4,Tuesday,6,Southwest Monsoon,False,24.1,4.9,55,Drizzle,False,,False,False
2025-06-24,Cream Bun,120,42,36,6,Tuesday,6,Southwest Monsoon,False,24.1,4.9,55,Drizzle,False,,False,False
2025-06-24,Egg Roll,100,51,49,2,Tuesday,6,Southwest Monsoon,False,24.1,4.9,55,Drizzle,False,,False,False
2025-06-24,Fish Bun,120,65,61,4,Tuesday,6,Southwest Monsoon,False,24.1,4.9,55,Drizzle,False,,False,False
2025-06-24,Fish Patty,110,48,44,4,Tuesday,6,Southwest Monsoon,False,24.1,4.9,55,Drizzle,False,,False,False
2025-06-24,Mini Pizza,220,30,29,1,Tuesday,6,Southwest Monsoon,False,24.1,4.9,55,Drizzle,False,,False,False
2025-06-24,Sausage Bun,140,58,56,2,Tuesday,6,Southwest Monsoon,False,24.1,4.9,55,Drizzle,False,,False,False
2025-06-24,Vegetable Roti,100,51,48,3,Tuesday,6,Southwest Monsoon,False,24.1,4.9,55,Drizzle,False,,False,False
2025-06-25,Chicken Bun,130,56,54,2,Wednesday,6,Southwest Monsoon,False,24.0,3.7,53,Drizzle,False,,False,False
2025-06-25,Chicken Pastry,180,87,76,11,Wednesday,6,Southwest Monsoon,False,24.0,3.7,53,Drizzle,False,,False,False
2025-06-25,Chicken Samosa,90,66,63,3,Wednesday,6,Southwest Monsoon,False,24.0,3.7,53,Drizzle,False,,False,False
2025-06-25,Cream Bun,120,39,37,2,Wednesday,6,Southwest Monsoon,False,24.0,3.7,53,Drizzle,False,,False,False
2025-06-25,Egg Roll,100,58,55,3,Wednesday,6,Southwest Monsoon,False,24.0,3.7,53,Drizzle,False,,False,False
2025-06-25,Fish Bun,120,72,65,7,Wednesday,6,Southwest Monsoon,False,24.0,3.7,53,Drizzle,False,,False,False
2025-06-25,Fish Patty,110,56,53,3,Wednesday,6,Southwest Monsoon,False,24.0,3.7,53,Drizzle,False,,False,False
2025-06-25,Mini Pizza,220,35,32,3,Wednesday,6,Southwest Monsoon,False,24.0,3.7,53,Drizzle,False,,False,False
2025-06-25,Sausage Bun,140,45,42,3,Wednesday,6,Southwest Monsoon,False,24.0,3.7,53,Drizzle,False,,False,False
2025-06-25,Vegetable Roti,100,58,55,3,Wednesday,6,Southwest Monsoon,False,24.0,3.7,53,Drizzle,False,,False,False
2025-06-26,Chicken Bun,130,74,64,10,Thursday,6,Southwest Monsoon,False,24.2,1.8,53,Drizzle,False,,False,False
2025-06-26,Chicken Pastry,180,84,78,6,Thursday,6,Southwest Monsoon,False,24.2,1.8,53,Drizzle,False,,False,False
2025-06-26,Chicken Samosa,90,62,57,5,Thursday,6,Southwest Monsoon,False,24.2,1.8,53,Drizzle,False,,False,False
2025-06-26,Cream Bun,120,46,43,3,Thursday,6,Southwest Monsoon,False,24.2,1.8,53,Drizzle,False,,False,False
2025-06-26,Egg Roll,100,54,52,2,Thursday,6,Southwest Monsoon,False,24.2,1.8,53,Drizzle,False,,False,False
2025-06-26,Fish Bun,120,79,75,4,Thursday,6,Southwest Monsoon,False,24.2,1.8,53,Drizzle,False,,False,False
2025-06-26,Fish Patty,110,57,51,6,Thursday,6,Southwest Monsoon,False,24.2,1.8,53,Drizzle,False,,False,False
2025-06-26,Mini Pizza,220,43,39,4,Thursday,6,Southwest Monsoon,False,24.2,1.8,53,Drizzle,False,,False,False
2025-06-26,Sausage Bun,140,54,49,5,Thursday,6,Southwest Monsoon,False,24.2,1.8,53,Drizzle,False,,False,False
2025-06-26,Vegetable Roti,100,51,47,4,Thursday,6,Southwest Monsoon,False,24.2,1.8,53,Drizzle,False,,False,False
2025-06-27,Chicken Bun,130,59,57,2,Friday,6,Southwest Monsoon,False,24.4,1.4,51,Drizzle,False,,False,False
2025-06-27,Chicken Pastry,180,90,83,7,Friday,6,Southwest Monsoon,False,24.4,1.4,51,Drizzle,False,,False,False
2025-06-27,Chicken Samosa,90,68,65,3,Friday,6,Southwest Monsoon,False,24.4,1.4,51,Drizzle,False,,False,False
2025-06-27,Cream Bun,120,48,43,5,Friday,6,Southwest Monsoon,False,24.4,1.4,51,Drizzle,False,,False,False
2025-06-27,Egg Roll,100,68,65,3,Friday,6,Southwest Monsoon,False,24.4,1.4,51,Drizzle,False,,False,False
2025-06-27,Fish Bun,120,73,65,8,Friday,6,Southwest Monsoon,False,24.4,1.4,51,Drizzle,False,,False,False
2025-06-27,Fish Patty,110,54,53,1,Friday,6,Southwest Monsoon,False,24.4,1.4,51,Drizzle,False,,False,False
2025-06-27,Mini Pizza,220,43,38,5,Friday,6,Southwest Monsoon,False,24.4,1.4,51,Drizzle,False,,False,False
2025-06-27,Sausage Bun,140,50,47,3,Friday,6,Southwest Monsoon,False,24.4,1.4,51,Drizzle,False,,False,False
2025-06-27,Vegetable Roti,100,56,56,0,Friday,6,Southwest Monsoon,False,24.4,1.4,51,Drizzle,False,,False,False
2025-06-28,Chicken Bun,130,69,64,5,Saturday,6,Southwest Monsoon,True,24.1,1.4,53,Drizzle,False,,False,False
2025-06-28,Chicken Pastry,180,101,89,12,Saturday,6,Southwest Monsoon,True,24.1,1.4,53,Drizzle,False,,False,False
2025-06-28,Chicken Samosa,90,73,69,4,Saturday,6,Southwest Monsoon,True,24.1,1.4,53,Drizzle,False,,False,False
2025-06-28,Cream Bun,120,59,51,8,Saturday,6,Southwest Monsoon,True,24.1,1.4,53,Drizzle,False,,False,False
2025-06-28,Egg Roll,100,63,59,4,Saturday,6,Southwest Monsoon,True,24.1,1.4,53,Drizzle,False,,False,False
2025-06-28,Fish Bun,120,83,79,4,Saturday,6,Southwest Monsoon,True,24.1,1.4,53,Drizzle,False,,False,False
2025-06-28,Fish Patty,110,59,52,7,Saturday,6,Southwest Monsoon,True,24.1,1.4,53,Drizzle,False,,False,False
2025-06-28,Mini Pizza,220,48,45,3,Saturday,6,Southwest Monsoon,True,24.1,1.4,53,Drizzle,False,,False,False
2025-06-28,Sausage Bun,140,67,60,7,Saturday,6,Southwest Monsoon,True,24.1,1.4,53,Drizzle,False,,False,False
2025-06-28,Vegetable Roti,100,55,54,1,Saturday,6,Southwest Monsoon,True,24.1,1.4,53,Drizzle,False,,False,False
2025-06-29,Chicken Bun,130,72,66,6,Sunday,6,Southwest Monsoon,True,24.6,0.0,3,Cloudy,False,,False,False
2025-06-29,Chicken Pastry,180,106,95,11,Sunday,6,Southwest Monsoon,True,24.6,0.0,3,Cloudy,False,,False,False
2025-06-29,Chicken Samosa,90,72,65,7,Sunday,6,Southwest Monsoon,True,24.6,0.0,3,Cloudy,False,,False,False
2025-06-29,Cream Bun,120,67,61,6,Sunday,6,Southwest Monsoon,True,24.6,0.0,3,Cloudy,False,,False,False
2025-06-29,Egg Roll,100,69,66,3,Sunday,6,Southwest Monsoon,True,24.6,0.0,3,Cloudy,False,,False,False
2025-06-29,Fish Bun,120,78,72,6,Sunday,6,Southwest Monsoon,True,24.6,0.0,3,Cloudy,False,,False,False
2025-06-29,Fish Patty,110,56,55,1,Sunday,6,Southwest Monsoon,True,24.6,0.0,3,Cloudy,False,,False,False
2025-06-29,Mini Pizza,220,57,51,6,Sunday,6,Southwest Monsoon,True,24.6,0.0,3,Cloudy,False,,False,False
2025-06-29,Sausage Bun,140,71,68,3,Sunday,6,Southwest Monsoon,True,24.6,0.0,3,Cloudy,False,,False,False
2025-06-29,Vegetable Roti,100,67,62,5,Sunday,6,Southwest Monsoon,True,24.6,0.0,3,Cloudy,False,,False,False
2025-06-30,Chicken Bun,130,70,63,7,Monday,6,Southwest Monsoon,False,25.0,0.2,51,Drizzle,False,,False,False
2025-06-30,Chicken Pastry,180,98,90,8,Monday,6,Southwest Monsoon,False,25.0,0.2,51,Drizzle,False,,False,False
2025-06-30,Chicken Samosa,90,76,66,10,Monday,6,Southwest Monsoon,False,25.0,0.2,51,Drizzle,False,,False,False
2025-06-30,Cream Bun,120,45,44,1,Monday,6,Southwest Monsoon,False,25.0,0.2,51,Drizzle,False,,False,False
2025-06-30,Egg Roll,100,72,65,7,Monday,6,Southwest Monsoon,False,25.0,0.2,51,Drizzle,False,,False,False
2025-06-30,Fish Bun,120,71,68,3,Monday,6,Southwest Monsoon,False,25.0,0.2,51,Drizzle,False,,False,False
2025-06-30,Fish Patty,110,56,52,4,Monday,6,Southwest Monsoon,False,25.0,0.2,51,Drizzle,False,,False,False
2025-06-30,Mini Pizza,220,44,41,3,Monday,6,Southwest Monsoon,False,25.0,0.2,51,Drizzle,False,,False,False
2025-06-30,Sausage Bun,140,58,57,1,Monday,6,Southwest Monsoon,False,25.0,0.2,51,Drizzle,False,,False,False
2025-06-30,Vegetable Roti,100,59,55,4,Monday,6,Southwest Monsoon,False,25.0,0.2,51,Drizzle,False,,False,False
2025-07-01,Chicken Bun,130,71,66,5,Tuesday,7,Southwest Monsoon,False,24.5,0.5,51,Drizzle,False,,False,False
2025-07-01,Chicken Pastry,180,86,74,12,Tuesday,7,Southwest Monsoon,False,24.5,0.5,51,Drizzle,False,,False,False
2025-07-01,Chicken Samosa,90,70,65,5,Tuesday,7,Southwest Monsoon,False,24.5,0.5,51,Drizzle,False,,False,False
2025-07-01,Cream Bun,120,57,51,6,Tuesday,7,Southwest Monsoon,False,24.5,0.5,51,Drizzle,False,,False,False
2025-07-01,Egg Roll,100,58,52,6,Tuesday,7,Southwest Monsoon,False,24.5,0.5,51,Drizzle,False,,False,False
2025-07-01,Fish Bun,120,75,69,6,Tuesday,7,Southwest Monsoon,False,24.5,0.5,51,Drizzle,False,,False,False
2025-07-01,Fish Patty,110,49,45,4,Tuesday,7,Southwest Monsoon,False,24.5,0.5,51,Drizzle,False,,False,False
2025-07-01,Mini Pizza,220,47,43,4,Tuesday,7,Southwest Monsoon,False,24.5,0.5,51,Drizzle,False,,False,False
2025-07-01,Sausage Bun,140,62,55,7,Tuesday,7,Southwest Monsoon,False,24.5,0.5,51,Drizzle,False,,False,False
2025-07-01,Vegetable Roti,100,59,55,4,Tuesday,7,Southwest Monsoon,False,24.5,0.5,51,Drizzle,False,,False,False
2025-07-02,Chicken Bun,130,58,58,0,Wednesday,7,Southwest Monsoon,False,24.8,1.2,51,Drizzle,False,,False,False
2025-07-02,Chicken Pastry,180,72,67,5,Wednesday,7,Southwest Monsoon,False,24.8,1.2,51,Drizzle,False,,False,False
2025-07-02,Chicken Samosa,90,58,54,4,Wednesday,7,Southwest Monsoon,False,24.8,1.2,51,Drizzle,False,,False,False
2025-07-02,Cream Bun,120,55,49,6,Wednesday,7,Southwest Monsoon,False,24.8,1.2,51,Drizzle,False,,False,False
2025-07-02,Egg Roll,100,71,64,7,Wednesday,7,Southwest Monsoon,False,24.8,1.2,51,Drizzle,False,,False,False
2025-07-02,Fish Bun,120,70,62,8,Wednesday,7,Southwest Monsoon,False,24.8,1.2,51,Drizzle,False,,False,False
2025-07-02,Fish Patty,110,56,49,7,Wednesday,7,Southwest Monsoon,False,24.8,1.2,51,Drizzle,False,,False,False
2025-07-02,Mini Pizza,220,48,44,4,Wednesday,7,Southwest Monsoon,False,24.8,1.2,51,Drizzle,False,,False,False
2025-07-02,Sausage Bun,140,70,63,7,Wednesday,7,Southwest Monsoon,False,24.8,1.2,51,Drizzle,False,,False,False
2025-07-02,Vegetable Roti,100,55,53,2,Wednesday,7,Southwest Monsoon,False,24.8,1.2,51,Drizzle,False,,False,False
2025-07-03,Chicken Bun,130,72,63,9,Thursday,7,Southwest Monsoon,False,24.7,1.8,53,Drizzle,False,,False,False
2025-07-03,Chicken Pastry,180,92,86,6,Thursday,7,Southwest Monsoon,False,24.7,1.8,53,Drizzle,False,,False,False
2025-07-03,Chicken Samosa,90,68,62,6,Thursday,7,Southwest Monsoon,False,24.7,1.8,53,Drizzle,False,,False,False
2025-07-03,Cream Bun,120,43,39,4,Thursday,7,Southwest Monsoon,False,24.7,1.8,53,Drizzle,False,,False,False
2025-07-03,Egg Roll,100,60,52,8,Thursday,7,Southwest Monsoon,False,24.7,1.8,53,Drizzle,False,,False,False
2025-07-03,Fish Bun,120,71,68,3,Thursday,7,Southwest Monsoon,False,24.7,1.8,53,Drizzle,False,,False,False
2025-07-03,Fish Patty,110,54,52,2,Thursday,7,Southwest Monsoon,False,24.7,1.8,53,Drizzle,False,,False,False
2025-07-03,Mini Pizza,220,51,44,7,Thursday,7,Southwest Monsoon,False,24.7,1.8,53,Drizzle,False,,False,False
2025-07-03,Sausage Bun,140,63,57,6,Thursday,7,Southwest Monsoon,False,24.7,1.8,53,Drizzle,False,,False,False
2025-07-03,Vegetable Roti,100,66,61,5,Thursday,7,Southwest Monsoon,False,24.7,1.8,53,Drizzle,False,,False,False
2025-07-04,Chicken Bun,130,72,65,7,Friday,7,Southwest Monsoon,False,25.1,0.2,51,Drizzle,False,,False,False
2025-07-04,Chicken Pastry,180,92,87,5,Friday,7,Southwest Monsoon,False,25.1,0.2,51,Drizzle,False,,False,False
2025-07-04,Chicken Samosa,90,78,70,8,Friday,7,Southwest Monsoon,False,25.1,0.2,51,Drizzle,False,,False,False
2025-07-04,Cream Bun,120,47,44,3,Friday,7,Southwest Monsoon,False,25.1,0.2,51,Drizzle,False,,False,False
2025-07-04,Egg Roll,100,63,60,3,Friday,7,Southwest Monsoon,False,25.1,0.2,51,Drizzle,False,,False,False
2025-07-04,Fish Bun,120,79,72,7,Friday,7,Southwest Monsoon,False,25.1,0.2,51,Drizzle,False,,False,False
2025-07-04,Fish Patty,110,53,49,4,Friday,7,Southwest Monsoon,False,25.1,0.2,51,Drizzle,False,,False,False
2025-07-04,Mini Pizza,220,46,43,3,Friday,7,Southwest Monsoon,False,25.1,0.2,51,Drizzle,False,,False,False
2025-07-04,Sausage Bun,140,69,64,5,Friday,7,Southwest Monsoon,False,25.1,0.2,51,Drizzle,False,,False,False
2025-07-04,Vegetable Roti,100,56,53,3,Friday,7,Southwest Monsoon,False,25.1,0.2,51,Drizzle,False,,False,False
2025-07-05,Chicken Bun,130,70,64,6,Saturday,7,Southwest Monsoon,True,25.4,0.3,51,Drizzle,False,,False,False
2025-07-05,Chicken Pastry,180,113,105,8,Saturday,7,Southwest Monsoon,True,25.4,0.3,51,Drizzle,False,,False,False
2025-07-05,Chicken Samosa,90,76,70,6,Saturday,7,Southwest Monsoon,True,25.4,0.3,51,Drizzle,False,,False,False
2025-07-05,Cream Bun,120,67,57,10,Saturday,7,Southwest Monsoon,True,25.4,0.3,51,Drizzle,False,,False,False
2025-07-05,Egg Roll,100,71,67,4,Saturday,7,Southwest Monsoon,True,25.4,0.3,51,Drizzle,False,,False,False
2025-07-05,Fish Bun,120,84,73,11,Saturday,7,Southwest Monsoon,True,25.4,0.3,51,Drizzle,False,,False,False
2025-07-05,Fish Patty,110,71,63,8,Saturday,7,Southwest Monsoon,True,25.4,0.3,51,Drizzle,False,,False,False
2025-07-05,Mini Pizza,220,53,51,2,Saturday,7,Southwest Monsoon,True,25.4,0.3,51,Drizzle,False,,False,False
2025-07-05,Sausage Bun,140,68,60,8,Saturday,7,Southwest Monsoon,True,25.4,0.3,51,Drizzle,False,,False,False
2025-07-05,Vegetable Roti,100,69,65,4,Saturday,7,Southwest Monsoon,True,25.4,0.3,51,Drizzle,False,,False,False
2025-07-06,Chicken Bun,130,59,56,3,Sunday,7,Southwest Monsoon,True,24.5,3.7,53,Drizzle,False,,False,False
2025-07-06,Chicken Pastry,180,86,79,7,Sunday,7,Southwest Monsoon,True,24.5,3.7,53,Drizzle,False,,False,False
2025-07-06,Chicken Samosa,90,66,60,6,Sunday,7,Southwest Monsoon,True,24.5,3.7,53,Drizzle,False,,False,False
2025-07-06,Cream Bun,120,51,46,5,Sunday,7,Southwest Monsoon,True,24.5,3.7,53,Drizzle,False,,False,False
2025-07-06,Egg Roll,100,60,56,4,Sunday,7,Southwest Monsoon,True,24.5,3.7,53,Drizzle,False,,False,False
2025-07-06,Fish Bun,120,85,78,7,Sunday,7,Southwest Monsoon,True,24.5,3.7,53,Drizzle,False,,False,False
2025-07-06,Fish Patty,110,62,57,5,Sunday,7,Southwest Monsoon,True,24.5,3.7,53,Drizzle,False,,False,False
2025-07-06,Mini Pizza,220,45,41,4,Sunday,7,Southwest Monsoon,True,24.5,3.7,53,Drizzle,False,,False,False
2025-07-06,Sausage Bun,140,71,62,9,Sunday,7,Southwest Monsoon,True,24.5,3.7,53,Drizzle,False,,False,False
2025-07-06,Vegetable Roti,100,60,55,5,Sunday,7,Southwest Monsoon,True,24.5,3.7,53,Drizzle,False,,False,False
2025-07-07,Chicken Bun,130,67,63,4,Monday,7,Southwest Monsoon,False,25.3,0.8,51,Drizzle,False,,False,False
2025-07-07,Chicken Pastry,180,84,78,6,Monday,7,Southwest Monsoon,False,25.3,0.8,51,Drizzle,False,,False,False
2025-07-07,Chicken Samosa,90,74,66,8,Monday,7,Southwest Monsoon,False,25.3,0.8,51,Drizzle,False,,False,False
2025-07-07,Cream Bun,120,51,45,6,Monday,7,Southwest Monsoon,False,25.3,0.8,51,Drizzle,False,,False,False
2025-07-07,Egg Roll,100,59,54,5,Monday,7,Southwest Monsoon,False,25.3,0.8,51,Drizzle,False,,False,False
2025-07-07,Fish Bun,120,94,86,8,Monday,7,Southwest Monsoon,False,25.3,0.8,51,Drizzle,False,,False,False
2025-07-07,Fish Patty,110,67,60,7,Monday,7,Southwest Monsoon,False,25.3,0.8,51,Drizzle,False,,False,False
2025-07-07,Mini Pizza,220,53,49,4,Monday,7,Southwest Monsoon,False,25.3,0.8,51,Drizzle,False,,False,False
2025-07-07,Sausage Bun,140,58,58,0,Monday,7,Southwest Monsoon,False,25.3,0.8,51,Drizzle,False,,False,False
2025-07-07,Vegetable Roti,100,54,52,2,Monday,7,Southwest Monsoon,False,25.3,0.8,51,Drizzle,False,,False,False
2025-07-08,Chicken Bun,130,63,59,4,Tuesday,7,Southwest Monsoon,False,25.4,1.2,51,Drizzle,False,,False,False
2025-07-08,Chicken Pastry,180,95,86,9,Tuesday,7,Southwest Monsoon,False,25.4,1.2,51,Drizzle,False,,False,False
2025-07-08,Chicken Samosa,90,83,73,10,Tuesday,7,Southwest Monsoon,False,25.4,1.2,51,Drizzle,False,,False,False
2025-07-08,Cream Bun,120,46,45,1,Tuesday,7,Southwest Monsoon,False,25.4,1.2,51,Drizzle,False,,False,False
2025-07-08,Egg Roll,100,66,58,8,Tuesday,7,Southwest Monsoon,False,25.4,1.2,51,Drizzle,False,,False,False
2025-07-08,Fish Bun,120,69,67,2,Tuesday,7,Southwest Monsoon,False,25.4,1.2,51,Drizzle,False,,False,False
2025-07-08,Fish Patty,110,60,56,4,Tuesday,7,Southwest Monsoon,False,25.4,1.2,51,Drizzle,False,,False,False
2025-07-08,Mini Pizza,220,46,41,5,Tuesday,7,Southwest Monsoon,False,25.4,1.2,51,Drizzle,False,,False,False
2025-07-08,Sausage Bun,140,58,53,5,Tuesday,7,Southwest Monsoon,False,25.4,1.2,51,Drizzle,False,,False,False
2025-07-08,Vegetable Roti,100,54,51,3,Tuesday,7,Southwest Monsoon,False,25.4,1.2,51,Drizzle,False,,False,False
2025-07-09,Chicken Bun,130,70,65,5,Wednesday,7,Southwest Monsoon,False,25.1,1.1,51,Drizzle,False,,True,False
2025-07-09,Chicken Pastry,180,97,90,7,Wednesday,7,Southwest Monsoon,False,25.1,1.1,51,Drizzle,False,,True,False
2025-07-09,Chicken Samosa,90,67,62,5,Wednesday,7,Southwest Monsoon,False,25.1,1.1,51,Drizzle,False,,True,False
2025-07-09,Cream Bun,120,45,43,2,Wednesday,7,Southwest Monsoon,False,25.1,1.1,51,Drizzle,False,,True,False
2025-07-09,Egg Roll,100,67,60,7,Wednesday,7,Southwest Monsoon,False,25.1,1.1,51,Drizzle,False,,True,False
2025-07-09,Fish Bun,120,71,66,5,Wednesday,7,Southwest Monsoon,False,25.1,1.1,51,Drizzle,False,,True,False
2025-07-09,Fish Patty,110,62,55,7,Wednesday,7,Southwest Monsoon,False,25.1,1.1,51,Drizzle,False,,True,False
2025-07-09,Mini Pizza,220,43,42,1,Wednesday,7,Southwest Monsoon,False,25.1,1.1,51,Drizzle,False,,True,False
2025-07-09,Sausage Bun,140,58,53,5,Wednesday,7,Southwest Monsoon,False,25.1,1.1,51,Drizzle,False,,True,False
2025-07-09,Vegetable Roti,100,60,56,4,Wednesday,7,Southwest Monsoon,False,25.1,1.1,51,Drizzle,False,,True,False
2025-07-10,Chicken Bun,130,58,57,1,Thursday,7,Southwest Monsoon,False,24.9,3.0,55,Drizzle,True,Esala Full Moon Poya Day,False,False
2025-07-10,Chicken Pastry,180,91,83,8,Thursday,7,Southwest Monsoon,False,24.9,3.0,55,Drizzle,True,Esala Full Moon Poya Day,False,False
2025-07-10,Chicken Samosa,90,86,79,7,Thursday,7,Southwest Monsoon,False,24.9,3.0,55,Drizzle,True,Esala Full Moon Poya Day,False,False
2025-07-10,Cream Bun,120,48,46,2,Thursday,7,Southwest Monsoon,False,24.9,3.0,55,Drizzle,True,Esala Full Moon Poya Day,False,False
2025-07-10,Egg Roll,100,66,60,6,Thursday,7,Southwest Monsoon,False,24.9,3.0,55,Drizzle,True,Esala Full Moon Poya Day,False,False
2025-07-10,Fish Bun,120,77,73,4,Thursday,7,Southwest Monsoon,False,24.9,3.0,55,Drizzle,True,Esala Full Moon Poya Day,False,False
2025-07-10,Fish Patty,110,59,56,3,Thursday,7,Southwest Monsoon,False,24.9,3.0,55,Drizzle,True,Esala Full Moon Poya Day,False,False
2025-07-10,Mini Pizza,220,41,38,3,Thursday,7,Southwest Monsoon,False,24.9,3.0,55,Drizzle,True,Esala Full Moon Poya Day,False,False
2025-07-10,Sausage Bun,140,65,57,8,Thursday,7,Southwest Monsoon,False,24.9,3.0,55,Drizzle,True,Esala Full Moon Poya Day,False,False
2025-07-10,Vegetable Roti,100,57,53,4,Thursday,7,Southwest Monsoon,False,24.9,3.0,55,Drizzle,True,Esala Full Moon Poya Day,False,False
2025-07-11,Chicken Bun,130,63,56,7,Friday,7,Southwest Monsoon,False,24.3,1.9,53,Drizzle,False,,False,True
2025-07-11,Chicken Pastry,180,86,80,6,Friday,7,Southwest Monsoon,False,24.3,1.9,53,Drizzle,False,,False,True
2025-07-11,Chicken Samosa,90,82,74,8,Friday,7,Southwest Monsoon,False,24.3,1.9,53,Drizzle,False,,False,True
2025-07-11,Cream Bun,120,46,42,4,Friday,7,Southwest Monsoon,False,24.3,1.9,53,Drizzle,False,,False,True
2025-07-11,Egg Roll,100,57,54,3,Friday,7,Southwest Monsoon,False,24.3,1.9,53,Drizzle,False,,False,True
2025-07-11,Fish Bun,120,81,71,10,Friday,7,Southwest Monsoon,False,24.3,1.9,53,Drizzle,False,,False,True
2025-07-11,Fish Patty,110,49,46,3,Friday,7,Southwest Monsoon,False,24.3,1.9,53,Drizzle,False,,False,True
2025-07-11,Mini Pizza,220,37,35,2,Friday,7,Southwest Monsoon,False,24.3,1.9,53,Drizzle,False,,False,True
2025-07-11,Sausage Bun,140,52,48,4,Friday,7,Southwest Monsoon,False,24.3,1.9,53,Drizzle,False,,False,True
2025-07-11,Vegetable Roti,100,52,48,4,Friday,7,Southwest Monsoon,False,24.3,1.9,53,Drizzle,False,,False,True
2025-07-12,Chicken Bun,130,74,70,4,Saturday,7,Southwest Monsoon,True,24.3,2.5,51,Drizzle,False,,False,False
2025-07-12,Chicken Pastry,180,106,89,17,Saturday,7,Southwest Monsoon,True,24.3,2.5,51,Drizzle,False,,False,False
2025-07-12,Chicken Samosa,90,82,76,6,Saturday,7,Southwest Monsoon,True,24.3,2.5,51,Drizzle,False,,False,False
2025-07-12,Cream Bun,120,55,50,5,Saturday,7,Southwest Monsoon,True,24.3,2.5,51,Drizzle,False,,False,False
2025-07-12,Egg Roll,100,57,53,4,Saturday,7,Southwest Monsoon,True,24.3,2.5,51,Drizzle,False,,False,False
2025-07-12,Fish Bun,120,78,70,8,Saturday,7,Southwest Monsoon,True,24.3,2.5,51,Drizzle,False,,False,False
2025-07-12,Fish Patty,110,58,54,4,Saturday,7,Southwest Monsoon,True,24.3,2.5,51,Drizzle,False,,False,False
2025-07-12,Mini Pizza,220,50,45,5,Saturday,7,Southwest Monsoon,True,24.3,2.5,51,Drizzle,False,,False,False
2025-07-12,Sausage Bun,140,56,53,3,Saturday,7,Southwest Monsoon,True,24.3,2.5,51,Drizzle,False,,False,False
2025-07-12,Vegetable Roti,100,56,51,5,Saturday,7,Southwest Monsoon,True,24.3,2.5,51,Drizzle,False,,False,False
2025-07-13,Chicken Bun,130,54,51,3,Sunday,7,Southwest Monsoon,True,24.7,3.1,55,Drizzle,False,,False,False
2025-07-13,Chicken Pastry,180,89,85,4,Sunday,7,Southwest Monsoon,True,24.7,3.1,55,Drizzle,False,,False,False
2025-07-13,Chicken Samosa,90,72,66,6,Sunday,7,Southwest Monsoon,True,24.7,3.1,55,Drizzle,False,,False,False
2025-07-13,Cream Bun,120,48,43,5,Sunday,7,Southwest Monsoon,True,24.7,3.1,55,Drizzle,False,,False,False
2025-07-13,Egg Roll,100,62,58,4,Sunday,7,Southwest Monsoon,True,24.7,3.1,55,Drizzle,False,,False,False
2025-07-13,Fish Bun,120,80,75,5,Sunday,7,Southwest Monsoon,True,24.7,3.1,55,Drizzle,False,,False,False
2025-07-13,Fish Patty,110,55,50,5,Sunday,7,Southwest Monsoon,True,24.7,3.1,55,Drizzle,False,,False,False
2025-07-13,Mini Pizza,220,46,43,3,Sunday,7,Southwest Monsoon,True,24.7,3.1,55,Drizzle,False,,False,False
2025-07-13,Sausage Bun,140,59,56,3,Sunday,7,Southwest Monsoon,True,24.7,3.1,55,Drizzle,False,,False,False
2025-07-13,Vegetable Roti,100,61,58,3,Sunday,7,Southwest Monsoon,True,24.7,3.1,55,Drizzle,False,,False,False
2025-07-14,Chicken Bun,130,65,59,6,Monday,7,Southwest Monsoon,False,24.2,3.1,53,Drizzle,False,,False,False
2025-07-14,Chicken Pastry,180,81,76,5,Monday,7,Southwest Monsoon,False,24.2,3.1,53,Drizzle,False,,False,False
2025-07-14,Chicken Samosa,90,61,58,3,Monday,7,Southwest Monsoon,False,24.2,3.1,53,Drizzle,False,,False,False
2025-07-14,Cream Bun,120,51,48,3,Monday,7,Southwest Monsoon,False,24.2,3.1,53,Drizzle,False,,False,False
2025-07-14,Egg Roll,100,60,55,5,Monday,7,Southwest Monsoon,False,24.2,3.1,53,Drizzle,False,,False,False
2025-07-14,Fish Bun,120,64,62,2,Monday,7,Southwest Monsoon,False,24.2,3.1,53,Drizzle,False,,False,False
2025-07-14,Fish Patty,110,58,52,6,Monday,7,Southwest Monsoon,False,24.2,3.1,53,Drizzle,False,,False,False
2025-07-14,Mini Pizza,220,46,40,6,Monday,7,Southwest Monsoon,False,24.2,3.1,53,Drizzle,False,,False,False
2025-07-14,Sausage Bun,140,50,49,1,Monday,7,Southwest Monsoon,False,24.2,3.1,53,Drizzle,False,,False,False
2025-07-14,Vegetable Roti,100,52,47,5,Monday,7,Southwest Monsoon,False,24.2,3.1,53,Drizzle,False,,False,False
2025-07-15,Chicken Bun,130,55,51,4,Tuesday,7,Southwest Monsoon,False,24.1,5.2,61,Rain,False,,False,False
2025-07-15,Chicken Pastry,180,79,70,9,Tuesday,7,Southwest Monsoon,False,24.1,5.2,61,Rain,False,,False,False
2025-07-15,Chicken Samosa,90,56,52,4,Tuesday,7,Southwest Monsoon,False,24.1,5.2,61,Rain,False,,False,False
2025-07-15,Cream Bun,120,33,31,2,Tuesday,7,Southwest Monsoon,False,24.1,5.2,61,Rain,False,,False,False
2025-07-15,Egg Roll,100,65,60,5,Tuesday,7,Southwest Monsoon,False,24.1,5.2,61,Rain,False,,False,False
2025-07-15,Fish Bun,120,59,58,1,Tuesday,7,Southwest Monsoon,False,24.1,5.2,61,Rain,False,,False,False
2025-07-15,Fish Patty,110,50,49,1,Tuesday,7,Southwest Monsoon,False,24.1,5.2,61,Rain,False,,False,False
2025-07-15,Mini Pizza,220,31,30,1,Tuesday,7,Southwest Monsoon,False,24.1,5.2,61,Rain,False,,False,False
2025-07-15,Sausage Bun,140,51,48,3,Tuesday,7,Southwest Monsoon,False,24.1,5.2,61,Rain,False,,False,False
2025-07-15,Vegetable Roti,100,56,52,4,Tuesday,7,Southwest Monsoon,False,24.1,5.2,61,Rain,False,,False,False
2025-07-16,Chicken Bun,130,49,44,5,Wednesday,7,Southwest Monsoon,False,23.6,12.9,63,Rain,False,,False,False
2025-07-16,Chicken Pastry,180,64,62,2,Wednesday,7,Southwest Monsoon,False,23.6,12.9,63,Rain,False,,False,False
2025-07-16,Chicken Samosa,90,58,52,6,Wednesday,7,Southwest Monsoon,False,23.6,12.9,63,Rain,False,,False,False
2025-07-16,Cream Bun,120,40,36,4,Wednesday,7,Southwest Monsoon,False,23.6,12.9,63,Rain,False,,False,False
2025-07-16,Egg Roll,100,41,41,0,Wednesday,7,Southwest Monsoon,False,23.6,12.9,63,Rain,False,,False,False
2025-07-16,Fish Bun,120,58,54,4,Wednesday,7,Southwest Monsoon,False,23.6,12.9,63,Rain,False,,False,False
2025-07-16,Fish Patty,110,41,39,2,Wednesday,7,Southwest Monsoon,False,23.6,12.9,63,Rain,False,,False,False
2025-07-16,Mini Pizza,220,30,28,2,Wednesday,7,Southwest Monsoon,False,23.6,12.9,63,Rain,False,,False,False
2025-07-16,Sausage Bun,140,47,43,4,Wednesday,7,Southwest Monsoon,False,23.6,12.9,63,Rain,False,,False,False
2025-07-16,Vegetable Roti,100,47,45,2,Wednesday,7,Southwest Monsoon,False,23.6,12.9,63,Rain,False,,False,False
2025-07-17,Chicken Bun,130,70,63,7,Thursday,7,Southwest Monsoon,False,23.9,1.9,51,Drizzle,False,,False,False
2025-07-17,Chicken Pastry,180,86,79,7,Thursday,7,Southwest Monsoon,False,23.9,1.9,51,Drizzle,False,,False,False
2025-07-17,Chicken Samosa,90,73,65,8,Thursday,7,Southwest Monsoon,False,23.9,1.9,51,Drizzle,False,,False,False
2025-07-17,Cream Bun,120,45,42,3,Thursday,7,Southwest Monsoon,False,23.9,1.9,51,Drizzle,False,,False,False
2025-07-17,Egg Roll,100,62,56,6,Thursday,7,Southwest Monsoon,False,23.9,1.9,51,Drizzle,False,,False,False
2025-07-17,Fish Bun,120,78,70,8,Thursday,7,Southwest Monsoon,False,23.9,1.9,51,Drizzle,False,,False,False
2025-07-17,Fish Patty,110,47,42,5,Thursday,7,Southwest Monsoon,False,23.9,1.9,51,Drizzle,False,,False,False
2025-07-17,Mini Pizza,220,49,44,5,Thursday,7,Southwest Monsoon,False,23.9,1.9,51,Drizzle,False,,False,False
2025-07-17,Sausage Bun,140,62,55,7,Thursday,7,Southwest Monsoon,False,23.9,1.9,51,Drizzle,False,,False,False
2025-07-17,Vegetable Roti,100,48,47,1,Thursday,7,Southwest Monsoon,False,23.9,1.9,51,Drizzle,False,,False,False
2025-07-18,Chicken Bun,130,57,56,1,Friday,7,Southwest Monsoon,False,23.4,8.0,61,Rain,False,,False,False
2025-07-18,Chicken Pastry,180,66,62,4,Friday,7,Southwest Monsoon,False,23.4,8.0,61,Rain,False,,False,False
2025-07-18,Chicken Samosa,90,58,52,6,Friday,7,Southwest Monsoon,False,23.4,8.0,61,Rain,False,,False,False
2025-07-18,Cream Bun,120,34,32,2,Friday,7,Southwest Monsoon,False,23.4,8.0,61,Rain,False,,False,False
2025-07-18,Egg Roll,100,49,47,2,Friday,7,Southwest Monsoon,False,23.4,8.0,61,Rain,False,,False,False
2025-07-18,Fish Bun,120,63,60,3,Friday,7,Southwest Monsoon,False,23.4,8.0,61,Rain,False,,False,False
2025-07-18,Fish Patty,110,50,49,1,Friday,7,Southwest Monsoon,False,23.4,8.0,61,Rain,False,,False,False
2025-07-18,Mini Pizza,220,33,31,2,Friday,7,Southwest Monsoon,False,23.4,8.0,61,Rain,False,,False,False
2025-07-18,Sausage Bun,140,53,49,4,Friday,7,Southwest Monsoon,False,23.4,8.0,61,Rain,False,,False,False
2025-07-18,Vegetable Roti,100,56,51,5,Friday,7,Southwest Monsoon,False,23.4,8.0,61,Rain,False,,False,False
2025-07-19,Chicken Bun,130,57,52,5,Saturday,7,Southwest Monsoon,True,22.6,20.8,63,Rain,False,,False,False
2025-07-19,Chicken Pastry,180,86,76,10,Saturday,7,Southwest Monsoon,True,22.6,20.8,63,Rain,False,,False,False
2025-07-19,Chicken Samosa,90,59,51,8,Saturday,7,Southwest Monsoon,True,22.6,20.8,63,Rain,False,,False,False
2025-07-19,Cream Bun,120,41,38,3,Saturday,7,Southwest Monsoon,True,22.6,20.8,63,Rain,False,,False,False
2025-07-19,Egg Roll,100,46,42,4,Saturday,7,Southwest Monsoon,True,22.6,20.8,63,Rain,False,,False,False
2025-07-19,Fish Bun,120,59,59,0,Saturday,7,Southwest Monsoon,True,22.6,20.8,63,Rain,False,,False,False
2025-07-19,Fish Patty,110,42,38,4,Saturday,7,Southwest Monsoon,True,22.6,20.8,63,Rain,False,,False,False
2025-07-19,Mini Pizza,220,32,31,1,Saturday,7,Southwest Monsoon,True,22.6,20.8,63,Rain,False,,False,False
2025-07-19,Sausage Bun,140,45,42,3,Saturday,7,Southwest Monsoon,True,22.6,20.8,63,Rain,False,,False,False
2025-07-19,Vegetable Roti,100,45,42,3,Saturday,7,Southwest Monsoon,True,22.6,20.8,63,Rain,False,,False,False
2025-07-20,Chicken Bun,130,55,54,1,Sunday,7,Southwest Monsoon,True,22.0,23.9,63,Rain,False,,False,False
2025-07-20,Chicken Pastry,180,64,62,2,Sunday,7,Southwest Monsoon,True,22.0,23.9,63,Rain,False,,False,False
2025-07-20,Chicken Samosa,90,56,51,5,Sunday,7,Southwest Monsoon,True,22.0,23.9,63,Rain,False,,False,False
2025-07-20,Cream Bun,120,46,43,3,Sunday,7,Southwest Monsoon,True,22.0,23.9,63,Rain,False,,False,False
2025-07-20,Egg Roll,100,52,47,5,Sunday,7,Southwest Monsoon,True,22.0,23.9,63,Rain,False,,False,False
2025-07-20,Fish Bun,120,66,58,8,Sunday,7,Southwest Monsoon,True,22.0,23.9,63,Rain,False,,False,False
2025-07-20,Fish Patty,110,44,42,2,Sunday,7,Southwest Monsoon,True,22.0,23.9,63,Rain,False,,False,False
2025-07-20,Mini Pizza,220,40,36,4,Sunday,7,Southwest Monsoon,True,22.0,23.9,63,Rain,False,,False,False
2025-07-20,Sausage Bun,140,47,46,1,Sunday,7,Southwest Monsoon,True,22.0,23.9,63,Rain,False,,False,False
2025-07-20,Vegetable Roti,100,45,42,3,Sunday,7,Southwest Monsoon,True,22.0,23.9,63,Rain,False,,False,False
2025-07-21,Chicken Bun,130,52,45,7,Monday,7,Southwest Monsoon,False,22.3,15.6,61,Rain,False,,False,False
2025-07-21,Chicken Pastry,180,65,60,5,Monday,7,Southwest Monsoon,False,22.3,15.6,61,Rain,False,,False,False
2025-07-21,Chicken Samosa,90,47,46,1,Monday,7,Southwest Monsoon,False,22.3,15.6,61,Rain,False,,False,False
2025-07-21,Cream Bun,120,36,32,4,Monday,7,Southwest Monsoon,False,22.3,15.6,61,Rain,False,,False,False
2025-07-21,Egg Roll,100,48,44,4,Monday,7,Southwest Monsoon,False,22.3,15.6,61,Rain,False,,False,False
2025-07-21,Fish Bun,120,51,47,4,Monday,7,Southwest Monsoon,False,22.3,15.6,61,Rain,False,,False,False
2025-07-21,Fish Patty,110,43,40,3,Monday,7,Southwest Monsoon,False,22.3,15.6,61,Rain,False,,False,False
2025-07-21,Mini Pizza,220,36,34,2,Monday,7,Southwest Monsoon,False,22.3,15.6,61,Rain,False,,False,False
2025-07-21,Sausage Bun,140,43,39,4,Monday,7,Southwest Monsoon,False,22.3,15.6,61,Rain,False,,False,False
2025-07-21,Vegetable Roti,100,40,37,3,Monday,7,Southwest Monsoon,False,22.3,15.6,61,Rain,False,,False,False
2025-07-22,Chicken Bun,130,46,44,2,Tuesday,7,Southwest Monsoon,False,22.7,12.6,63,Rain,False,,False,False
2025-07-22,Chicken Pastry,180,67,61,6,Tuesday,7,Southwest Monsoon,False,22.7,12.6,63,Rain,False,,False,False
2025-07-22,Chicken Samosa,90,57,50,7,Tuesday,7,Southwest Monsoon,False,22.7,12.6,63,Rain,False,,False,False
2025-07-22,Cream Bun,120,35,31,4,Tuesday,7,Southwest Monsoon,False,22.7,12.6,63,Rain,False,,False,False
2025-07-22,Egg Roll,100,41,38,3,Tuesday,7,Southwest Monsoon,False,22.7,12.6,63,Rain,False,,False,False
2025-07-22,Fish Bun,120,54,50,4,Tuesday,7,Southwest Monsoon,False,22.7,12.6,63,Rain,False,,False,False
2025-07-22,Fish Patty,110,38,37,1,Tuesday,7,Southwest Monsoon,False,22.7,12.6,63,Rain,False,,False,False
2025-07-22,Mini Pizza,220,33,30,3,Tuesday,7,Southwest Monsoon,False,22.7,12.6,63,Rain,False,,False,False
2025-07-22,Sausage Bun,140,41,41,0,Tuesday,7,Southwest Monsoon,False,22.7,12.6,63,Rain,False,,False,False
2025-07-22,Vegetable Roti,100,42,39,3,Tuesday,7,Southwest Monsoon,False,22.7,12.6,63,Rain,False,,False,False
2025-07-23,Chicken Bun,130,47,46,1,Wednesday,7,Southwest Monsoon,False,22.9,11.0,61,Rain,False,,False,False
2025-07-23,Chicken Pastry,180,66,60,6,Wednesday,7,Southwest Monsoon,False,22.9,11.0,61,Rain,False,,False,False
2025-07-23,Chicken Samosa,90,55,51,4,Wednesday,7,Southwest Monsoon,False,22.9,11.0,61,Rain,False,,False,False
2025-07-23,Cream Bun,120,35,33,2,Wednesday,7,Southwest Monsoon,False,22.9,11.0,61,Rain,False,,False,False
2025-07-23,Egg Roll,100,41,39,2,Wednesday,7,Southwest Monsoon,False,22.9,11.0,61,Rain,False,,False,False
2025-07-23,Fish Bun,120,67,61,6,Wednesday,7,Southwest Monsoon,False,22.9,11.0,61,Rain,False,,False,False
2025-07-23,Fish Patty,110,47,44,3,Wednesday,7,Southwest Monsoon,False,22.9,11.0,61,Rain,False,,False,False
2025-07-23,Mini Pizza,220,35,33,2,Wednesday,7,Southwest Monsoon,False,22.9,11.0,61,Rain,False,,False,False
2025-07-23,Sausage Bun,140,47,43,4,Wednesday,7,Southwest Monsoon,False,22.9,11.0,61,Rain,False,,False,False
2025-07-23,Vegetable Roti,100,52,49,3,Wednesday,7,Southwest Monsoon,False,22.9,11.0,61,Rain,False,,False,False
2025-07-24,Chicken Bun,130,44,40,4,Thursday,7,Southwest Monsoon,False,22.7,22.1,63,Rain,False,,False,False
2025-07-24,Chicken Pastry,180,66,59,7,Thursday,7,Southwest Monsoon,False,22.7,22.1,63,Rain,False,,False,False
2025-07-24,Chicken Samosa,90,54,48,6,Thursday,7,Southwest Monsoon,False,22.7,22.1,63,Rain,False,,False,False
2025-07-24,Cream Bun,120,35,33,2,Thursday,7,Southwest Monsoon,False,22.7,22.1,63,Rain,False,,False,False
2025-07-24,Egg Roll,100,48,45,3,Thursday,7,Southwest Monsoon,False,22.7,22.1,63,Rain,False,,False,False
2025-07-24,Fish Bun,120,56,52,4,Thursday,7,Southwest Monsoon,False,22.7,22.1,63,Rain,False,,False,False
2025-07-24,Fish Patty,110,45,42,3,Thursday,7,Southwest Monsoon,False,22.7,22.1,63,Rain,False,,False,False
2025-07-24,Mini Pizza,220,28,27,1,Thursday,7,Southwest Monsoon,False,22.7,22.1,63,Rain,False,,False,False
2025-07-24,Sausage Bun,140,43,39,4,Thursday,7,Southwest Monsoon,False,22.7,22.1,63,Rain,False,,False,False
2025-07-24,Vegetable Roti,100,36,35,1,Thursday,7,Southwest Monsoon,False,22.7,22.1,63,Rain,False,,False,False
2025-07-25,Chicken Bun,130,55,50,5,Friday,7,Southwest Monsoon,False,23.8,3.1,53,Drizzle,False,,False,False
2025-07-25,Chicken Pastry,180,86,82,4,Friday,7,Southwest Monsoon,False,23.8,3.1,53,Drizzle,False,,False,False
2025-07-25,Chicken Samosa,90,73,66,7,Friday,7,Southwest Monsoon,False,23.8,3.1,53,Drizzle,False,,False,False
2025-07-25,Cream Bun,120,45,40,5,Friday,7,Southwest Monsoon,False,23.8,3.1,53,Drizzle,False,,False,False
2025-07-25,Egg Roll,100,61,56,5,Friday,7,Southwest Monsoon,False,23.8,3.1,53,Drizzle,False,,False,False
2025-07-25,Fish Bun,120,77,75,2,Friday,7,Southwest Monsoon,False,23.8,3.1,53,Drizzle,False,,False,False
2025-07-25,Fish Patty,110,53,48,5,Friday,7,Southwest Monsoon,False,23.8,3.1,53,Drizzle,False,,False,False
2025-07-25,Mini Pizza,220,40,37,3,Friday,7,Southwest Monsoon,False,23.8,3.1,53,Drizzle,False,,False,False
2025-07-25,Sausage Bun,140,60,53,7,Friday,7,Southwest Monsoon,False,23.8,3.1,53,Drizzle,False,,False,False
2025-07-25,Vegetable Roti,100,54,49,5,Friday,7,Southwest Monsoon,False,23.8,3.1,53,Drizzle,False,,False,False
2025-07-26,Chicken Bun,130,61,58,3,Saturday,7,Southwest Monsoon,True,23.1,10.9,63,Rain,False,,False,False
2025-07-26,Chicken Pastry,180,74,74,0,Saturday,7,Southwest Monsoon,True,23.1,10.9,63,Rain,False,,False,False
2025-07-26,Chicken Samosa,90,66,63,3,Saturday,7,Southwest Monsoon,True,23.1,10.9,63,Rain,False,,False,False
2025-07-26,Cream Bun,120,39,37,2,Saturday,7,Southwest Monsoon,True,23.1,10.9,63,Rain,False,,False,False
2025-07-26,Egg Roll,100,47,42,5,Saturday,7,Southwest Monsoon,True,23.1,10.9,63,Rain,False,,False,False
2025-07-26,Fish Bun,120,64,57,7,Saturday,7,Southwest Monsoon,True,23.1,10.9,63,Rain,False,,False,False
2025-07-26,Fish Patty,110,39,37,2,Saturday,7,Southwest Monsoon,True,23.1,10.9,63,Rain,False,,False,False
2025-07-26,Mini Pizza,220,41,36,5,Saturday,7,Southwest Monsoon,True,23.1,10.9,63,Rain,False,,False,False
2025-07-26,Sausage Bun,140,55,51,4,Saturday,7,Southwest Monsoon,True,23.1,10.9,63,Rain,False,,False,False
2025-07-26,Vegetable Roti,100,53,50,3,Saturday,7,Southwest Monsoon,True,23.1,10.9,63,Rain,False,,False,False
2025-07-27,Chicken Bun,130,76,67,9,Sunday,7,Southwest Monsoon,True,24.2,0.4,51,Drizzle,False,,False,False
2025-07-27,Chicken Pastry,180,99,88,11,Sunday,7,Southwest Monsoon,True,24.2,0.4,51,Drizzle,False,,False,False
2025-07-27,Chicken Samosa,90,85,72,13,Sunday,7,Southwest Monsoon,True,24.2,0.4,51,Drizzle,False,,False,False
2025-07-27,Cream Bun,120,57,53,4,Sunday,7,Southwest Monsoon,True,24.2,0.4,51,Drizzle,False,,False,False
2025-07-27,Egg Roll,100,57,55,2,Sunday,7,Southwest Monsoon,True,24.2,0.4,51,Drizzle,False,,False,False
2025-07-27,Fish Bun,120,80,78,2,Sunday,7,Southwest Monsoon,True,24.2,0.4,51,Drizzle,False,,False,False
2025-07-27,Fish Patty,110,54,52,2,Sunday,7,Southwest Monsoon,True,24.2,0.4,51,Drizzle,False,,False,False
2025-07-27,Mini Pizza,220,58,53,5,Sunday,7,Southwest Monsoon,True,24.2,0.4,51,Drizzle,False,,False,False
2025-07-27,Sausage Bun,140,71,66,5,Sunday,7,Southwest Monsoon,True,24.2,0.4,51,Drizzle,False,,False,False
2025-07-27,Vegetable Roti,100,53,53,0,Sunday,7,Southwest Monsoon,True,24.2,0.4,51,Drizzle,False,,False,False
2025-07-28,Chicken Bun,130,73,67,6,Monday,7,Southwest Monsoon,False,24.2,0.0,3,Cloudy,False,,False,False
2025-07-28,Chicken Pastry,180,98,94,4,Monday,7,Southwest Monsoon,False,24.2,0.0,3,Cloudy,False,,False,False
2025-07-28,Chicken Samosa,90,79,73,6,Monday,7,Southwest Monsoon,False,24.2,0.0,3,Cloudy,False,,False,False
2025-07-28,Cream Bun,120,52,49,3,Monday,7,Southwest Monsoon,False,24.2,0.0,3,Cloudy,False,,False,False
2025-07-28,Egg Roll,100,63,61,2,Monday,7,Southwest Monsoon,False,24.2,0.0,3,Cloudy,False,,False,False
2025-07-28,Fish Bun,120,78,74,4,Monday,7,Southwest Monsoon,False,24.2,0.0,3,Cloudy,False,,False,False
2025-07-28,Fish Patty,110,63,57,6,Monday,7,Southwest Monsoon,False,24.2,0.0,3,Cloudy,False,,False,False
2025-07-28,Mini Pizza,220,47,44,3,Monday,7,Southwest Monsoon,False,24.2,0.0,3,Cloudy,False,,False,False
2025-07-28,Sausage Bun,140,69,62,7,Monday,7,Southwest Monsoon,False,24.2,0.0,3,Cloudy,False,,False,False
2025-07-28,Vegetable Roti,100,56,51,5,Monday,7,Southwest Monsoon,False,24.2,0.0,3,Cloudy,False,,False,False
2025-07-29,Chicken Bun,130,72,64,8,Tuesday,7,Southwest Monsoon,False,24.3,0.5,51,Drizzle,False,,False,False
2025-07-29,Chicken Pastry,180,95,87,8,Tuesday,7,Southwest Monsoon,False,24.3,0.5,51,Drizzle,False,,False,False
2025-07-29,Chicken Samosa,90,75,67,8,Tuesday,7,Southwest Monsoon,False,24.3,0.5,51,Drizzle,False,,False,False
2025-07-29,Cream Bun,120,49,45,4,Tuesday,7,Southwest Monsoon,False,24.3,0.5,51,Drizzle,False,,False,False
2025-07-29,Egg Roll,100,65,60,5,Tuesday,7,Southwest Monsoon,False,24.3,0.5,51,Drizzle,False,,False,False
2025-07-29,Fish Bun,120,74,70,4,Tuesday,7,Southwest Monsoon,False,24.3,0.5,51,Drizzle,False,,False,False
2025-07-29,Fish Patty,110,55,50,5,Tuesday,7,Southwest Monsoon,False,24.3,0.5,51,Drizzle,False,,False,False
2025-07-29,Mini Pizza,220,44,40,4,Tuesday,7,Southwest Monsoon,False,24.3,0.5,51,Drizzle,False,,False,False
2025-07-29,Sausage Bun,140,62,57,5,Tuesday,7,Southwest Monsoon,False,24.3,0.5,51,Drizzle,False,,False,False
2025-07-29,Vegetable Roti,100,69,62,7,Tuesday,7,Southwest Monsoon,False,24.3,0.5,51,Drizzle,False,,False,False
2025-07-30,Chicken Bun,130,69,65,4,Wednesday,7,Southwest Monsoon,False,24.4,0.3,51,Drizzle,False,,False,False
2025-07-30,Chicken Pastry,180,93,87,6,Wednesday,7,Southwest Monsoon,False,24.4,0.3,51,Drizzle,False,,False,False
2025-07-30,Chicken Samosa,90,69,61,8,Wednesday,7,Southwest Monsoon,False,24.4,0.3,51,Drizzle,False,,False,False
2025-07-30,Cream Bun,120,57,52,5,Wednesday,7,Southwest Monsoon,False,24.4,0.3,51,Drizzle,False,,False,False
2025-07-30,Egg Roll,100,72,64,8,Wednesday,7,Southwest Monsoon,False,24.4,0.3,51,Drizzle,False,,False,False
2025-07-30,Fish Bun,120,79,75,4,Wednesday,7,Southwest Monsoon,False,24.4,0.3,51,Drizzle,False,,False,False
2025-07-30,Fish Patty,110,55,51,4,Wednesday,7,Southwest Monsoon,False,24.4,0.3,51,Drizzle,False,,False,False
2025-07-30,Mini Pizza,220,45,43,2,Wednesday,7,Southwest Monsoon,False,24.4,0.3,51,Drizzle,False,,False,False
2025-07-30,Sausage Bun,140,62,54,8,Wednesday,7,Southwest Monsoon,False,24.4,0.3,51,Drizzle,False,,False,False
2025-07-30,Vegetable Roti,100,66,60,6,Wednesday,7,Southwest Monsoon,False,24.4,0.3,51,Drizzle,False,,False,False
2025-07-31,Chicken Bun,130,73,68,5,Thursday,7,Southwest Monsoon,False,24.0,1.4,51,Drizzle,False,,False,False
2025-07-31,Chicken Pastry,180,106,95,11,Thursday,7,Southwest Monsoon,False,24.0,1.4,51,Drizzle,False,,False,False
2025-07-31,Chicken Samosa,90,68,64,4,Thursday,7,Southwest Monsoon,False,24.0,1.4,51,Drizzle,False,,False,False
2025-07-31,Cream Bun,120,48,44,4,Thursday,7,Southwest Monsoon,False,24.0,1.4,51,Drizzle,False,,False,False
2025-07-31,Egg Roll,100,65,60,5,Thursday,7,Southwest Monsoon,False,24.0,1.4,51,Drizzle,False,,False,False
2025-07-31,Fish Bun,120,85,76,9,Thursday,7,Southwest Monsoon,False,24.0,1.4,51,Drizzle,False,,False,False
2025-07-31,Fish Patty,110,54,49,5,Thursday,7,Southwest Monsoon,False,24.0,1.4,51,Drizzle,False,,False,False
2025-07-31,Mini Pizza,220,47,44,3,Thursday,7,Southwest Monsoon,False,24.0,1.4,51,Drizzle,False,,False,False
2025-07-31,Sausage Bun,140,55,53,2,Thursday,7,Southwest Monsoon,False,24.0,1.4,51,Drizzle,False,,False,False
2025-07-31,Vegetable Roti,100,62,56,6,Thursday,7,Southwest Monsoon,False,24.0,1.4,51,Drizzle,False,,False,False
2025-08-01,Chicken Bun,130,61,56,5,Friday,8,Southwest Monsoon,False,23.8,4.0,63,Rain,False,,False,False
2025-08-01,Chicken Pastry,180,91,82,9,Friday,8,Southwest Monsoon,False,23.8,4.0,63,Rain,False,,False,False
2025-08-01,Chicken Samosa,90,66,61,5,Friday,8,Southwest Monsoon,False,23.8,4.0,63,Rain,False,,False,False
2025-08-01,Cream Bun,120,42,36,6,Friday,8,Southwest Monsoon,False,23.8,4.0,63,Rain,False,,False,False
2025-08-01,Egg Roll,100,57,52,5,Friday,8,Southwest Monsoon,False,23.8,4.0,63,Rain,False,,False,False
2025-08-01,Fish Bun,120,66,64,2,Friday,8,Southwest Monsoon,False,23.8,4.0,63,Rain,False,,False,False
2025-08-01,Fish Patty,110,54,49,5,Friday,8,Southwest Monsoon,False,23.8,4.0,63,Rain,False,,False,False
2025-08-01,Mini Pizza,220,37,35,2,Friday,8,Southwest Monsoon,False,23.8,4.0,63,Rain,False,,False,False
2025-08-01,Sausage Bun,140,54,50,4,Friday,8,Southwest Monsoon,False,23.8,4.0,63,Rain,False,,False,False
2025-08-01,Vegetable Roti,100,56,52,4,Friday,8,Southwest Monsoon,False,23.8,4.0,63,Rain,False,,False,False
2025-08-02,Chicken Bun,130,80,72,8,Saturday,8,Southwest Monsoon,True,23.9,1.5,53,Drizzle,False,,False,False
2025-08-02,Chicken Pastry,180,94,86,8,Saturday,8,Southwest Monsoon,True,23.9,1.5,53,Drizzle,False,,False,False
2025-08-02,Chicken Samosa,90,80,74,6,Saturday,8,Southwest Monsoon,True,23.9,1.5,53,Drizzle,False,,False,False
2025-08-02,Cream Bun,120,56,53,3,Saturday,8,Southwest Monsoon,True,23.9,1.5,53,Drizzle,False,,False,False
2025-08-02,Egg Roll,100,72,65,7,Saturday,8,Southwest Monsoon,True,23.9,1.5,53,Drizzle,False,,False,False
2025-08-02,Fish Bun,120,75,66,9,Saturday,8,Southwest Monsoon,True,23.9,1.5,53,Drizzle,False,,False,False
2025-08-02,Fish Patty,110,75,61,14,Saturday,8,Southwest Monsoon,True,23.9,1.5,53,Drizzle,False,,False,False
2025-08-02,Mini Pizza,220,45,43,2,Saturday,8,Southwest Monsoon,True,23.9,1.5,53,Drizzle,False,,False,False
2025-08-02,Sausage Bun,140,68,65,3,Saturday,8,Southwest Monsoon,True,23.9,1.5,53,Drizzle,False,,False,False
2025-08-02,Vegetable Roti,100,53,50,3,Saturday,8,Southwest Monsoon,True,23.9,1.5,53,Drizzle,False,,False,False
2025-08-03,Chicken Bun,130,53,50,3,Sunday,8,Southwest Monsoon,True,22.6,7.6,61,Rain,False,,False,False
2025-08-03,Chicken Pastry,180,79,73,6,Sunday,8,Southwest Monsoon,True,22.6,7.6,61,Rain,False,,False,False
2025-08-03,Chicken Samosa,90,66,61,5,Sunday,8,Southwest Monsoon,True,22.6,7.6,61,Rain,False,,False,False
2025-08-03,Cream Bun,120,47,45,2,Sunday,8,Southwest Monsoon,True,22.6,7.6,61,Rain,False,,False,False
2025-08-03,Egg Roll,100,51,49,2,Sunday,8,Southwest Monsoon,True,22.6,7.6,61,Rain,False,,False,False
2025-08-03,Fish Bun,120,64,61,3,Sunday,8,Southwest Monsoon,True,22.6,7.6,61,Rain,False,,False,False
2025-08-03,Fish Patty,110,55,50,5,Sunday,8,Southwest Monsoon,True,22.6,7.6,61,Rain,False,,False,False
2025-08-03,Mini Pizza,220,45,41,4,Sunday,8,Southwest Monsoon,True,22.6,7.6,61,Rain,False,,False,False
2025-08-03,Sausage Bun,140,55,51,4,Sunday,8,Southwest Monsoon,True,22.6,7.6,61,Rain,False,,False,False
2025-08-03,Vegetable Roti,100,51,49,2,Sunday,8,Southwest Monsoon,True,22.6,7.6,61,Rain,False,,False,False
2025-08-04,Chicken Bun,130,63,59,4,Monday,8,Southwest Monsoon,False,23.9,0.6,51,Drizzle,False,,False,False
2025-08-04,Chicken Pastry,180,93,86,7,Monday,8,Southwest Monsoon,False,23.9,0.6,51,Drizzle,False,,False,False
2025-08-04,Chicken Samosa,90,74,68,6,Monday,8,Southwest Monsoon,False,23.9,0.6,51,Drizzle,False,,False,False
2025-08-04,Cream Bun,120,45,41,4,Monday,8,Southwest Monsoon,False,23.9,0.6,51,Drizzle,False,,False,False
2025-08-04,Egg Roll,100,66,63,3,Monday,8,Southwest Monsoon,False,23.9,0.6,51,Drizzle,False,,False,False
2025-08-04,Fish Bun,120,71,63,8,Monday,8,Southwest Monsoon,False,23.9,0.6,51,Drizzle,False,,False,False
2025-08-04,Fish Patty,110,49,48,1,Monday,8,Southwest Monsoon,False,23.9,0.6,51,Drizzle,False,,False,False
2025-08-04,Mini Pizza,220,43,42,1,Monday,8,Southwest Monsoon,False,23.9,0.6,51,Drizzle,False,,False,False
2025-08-04,Sausage Bun,140,69,62,7,Monday,8,Southwest Monsoon,False,23.9,0.6,51,Drizzle,False,,False,False
2025-08-04,Vegetable Roti,100,57,53,4,Monday,8,Southwest Monsoon,False,23.9,0.6,51,Drizzle,False,,False,False
2025-08-05,Chicken Bun,130,58,53,5,Tuesday,8,Southwest Monsoon,False,23.7,2.4,53,Drizzle,False,,False,False
2025-08-05,Chicken Pastry,180,94,82,12,Tuesday,8,Southwest Monsoon,False,23.7,2.4,53,Drizzle,False,,False,False
2025-08-05,Chicken Samosa,90,68,63,5,Tuesday,8,Southwest Monsoon,False,23.7,2.4,53,Drizzle,False,,False,False
2025-08-05,Cream Bun,120,43,41,2,Tuesday,8,Southwest Monsoon,False,23.7,2.4,53,Drizzle,False,,False,False
2025-08-05,Egg Roll,100,56,51,5,Tuesday,8,Southwest Monsoon,False,23.7,2.4,53,Drizzle,False,,False,False
2025-08-05,Fish Bun,120,63,63,0,Tuesday,8,Southwest Monsoon,False,23.7,2.4,53,Drizzle,False,,False,False
2025-08-05,Fish Patty,110,48,45,3,Tuesday,8,Southwest Monsoon,False,23.7,2.4,53,Drizzle,False,,False,False
2025-08-05,Mini Pizza,220,40,37,3,Tuesday,8,Southwest Monsoon,False,23.7,2.4,53,Drizzle,False,,False,False
2025-08-05,Sausage Bun,140,56,51,5,Tuesday,8,Southwest Monsoon,False,23.7,2.4,53,Drizzle,False,,False,False
2025-08-05,Vegetable Roti,100,55,53,2,Tuesday,8,Southwest Monsoon,False,23.7,2.4,53,Drizzle,False,,False,False
2025-08-06,Chicken Bun,130,68,61,7,Wednesday,8,Southwest Monsoon,False,24.1,0.1,51,Drizzle,False,,False,False
2025-08-06,Chicken Pastry,180,84,80,4,Wednesday,8,Southwest Monsoon,False,24.1,0.1,51,Drizzle,False,,False,False
2025-08-06,Chicken Samosa,90,68,61,7,Wednesday,8,Southwest Monsoon,False,24.1,0.1,51,Drizzle,False,,False,False
2025-08-06,Cream Bun,120,61,54,7,Wednesday,8,Southwest Monsoon,False,24.1,0.1,51,Drizzle,False,,False,False
2025-08-06,Egg Roll,100,56,53,3,Wednesday,8,Southwest Monsoon,False,24.1,0.1,51,Drizzle,False,,False,False
2025-08-06,Fish Bun,120,80,69,11,Wednesday,8,Southwest Monsoon,False,24.1,0.1,51,Drizzle,False,,False,False
2025-08-06,Fish Patty,110,61,57,4,Wednesday,8,Southwest Monsoon,False,24.1,0.1,51,Drizzle,False,,False,False
2025-08-06,Mini Pizza,220,47,43,4,Wednesday,8,Southwest Monsoon,False,24.1,0.1,51,Drizzle,False,,False,False
2025-08-06,Sausage Bun,140,61,57,4,Wednesday,8,Southwest Monsoon,False,24.1,0.1,51,Drizzle,False,,False,False
2025-08-06,Vegetable Roti,100,59,55,4,Wednesday,8,Southwest Monsoon,False,24.1,0.1,51,Drizzle,False,,False,False
2025-08-07,Chicken Bun,130,73,66,7,Thursday,8,Southwest Monsoon,False,24.2,1.8,53,Drizzle,False,,True,False
2025-08-07,Chicken Pastry,180,90,83,7,Thursday,8,Southwest Monsoon,False,24.2,1.8,53,Drizzle,False,,True,False
2025-08-07,Chicken Samosa,90,69,64,5,Thursday,8,Southwest Monsoon,False,24.2,1.8,53,Drizzle,False,,True,False
2025-08-07,Cream Bun,120,54,47,7,Thursday,8,Southwest Monsoon,False,24.2,1.8,53,Drizzle,False,,True,False
2025-08-07,Egg Roll,100,51,48,3,Thursday,8,Southwest Monsoon,False,24.2,1.8,53,Drizzle,False,,True,False
2025-08-07,Fish Bun,120,67,62,5,Thursday,8,Southwest Monsoon,False,24.2,1.8,53,Drizzle,False,,True,False
2025-08-07,Fish Patty,110,64,58,6,Thursday,8,Southwest Monsoon,False,24.2,1.8,53,Drizzle,False,,True,False
2025-08-07,Mini Pizza,220,44,41,3,Thursday,8,Southwest Monsoon,False,24.2,1.8,53,Drizzle,False,,True,False
2025-08-07,Sausage Bun,140,55,52,3,Thursday,8,Southwest Monsoon,False,24.2,1.8,53,Drizzle,False,,True,False
2025-08-07,Vegetable Roti,100,56,51,5,Thursday,8,Southwest Monsoon,False,24.2,1.8,53,Drizzle,False,,True,False
2025-08-08,Chicken Bun,130,71,69,2,Friday,8,Southwest Monsoon,False,23.7,0.7,51,Drizzle,True,Nikini Full Moon Poya Day,False,False
2025-08-08,Chicken Pastry,180,105,92,13,Friday,8,Southwest Monsoon,False,23.7,0.7,51,Drizzle,True,Nikini Full Moon Poya Day,False,False
2025-08-08,Chicken Samosa,90,66,61,5,Friday,8,Southwest Monsoon,False,23.7,0.7,51,Drizzle,True,Nikini Full Moon Poya Day,False,False
2025-08-08,Cream Bun,120,68,63,5,Friday,8,Southwest Monsoon,False,23.7,0.7,51,Drizzle,True,Nikini Full Moon Poya Day,False,False
2025-08-08,Egg Roll,100,68,66,2,Friday,8,Southwest Monsoon,False,23.7,0.7,51,Drizzle,True,Nikini Full Moon Poya Day,False,False
2025-08-08,Fish Bun,120,78,71,7,Friday,8,Southwest Monsoon,False,23.7,0.7,51,Drizzle,True,Nikini Full Moon Poya Day,False,False
2025-08-08,Fish Patty,110,64,60,4,Friday,8,Southwest Monsoon,False,23.7,0.7,51,Drizzle,True,Nikini Full Moon Poya Day,False,False
2025-08-08,Mini Pizza,220,54,47,7,Friday,8,Southwest Monsoon,False,23.7,0.7,51,Drizzle,True,Nikini Full Moon Poya Day,False,False
2025-08-08,Sausage Bun,140,69,65,4,Friday,8,Southwest Monsoon,False,23.7,0.7,51,Drizzle,True,Nikini Full Moon Poya Day,False,False
2025-08-08,Vegetable Roti,100,58,55,3,Friday,8,Southwest Monsoon,False,23.7,0.7,51,Drizzle,True,Nikini Full Moon Poya Day,False,False
2025-08-09,Chicken Bun,130,70,65,5,Saturday,8,Southwest Monsoon,True,23.1,0.6,51,Drizzle,False,,False,True
2025-08-09,Chicken Pastry,180,93,87,6,Saturday,8,Southwest Monsoon,True,23.1,0.6,51,Drizzle,False,,False,True
2025-08-09,Chicken Samosa,90,86,79,7,Saturday,8,Southwest Monsoon,True,23.1,0.6,51,Drizzle,False,,False,True
2025-08-09,Cream Bun,120,55,51,4,Saturday,8,Southwest Monsoon,True,23.1,0.6,51,Drizzle,False,,False,True
2025-08-09,Egg Roll,100,63,63,0,Saturday,8,Southwest Monsoon,True,23.1,0.6,51,Drizzle,False,,False,True
2025-08-09,Fish Bun,120,77,74,3,Saturday,8,Southwest Monsoon,True,23.1,0.6,51,Drizzle,False,,False,True
2025-08-09,Fish Patty,110,58,51,7,Saturday,8,Southwest Monsoon,True,23.1,0.6,51,Drizzle,False,,False,True
2025-08-09,Mini Pizza,220,59,53,6,Saturday,8,Southwest Monsoon,True,23.1,0.6,51,Drizzle,False,,False,True
2025-08-09,Sausage Bun,140,80,69,11,Saturday,8,Southwest Monsoon,True,23.1,0.6,51,Drizzle,False,,False,True
2025-08-09,Vegetable Roti,100,61,57,4,Saturday,8,Southwest Monsoon,True,23.1,0.6,51,Drizzle,False,,False,True
2025-08-10,Chicken Bun,130,75,69,6,Sunday,8,Southwest Monsoon,True,23.4,0.4,51,Drizzle,False,,False,False
2025-08-10,Chicken Pastry,180,120,108,12,Sunday,8,Southwest Monsoon,True,23.4,0.4,51,Drizzle,False,,False,False
2025-08-10,Chicken Samosa,90,78,70,8,Sunday,8,Southwest Monsoon,True,23.4,0.4,51,Drizzle,False,,False,False
2025-08-10,Cream Bun,120,57,54,3,Sunday,8,Southwest Monsoon,True,23.4,0.4,51,Drizzle,False,,False,False
2025-08-10,Egg Roll,100,59,54,5,Sunday,8,Southwest Monsoon,True,23.4,0.4,51,Drizzle,False,,False,False
2025-08-10,Fish Bun,120,85,78,7,Sunday,8,Southwest Monsoon,True,23.4,0.4,51,Drizzle,False,,False,False
2025-08-10,Fish Patty,110,59,57,2,Sunday,8,Southwest Monsoon,True,23.4,0.4,51,Drizzle,False,,False,False
2025-08-10,Mini Pizza,220,55,53,2,Sunday,8,Southwest Monsoon,True,23.4,0.4,51,Drizzle,False,,False,False
2025-08-10,Sausage Bun,140,72,67,5,Sunday,8,Southwest Monsoon,True,23.4,0.4,51,Drizzle,False,,False,False
2025-08-10,Vegetable Roti,100,53,52,1,Sunday,8,Southwest Monsoon,True,23.4,0.4,51,Drizzle,False,,False,False
2025-08-11,Chicken Bun,130,67,60,7,Monday,8,Southwest Monsoon,False,22.9,1.4,53,Drizzle,False,,False,False
2025-08-11,Chicken Pastry,180,94,89,5,Monday,8,Southwest Monsoon,False,22.9,1.4,53,Drizzle,False,,False,False
2025-08-11,Chicken Samosa,90,72,64,8,Monday,8,Southwest Monsoon,False,22.9,1.4,53,Drizzle,False,,False,False
2025-08-11,Cream Bun,120,46,43,3,Monday,8,Southwest Monsoon,False,22.9,1.4,53,Drizzle,False,,False,False
2025-08-11,Egg Roll,100,56,54,2,Monday,8,Southwest Monsoon,False,22.9,1.4,53,Drizzle,False,,False,False
2025-08-11,Fish Bun,120,70,67,3,Monday,8,Southwest Monsoon,False,22.9,1.4,53,Drizzle,False,,False,False
2025-08-11,Fish Patty,110,52,48,4,Monday,8,Southwest Monsoon,False,22.9,1.4,53,Drizzle,False,,False,False
2025-08-11,Mini Pizza,220,45,42,3,Monday,8,Southwest Monsoon,False,22.9,1.4,53,Drizzle,False,,False,False
2025-08-11,Sausage Bun,140,54,52,2,Monday,8,Southwest Monsoon,False,22.9,1.4,53,Drizzle,False,,False,False
2025-08-11,Vegetable Roti,100,58,53,5,Monday,8,Southwest Monsoon,False,22.9,1.4,53,Drizzle,False,,False,False
2025-08-12,Chicken Bun,130,56,55,1,Tuesday,8,Southwest Monsoon,False,23.0,3.3,53,Drizzle,False,,False,False
2025-08-12,Chicken Pastry,180,87,85,2,Tuesday,8,Southwest Monsoon,False,23.0,3.3,53,Drizzle,False,,False,False
2025-08-12,Chicken Samosa,90,67,61,6,Tuesday,8,Southwest Monsoon,False,23.0,3.3,53,Drizzle,False,,False,False
2025-08-12,Cream Bun,120,43,40,3,Tuesday,8,Southwest Monsoon,False,23.0,3.3,53,Drizzle,False,,False,False
2025-08-12,Egg Roll,100,57,52,5,Tuesday,8,Southwest Monsoon,False,23.0,3.3,53,Drizzle,False,,False,False
2025-08-12,Fish Bun,120,76,70,6,Tuesday,8,Southwest Monsoon,False,23.0,3.3,53,Drizzle,False,,False,False
2025-08-12,Fish Patty,110,54,51,3,Tuesday,8,Southwest Monsoon,False,23.0,3.3,53,Drizzle,False,,False,False
2025-08-12,Mini Pizza,220,42,39,3,Tuesday,8,Southwest Monsoon,False,23.0,3.3,53,Drizzle,False,,False,False
2025-08-12,Sausage Bun,140,52,47,5,Tuesday,8,Southwest Monsoon,False,23.0,3.3,53,Drizzle,False,,False,False
2025-08-12,Vegetable Roti,100,51,45,6,Tuesday,8,Southwest Monsoon,False,23.0,3.3,53,Drizzle,False,,False,False
2025-08-13,Chicken Bun,130,65,61,4,Wednesday,8,Southwest Monsoon,False,22.9,6.9,61,Rain,False,,False,False
2025-08-13,Chicken Pastry,180,69,66,3,Wednesday,8,Southwest Monsoon,False,22.9,6.9,61,Rain,False,,False,False
2025-08-13,Chicken Samosa,90,58,53,5,Wednesday,8,Southwest Monsoon,False,22.9,6.9,61,Rain,False,,False,False
2025-08-13,Cream Bun,120,41,35,6,Wednesday,8,Southwest Monsoon,False,22.9,6.9,61,Rain,False,,False,False
2025-08-13,Egg Roll,100,54,50,4,Wednesday,8,Southwest Monsoon,False,22.9,6.9,61,Rain,False,,False,False
2025-08-13,Fish Bun,120,63,59,4,Wednesday,8,Southwest Monsoon,False,22.9,6.9,61,Rain,False,,False,False
2025-08-13,Fish Patty,110,51,47,4,Wednesday,8,Southwest Monsoon,False,22.9,6.9,61,Rain,False,,False,False
2025-08-13,Mini Pizza,220,33,29,4,Wednesday,8,Southwest Monsoon,False,22.9,6.9,61,Rain,False,,False,False
2025-08-13,Sausage Bun,140,51,47,4,Wednesday,8,Southwest Monsoon,False,22.9,6.9,61,Rain,False,,False,False
2025-08-13,Vegetable Roti,100,50,49,1,Wednesday,8,Southwest Monsoon,False,22.9,6.9,61,Rain,False,,False,False
2025-08-14,Chicken Bun,130,61,61,0,Thursday,8,Southwest Monsoon,False,23.3,2.5,51,Drizzle,False,,False,False
2025-08-14,Chicken Pastry,180,83,77,6,Thursday,8,Southwest Monsoon,False,23.3,2.5,51,Drizzle,False,,False,False
2025-08-14,Chicken Samosa,90,60,56,4,Thursday,8,Southwest Monsoon,False,23.3,2.5,51,Drizzle,False,,False,False
2025-08-14,Cream Bun,120,48,45,3,Thursday,8,Southwest Monsoon,False,23.3,2.5,51,Drizzle,False,,False,False
2025-08-14,Egg Roll,100,56,54,2,Thursday,8,Southwest Monsoon,False,23.3,2.5,51,Drizzle,False,,False,False
2025-08-14,Fish Bun,120,68,60,8,Thursday,8,Southwest Monsoon,False,23.3,2.5,51,Drizzle,False,,False,False
2025-08-14,Fish Patty,110,57,51,6,Thursday,8,Southwest Monsoon,False,23.3,2.5,51,Drizzle,False,,False,False
2025-08-14,Mini Pizza,220,36,33,3,Thursday,8,Southwest Monsoon,False,23.3,2.5,51,Drizzle,False,,False,False
2025-08-14,Sausage Bun,140,56,52,4,Thursday,8,Southwest Monsoon,False,23.3,2.5,51,Drizzle,False,,False,False
2025-08-14,Vegetable Roti,100,61,57,4,Thursday,8,Southwest Monsoon,False,23.3,2.5,51,Drizzle,False,,False,False
2025-08-15,Chicken Bun,130,63,60,3,Friday,8,Southwest Monsoon,False,22.8,4.6,55,Drizzle,False,,False,False
2025-08-15,Chicken Pastry,180,83,74,9,Friday,8,Southwest Monsoon,False,22.8,4.6,55,Drizzle,False,,False,False
2025-08-15,Chicken Samosa,90,66,61,5,Friday,8,Southwest Monsoon,False,22.8,4.6,55,Drizzle,False,,False,False
2025-08-15,Cream Bun,120,38,35,3,Friday,8,Southwest Monsoon,False,22.8,4.6,55,Drizzle,False,,False,False
2025-08-15,Egg Roll,100,60,56,4,Friday,8,Southwest Monsoon,False,22.8,4.6,55,Drizzle,False,,False,False
2025-08-15,Fish Bun,120,69,61,8,Friday,8,Southwest Monsoon,False,22.8,4.6,55,Drizzle,False,,False,False
2025-08-15,Fish Patty,110,52,49,3,Friday,8,Southwest Monsoon,False,22.8,4.6,55,Drizzle,False,,False,False
2025-08-15,Mini Pizza,220,37,34,3,Friday,8,Southwest Monsoon,False,22.8,4.6,55,Drizzle,False,,False,False
2025-08-15,Sausage Bun,140,52,48,4,Friday,8,Southwest Monsoon,False,22.8,4.6,55,Drizzle,False,,False,False
2025-08-15,Vegetable Roti,100,47,46,1,Friday,8,Southwest Monsoon,False,22.8,4.6,55,Drizzle,False,,False,False
2025-08-16,Chicken Bun,130,67,63,4,Saturday,8,Southwest Monsoon,True,23.2,4.5,53,Drizzle,False,,False,False
2025-08-16,Chicken Pastry,180,79,72,7,Saturday,8,Southwest Monsoon,True,23.2,4.5,53,Drizzle,False,,False,False
2025-08-16,Chicken Samosa,90,70,65,5,Saturday,8,Southwest Monsoon,True,23.2,4.5,53,Drizzle,False,,False,False
2025-08-16,Cream Bun,120,56,49,7,Saturday,8,Southwest Monsoon,True,23.2,4.5,53,Drizzle,False,,False,False
2025-08-16,Egg Roll,100,63,59,4,Saturday,8,Southwest Monsoon,True,23.2,4.5,53,Drizzle,False,,False,False
2025-08-16,Fish Bun,120,80,72,8,Saturday,8,Southwest Monsoon,True,23.2,4.5,53,Drizzle,False,,False,False
2025-08-16,Fish Patty,110,56,52,4,Saturday,8,Southwest Monsoon,True,23.2,4.5,53,Drizzle,False,,False,False
2025-08-16,Mini Pizza,220,35,34,1,Saturday,8,Southwest Monsoon,True,23.2,4.5,53,Drizzle,False,,False,False
2025-08-16,Sausage Bun,140,67,59,8,Saturday,8,Southwest Monsoon,True,23.2,4.5,53,Drizzle,False,,False,False
2025-08-16,Vegetable Roti,100,62,58,4,Saturday,8,Southwest Monsoon,True,23.2,4.5,53,Drizzle,False,,False,False
2025-08-17,Chicken Bun,130,61,57,4,Sunday,8,Southwest Monsoon,True,23.2,5.8,61,Rain,False,,False,False
2025-08-17,Chicken Pastry,180,79,77,2,Sunday,8,Southwest Monsoon,True,23.2,5.8,61,Rain,False,,False,False
2025-08-17,Chicken Samosa,90,74,70,4,Sunday,8,Southwest Monsoon,True,23.2,5.8,61,Rain,False,,False,False
2025-08-17,Cream Bun,120,49,44,5,Sunday,8,Southwest Monsoon,True,23.2,5.8,61,Rain,False,,False,False
2025-08-17,Egg Roll,100,67,60,7,Sunday,8,Southwest Monsoon,True,23.2,5.8,61,Rain,False,,False,False
2025-08-17,Fish Bun,120,87,75,12,Sunday,8,Southwest Monsoon,True,23.2,5.8,61,Rain,False,,False,False
2025-08-17,Fish Patty,110,58,50,8,Sunday,8,Southwest Monsoon,True,23.2,5.8,61,Rain,False,,False,False
2025-08-17,Mini Pizza,220,39,36,3,Sunday,8,Southwest Monsoon,True,23.2,5.8,61,Rain,False,,False,False
2025-08-17,Sausage Bun,140,52,49,3,Sunday,8,Southwest Monsoon,True,23.2,5.8,61,Rain,False,,False,False
2025-08-17,Vegetable Roti,100,57,54,3,Sunday,8,Southwest Monsoon,True,23.2,5.8,61,Rain,False,,False,False
2025-08-18,Chicken Bun,130,53,49,4,Monday,8,Southwest Monsoon,False,23.9,4.3,53,Drizzle,False,,False,False
2025-08-18,Chicken Pastry,180,87,80,7,Monday,8,Southwest Monsoon,False,23.9,4.3,53,Drizzle,False,,False,False
2025-08-18,Chicken Samosa,90,62,57,5,Monday,8,Southwest Monsoon,False,23.9,4.3,53,Drizzle,False,,False,False
2025-08-18,Cream Bun,120,34,32,2,Monday,8,Southwest Monsoon,False,23.9,4.3,53,Drizzle,False,,False,False
2025-08-18,Egg Roll,100,57,52,5,Monday,8,Southwest Monsoon,False,23.9,4.3,53,Drizzle,False,,False,False
2025-08-18,Fish Bun,120,83,76,7,Monday,8,Southwest Monsoon,False,23.9,4.3,53,Drizzle,False,,False,False
2025-08-18,Fish Patty,110,50,47,3,Monday,8,Southwest Monsoon,False,23.9,4.3,53,Drizzle,False,,False,False
2025-08-18,Mini Pizza,220,33,31,2,Monday,8,Southwest Monsoon,False,23.9,4.3,53,Drizzle,False,,False,False
2025-08-18,Sausage Bun,140,55,51,4,Monday,8,Southwest Monsoon,False,23.9,4.3,53,Drizzle,False,,False,False
2025-08-18,Vegetable Roti,100,50,49,1,Monday,8,Southwest Monsoon,False,23.9,4.3,53,Drizzle,False,,False,False
2025-08-19,Chicken Bun,130,70,66,4,Tuesday,8,Southwest Monsoon,False,24.4,0.0,3,Cloudy,False,,False,False
2025-08-19,Chicken Pastry,180,91,87,4,Tuesday,8,Southwest Monsoon,False,24.4,0.0,3,Cloudy,False,,False,False
2025-08-19,Chicken Samosa,90,75,66,9,Tuesday,8,Southwest Monsoon,False,24.4,0.0,3,Cloudy,False,,False,False
2025-08-19,Cream Bun,120,48,45,3,Tuesday,8,Southwest Monsoon,False,24.4,0.0,3,Cloudy,False,,False,False
2025-08-19,Egg Roll,100,68,58,10,Tuesday,8,Southwest Monsoon,False,24.4,0.0,3,Cloudy,False,,False,False
2025-08-19,Fish Bun,120,78,72,6,Tuesday,8,Southwest Monsoon,False,24.4,0.0,3,Cloudy,False,,False,False
2025-08-19,Fish Patty,110,53,51,2,Tuesday,8,Southwest Monsoon,False,24.4,0.0,3,Cloudy,False,,False,False
2025-08-19,Mini Pizza,220,47,42,5,Tuesday,8,Southwest Monsoon,False,24.4,0.0,3,Cloudy,False,,False,False
2025-08-19,Sausage Bun,140,54,53,1,Tuesday,8,Southwest Monsoon,False,24.4,0.0,3,Cloudy,False,,False,False
2025-08-19,Vegetable Roti,100,58,54,4,Tuesday,8,Southwest Monsoon,False,24.4,0.0,3,Cloudy,False,,False,False
2025-08-20,Chicken Bun,130,65,59,6,Wednesday,8,Southwest Monsoon,False,24.1,0.0,3,Cloudy,False,,False,False
2025-08-20,Chicken Pastry,180,101,92,9,Wednesday,8,Southwest Monsoon,False,24.1,0.0,3,Cloudy,False,,False,False
2025-08-20,Chicken Samosa,90,86,79,7,Wednesday,8,Southwest Monsoon,False,24.1,0.0,3,Cloudy,False,,False,False
2025-08-20,Cream Bun,120,53,49,4,Wednesday,8,Southwest Monsoon,False,24.1,0.0,3,Cloudy,False,,False,False
2025-08-20,Egg Roll,100,64,59,5,Wednesday,8,Southwest Monsoon,False,24.1,0.0,3,Cloudy,False,,False,False
2025-08-20,Fish Bun,120,87,81,6,Wednesday,8,Southwest Monsoon,False,24.1,0.0,3,Cloudy,False,,False,False
2025-08-20,Fish Patty,110,55,50,5,Wednesday,8,Southwest Monsoon,False,24.1,0.0,3,Cloudy,False,,False,False
2025-08-20,Mini Pizza,220,47,44,3,Wednesday,8,Southwest Monsoon,False,24.1,0.0,3,Cloudy,False,,False,False
2025-08-20,Sausage Bun,140,62,60,2,Wednesday,8,Southwest Monsoon,False,24.1,0.0,3,Cloudy,False,,False,False
2025-08-20,Vegetable Roti,100,66,61,5,Wednesday,8,Southwest Monsoon,False,24.1,0.0,3,Cloudy,False,,False,False
2025-08-21,Chicken Bun,130,70,64,6,Thursday,8,Southwest Monsoon,False,24.6,0.0,3,Cloudy,False,,False,False
2025-08-21,Chicken Pastry,180,86,83,3,Thursday,8,Southwest Monsoon,False,24.6,0.0,3,Cloudy,False,,False,False
2025-08-21,Chicken Samosa,90,57,56,1,Thursday,8,Southwest Monsoon,False,24.6,0.0,3,Cloudy,False,,False,False
2025-08-21,Cream Bun,120,55,49,6,Thursday,8,Southwest Monsoon,False,24.6,0.0,3,Cloudy,False,,False,False
2025-08-21,Egg Roll,100,60,55,5,Thursday,8,Southwest Monsoon,False,24.6,0.0,3,Cloudy,False,,False,False
2025-08-21,Fish Bun,120,83,78,5,Thursday,8,Southwest Monsoon,False,24.6,0.0,3,Cloudy,False,,False,False
2025-08-21,Fish Patty,110,58,53,5,Thursday,8,Southwest Monsoon,False,24.6,0.0,3,Cloudy,False,,False,False
2025-08-21,Mini Pizza,220,48,43,5,Thursday,8,Southwest Monsoon,False,24.6,0.0,3,Cloudy,False,,False,False
2025-08-21,Sausage Bun,140,61,58,3,Thursday,8,Southwest Monsoon,False,24.6,0.0,3,Cloudy,False,,False,False
2025-08-21,Vegetable Roti,100,63,57,6,Thursday,8,Southwest Monsoon,False,24.6,0.0,3,Cloudy,False,,False,False
2025-08-22,Chicken Bun,130,62,60,2,Friday,8,Southwest Monsoon,False,24.8,1.3,53,Drizzle,False,,False,False
2025-08-22,Chicken Pastry,180,100,88,12,Friday,8,Southwest Monsoon,False,24.8,1.3,53,Drizzle,False,,False,False
2025-08-22,Chicken Samosa,90,61,59,2,Friday,8,Southwest Monsoon,False,24.8,1.3,53,Drizzle,False,,False,False
2025-08-22,Cream Bun,120,50,47,3,Friday,8,Southwest Monsoon,False,24.8,1.3,53,Drizzle,False,,False,False
2025-08-22,Egg Roll,100,59,55,4,Friday,8,Southwest Monsoon,False,24.8,1.3,53,Drizzle,False,,False,False
2025-08-22,Fish Bun,120,67,62,5,Friday,8,Southwest Monsoon,False,24.8,1.3,53,Drizzle,False,,False,False
2025-08-22,Fish Patty,110,50,47,3,Friday,8,Southwest Monsoon,False,24.8,1.3,53,Drizzle,False,,False,False
2025-08-22,Mini Pizza,220,44,40,4,Friday,8,Southwest Monsoon,False,24.8,1.3,53,Drizzle,False,,False,False
2025-08-22,Sausage Bun,140,58,53,5,Friday,8,Southwest Monsoon,False,24.8,1.3,53,Drizzle,False,,False,False
2025-08-22,Vegetable Roti,100,56,54,2,Friday,8,Southwest Monsoon,False,24.8,1.3,53,Drizzle,False,,False,False
2025-08-23,Chicken Bun,130,71,65,6,Saturday,8,Southwest Monsoon,True,23.8,2.0,53,Drizzle,False,,False,False
2025-08-23,Chicken Pastry,180,96,89,7,Saturday,8,Southwest Monsoon,True,23.8,2.0,53,Drizzle,False,,False,False
2025-08-23,Chicken Samosa,90,71,68,3,Saturday,8,Southwest Monsoon,True,23.8,2.0,53,Drizzle,False,,False,False
2025-08-23,Cream Bun,120,49,49,0,Saturday,8,Southwest Monsoon,True,23.8,2.0,53,Drizzle,False,,False,False
2025-08-23,Egg Roll,100,64,61,3,Saturday,8,Southwest Monsoon,True,23.8,2.0,53,Drizzle,False,,False,False
2025-08-23,Fish Bun,120,70,68,2,Saturday,8,Southwest Monsoon,True,23.8,2.0,53,Drizzle,False,,False,False
2025-08-23,Fish Patty,110,58,52,6,Saturday,8,Southwest Monsoon,True,23.8,2.0,53,Drizzle,False,,False,False
2025-08-23,Mini Pizza,220,48,47,1,Saturday,8,Southwest Monsoon,True,23.8,2.0,53,Drizzle,False,,False,False
2025-08-23,Sausage Bun,140,59,55,4,Saturday,8,Southwest Monsoon,True,23.8,2.0,53,Drizzle,False,,False,False
2025-08-23,Vegetable Roti,100,56,50,6,Saturday,8,Southwest Monsoon,True,23.8,2.0,53,Drizzle,False,,False,False
2025-08-24,Chicken Bun,130,81,73,8,Sunday,8,Southwest Monsoon,True,24.3,0.1,51,Drizzle,False,,False,False
2025-08-24,Chicken Pastry,180,107,99,8,Sunday,8,Southwest Monsoon,True,24.3,0.1,51,Drizzle,False,,False,False
2025-08-24,Chicken Samosa,90,65,60,5,Sunday,8,Southwest Monsoon,True,24.3,0.1,51,Drizzle,False,,False,False
2025-08-24,Cream Bun,120,62,56,6,Sunday,8,Southwest Monsoon,True,24.3,0.1,51,Drizzle,False,,False,False
2025-08-24,Egg Roll,100,72,65,7,Sunday,8,Southwest Monsoon,True,24.3,0.1,51,Drizzle,False,,False,False
2025-08-24,Fish Bun,120,92,82,10,Sunday,8,Southwest Monsoon,True,24.3,0.1,51,Drizzle,False,,False,False
2025-08-24,Fish Patty,110,54,51,3,Sunday,8,Southwest Monsoon,True,24.3,0.1,51,Drizzle,False,,False,False
2025-08-24,Mini Pizza,220,57,51,6,Sunday,8,Southwest Monsoon,True,24.3,0.1,51,Drizzle,False,,False,False
2025-08-24,Sausage Bun,140,60,53,7,Sunday,8,Southwest Monsoon,True,24.3,0.1,51,Drizzle,False,,False,False
2025-08-24,Vegetable Roti,100,67,57,10,Sunday,8,Southwest Monsoon,True,24.3,0.1,51,Drizzle,False,,False,False
2025-08-25,Chicken Bun,130,61,56,5,Monday,8,Southwest Monsoon,False,25.1,0.1,51,Drizzle,False,,False,False
2025-08-25,Chicken Pastry,180,91,83,8,Monday,8,Southwest Monsoon,False,25.1,0.1,51,Drizzle,False,,False,False
2025-08-25,Chicken Samosa,90,66,62,4,Monday,8,Southwest Monsoon,False,25.1,0.1,51,Drizzle,False,,False,False
2025-08-25,Cream Bun,120,64,56,8,Monday,8,Southwest Monsoon,False,25.1,0.1,51,Drizzle,False,,False,False
2025-08-25,Egg Roll,100,58,54,4,Monday,8,Southwest Monsoon,False,25.1,0.1,51,Drizzle,False,,False,False
2025-08-25,Fish Bun,120,79,72,7,Monday,8,Southwest Monsoon,False,25.1,0.1,51,Drizzle,False,,False,False
2025-08-25,Fish Patty,110,61,56,5,Monday,8,Southwest Monsoon,False,25.1,0.1,51,Drizzle,False,,False,False
2025-08-25,Mini Pizza,220,49,46,3,Monday,8,Southwest Monsoon,False,25.1,0.1,51,Drizzle,False,,False,False
2025-08-25,Sausage Bun,140,50,46,4,Monday,8,Southwest Monsoon,False,25.1,0.1,51,Drizzle,False,,False,False
2025-08-25,Vegetable Roti,100,59,54,5,Monday,8,Southwest Monsoon,False,25.1,0.1,51,Drizzle,False,,False,False
2025-08-26,Chicken Bun,130,59,59,0,Tuesday,8,Southwest Monsoon,False,24.6,0.3,51,Drizzle,False,,False,False
2025-08-26,Chicken Pastry,180,93,89,4,Tuesday,8,Southwest Monsoon,False,24.6,0.3,51,Drizzle,False,,False,False
2025-08-26,Chicken Samosa,90,68,60,8,Tuesday,8,Southwest Monsoon,False,24.6,0.3,51,Drizzle,False,,False,False
2025-08-26,Cream Bun,120,49,45,4,Tuesday,8,Southwest Monsoon,False,24.6,0.3,51,Drizzle,False,,False,False
2025-08-26,Egg Roll,100,60,54,6,Tuesday,8,Southwest Monsoon,False,24.6,0.3,51,Drizzle,False,,False,False
2025-08-26,Fish Bun,120,82,76,6,Tuesday,8,Southwest Monsoon,False,24.6,0.3,51,Drizzle,False,,False,False
2025-08-26,Fish Patty,110,58,50,8,Tuesday,8,Southwest Monsoon,False,24.6,0.3,51,Drizzle,False,,False,False
2025-08-26,Mini Pizza,220,51,47,4,Tuesday,8,Southwest Monsoon,False,24.6,0.3,51,Drizzle,False,,False,False
2025-08-26,Sausage Bun,140,70,60,10,Tuesday,8,Southwest Monsoon,False,24.6,0.3,51,Drizzle,False,,False,False
2025-08-26,Vegetable Roti,100,51,48,3,Tuesday,8,Southwest Monsoon,False,24.6,0.3,51,Drizzle,False,,False,False
2025-08-27,Chicken Bun,130,64,59,5,Wednesday,8,Southwest Monsoon,False,23.9,2.8,53,Drizzle,False,,False,False
2025-08-27,Chicken Pastry,180,80,76,4,Wednesday,8,Southwest Monsoon,False,23.9,2.8,53,Drizzle,False,,False,False
2025-08-27,Chicken Samosa,90,71,67,4,Wednesday,8,Southwest Monsoon,False,23.9,2.8,53,Drizzle,False,,False,False
2025-08-27,Cream Bun,120,43,40,3,Wednesday,8,Southwest Monsoon,False,23.9,2.8,53,Drizzle,False,,False,False
2025-08-27,Egg Roll,100,57,53,4,Wednesday,8,Southwest Monsoon,False,23.9,2.8,53,Drizzle,False,,False,False
2025-08-27,Fish Bun,120,67,65,2,Wednesday,8,Southwest Monsoon,False,23.9,2.8,53,Drizzle,False,,False,False
2025-08-27,Fish Patty,110,46,45,1,Wednesday,8,Southwest Monsoon,False,23.9,2.8,53,Drizzle,False,,False,False
2025-08-27,Mini Pizza,220,37,34,3,Wednesday,8,Southwest Monsoon,False,23.9,2.8,53,Drizzle,False,,False,False
2025-08-27,Sausage Bun,140,61,54,7,Wednesday,8,Southwest Monsoon,False,23.9,2.8,53,Drizzle,False,,False,False
2025-08-27,Vegetable Roti,100,59,55,4,Wednesday,8,Southwest Monsoon,False,23.9,2.8,53,Drizzle,False,,False,False
2025-08-28,Chicken Bun,130,59,57,2,Thursday,8,Southwest Monsoon,False,24.0,6.1,61,Rain,False,,False,False
2025-08-28,Chicken Pastry,180,73,68,5,Thursday,8,Southwest Monsoon,False,24.0,6.1,61,Rain,False,,False,False
2025-08-28,Chicken Samosa,90,68,62,6,Thursday,8,Southwest Monsoon,False,24.0,6.1,61,Rain,False,,False,False
2025-08-28,Cream Bun,120,38,36,2,Thursday,8,Southwest Monsoon,False,24.0,6.1,61,Rain,False,,False,False
2025-08-28,Egg Roll,100,55,50,5,Thursday,8,Southwest Monsoon,False,24.0,6.1,61,Rain,False,,False,False
2025-08-28,Fish Bun,120,61,56,5,Thursday,8,Southwest Monsoon,False,24.0,6.1,61,Rain,False,,False,False
2025-08-28,Fish Patty,110,58,50,8,Thursday,8,Southwest Monsoon,False,24.0,6.1,61,Rain,False,,False,False
2025-08-28,Mini Pizza,220,29,27,2,Thursday,8,Southwest Monsoon,False,24.0,6.1,61,Rain,False,,False,False
2025-08-28,Sausage Bun,140,51,48,3,Thursday,8,Southwest Monsoon,False,24.0,6.1,61,Rain,False,,False,False
2025-08-28,Vegetable Roti,100,48,44,4,Thursday,8,Southwest Monsoon,False,24.0,6.1,61,Rain,False,,False,False
2025-08-29,Chicken Bun,130,53,50,3,Friday,8,Southwest Monsoon,False,24.0,7.0,61,Rain,False,,False,False
2025-08-29,Chicken Pastry,180,74,68,6,Friday,8,Southwest Monsoon,False,24.0,7.0,61,Rain,False,,False,False
2025-08-29,Chicken Samosa,90,58,57,1,Friday,8,Southwest Monsoon,False,24.0,7.0,61,Rain,False,,False,False
2025-08-29,Cream Bun,120,37,35,2,Friday,8,Southwest Monsoon,False,24.0,7.0,61,Rain,False,,False,False
2025-08-29,Egg Roll,100,51,47,4,Friday,8,Southwest Monsoon,False,24.0,7.0,61,Rain,False,,False,False
2025-08-29,Fish Bun,120,69,63,6,Friday,8,Southwest Monsoon,False,24.0,7.0,61,Rain,False,,False,False
2025-08-29,Fish Patty,110,49,45,4,Friday,8,Southwest Monsoon,False,24.0,7.0,61,Rain,False,,False,False
2025-08-29,Mini Pizza,220,35,32,3,Friday,8,Southwest Monsoon,False,24.0,7.0,61,Rain,False,,False,False
2025-08-29,Sausage Bun,140,47,45,2,Friday,8,Southwest Monsoon,False,24.0,7.0,61,Rain,False,,False,False
2025-08-29,Vegetable Roti,100,59,54,5,Friday,8,Southwest Monsoon,False,24.0,7.0,61,Rain,False,,False,False
2025-08-30,Chicken Bun,130,60,57,3,Saturday,8,Southwest Monsoon,True,24.1,5.1,55,Drizzle,False,,False,False
2025-08-30,Chicken Pastry,180,91,84,7,Saturday,8,Southwest Monsoon,True,24.1,5.1,55,Drizzle,False,,False,False
2025-08-30,Chicken Samosa,90,66,60,6,Saturday,8,Southwest Monsoon,True,24.1,5.1,55,Drizzle,False,,False,False
2025-08-30,Cream Bun,120,44,41,3,Saturday,8,Southwest Monsoon,True,24.1,5.1,55,Drizzle,False,,False,False
2025-08-30,Egg Roll,100,56,50,6,Saturday,8,Southwest Monsoon,True,24.1,5.1,55,Drizzle,False,,False,False
2025-08-30,Fish Bun,120,72,65,7,Saturday,8,Southwest Monsoon,True,24.1,5.1,55,Drizzle,False,,False,False
2025-08-30,Fish Patty,110,54,51,3,Saturday,8,Southwest Monsoon,True,24.1,5.1,55,Drizzle,False,,False,False
2025-08-30,Mini Pizza,220,39,37,2,Saturday,8,Southwest Monsoon,True,24.1,5.1,55,Drizzle,False,,False,False
2025-08-30,Sausage Bun,140,52,46,6,Saturday,8,Southwest Monsoon,True,24.1,5.1,55,Drizzle,False,,False,False
2025-08-30,Vegetable Roti,100,53,53,0,Saturday,8,Southwest Monsoon,True,24.1,5.1,55,Drizzle,False,,False,False
2025-08-31,Chicken Bun,130,72,70,2,Sunday,8,Southwest Monsoon,True,24.5,1.6,51,Drizzle,False,,False,False
2025-08-31,Chicken Pastry,180,90,83,7,Sunday,8,Southwest Monsoon,True,24.5,1.6,51,Drizzle,False,,False,False
2025-08-31,Chicken Samosa,90,85,76,9,Sunday,8,Southwest Monsoon,True,24.5,1.6,51,Drizzle,False,,False,False
2025-08-31,Cream Bun,120,52,50,2,Sunday,8,Southwest Monsoon,True,24.5,1.6,51,Drizzle,False,,False,False
2025-08-31,Egg Roll,100,59,56,3,Sunday,8,Southwest Monsoon,True,24.5,1.6,51,Drizzle,False,,False,False
2025-08-31,Fish Bun,120,76,72,4,Sunday,8,Southwest Monsoon,True,24.5,1.6,51,Drizzle,False,,False,False
2025-08-31,Fish Patty,110,56,52,4,Sunday,8,Southwest Monsoon,True,24.5,1.6,51,Drizzle,False,,False,False
2025-08-31,Mini Pizza,220,47,45,2,Sunday,8,Southwest Monsoon,True,24.5,1.6,51,Drizzle,False,,False,False
2025-08-31,Sausage Bun,140,61,56,5,Sunday,8,Southwest Monsoon,True,24.5,1.6,51,Drizzle,False,,False,False
2025-08-31,Vegetable Roti,100,62,57,5,Sunday,8,Southwest Monsoon,True,24.5,1.6,51,Drizzle,False,,False,False
2025-09-01,Chicken Bun,130,63,58,5,Monday,9,Southwest Monsoon,False,24.1,5.1,55,Drizzle,False,,False,False
2025-09-01,Chicken Pastry,180,63,61,2,Monday,9,Southwest Monsoon,False,24.1,5.1,55,Drizzle,False,,False,False
2025-09-01,Chicken Samosa,90,62,60,2,Monday,9,Southwest Monsoon,False,24.1,5.1,55,Drizzle,False,,False,False
2025-09-01,Cream Bun,120,38,34,4,Monday,9,Southwest Monsoon,False,24.1,5.1,55,Drizzle,False,,False,False
2025-09-01,Egg Roll,100,62,56,6,Monday,9,Southwest Monsoon,False,24.1,5.1,55,Drizzle,False,,False,False
2025-09-01,Fish Bun,120,71,66,5,Monday,9,Southwest Monsoon,False,24.1,5.1,55,Drizzle,False,,False,False
2025-09-01,Fish Patty,110,50,48,2,Monday,9,Southwest Monsoon,False,24.1,5.1,55,Drizzle,False,,False,False
2025-09-01,Mini Pizza,220,34,32,2,Monday,9,Southwest Monsoon,False,24.1,5.1,55,Drizzle,False,,False,False
2025-09-01,Sausage Bun,140,61,57,4,Monday,9,Southwest Monsoon,False,24.1,5.1,55,Drizzle,False,,False,False
2025-09-01,Vegetable Roti,100,52,50,2,Monday,9,Southwest Monsoon,False,24.1,5.1,55,Drizzle,False,,False,False
2025-09-02,Chicken Bun,130,56,53,3,Tuesday,9,Southwest Monsoon,False,24.8,0.5,51,Drizzle,False,,False,False
2025-09-02,Chicken Pastry,180,91,84,7,Tuesday,9,Southwest Monsoon,False,24.8,0.5,51,Drizzle,False,,False,False
2025-09-02,Chicken Samosa,90,64,61,3,Tuesday,9,Southwest Monsoon,False,24.8,0.5,51,Drizzle,False,,False,False
2025-09-02,Cream Bun,120,46,42,4,Tuesday,9,Southwest Monsoon,False,24.8,0.5,51,Drizzle,False,,False,False
2025-09-02,Egg Roll,100,63,56,7,Tuesday,9,Southwest Monsoon,False,24.8,0.5,51,Drizzle,False,,False,False
2025-09-02,Fish Bun,120,80,79,1,Tuesday,9,Southwest Monsoon,False,24.8,0.5,51,Drizzle,False,,False,False
2025-09-02,Fish Patty,110,50,48,2,Tuesday,9,Southwest Monsoon,False,24.8,0.5,51,Drizzle,False,,False,False
2025-09-02,Mini Pizza,220,43,40,3,Tuesday,9,Southwest Monsoon,False,24.8,0.5,51,Drizzle,False,,False,False
2025-09-02,Sausage Bun,140,56,53,3,Tuesday,9,Southwest Monsoon,False,24.8,0.5,51,Drizzle,False,,False,False
2025-09-02,Vegetable Roti,100,56,52,4,Tuesday,9,Southwest Monsoon,False,24.8,0.5,51,Drizzle,False,,False,False
2025-09-03,Chicken Bun,130,60,54,6,Wednesday,9,Southwest Monsoon,False,24.0,3.9,55,Drizzle,False,,False,False
2025-09-03,Chicken Pastry,180,84,75,9,Wednesday,9,Southwest Monsoon,False,24.0,3.9,55,Drizzle,False,,False,False
2025-09-03,Chicken Samosa,90,67,61,6,Wednesday,9,Southwest Monsoon,False,24.0,3.9,55,Drizzle,False,,False,False
2025-09-03,Cream Bun,120,44,42,2,Wednesday,9,Southwest Monsoon,False,24.0,3.9,55,Drizzle,False,,False,False
2025-09-03,Egg Roll,100,52,52,0,Wednesday,9,Southwest Monsoon,False,24.0,3.9,55,Drizzle,False,,False,False
2025-09-03,Fish Bun,120,69,65,4,Wednesday,9,Southwest Monsoon,False,24.0,3.9,55,Drizzle,False,,False,False
2025-09-03,Fish Patty,110,46,44,2,Wednesday,9,Southwest Monsoon,False,24.0,3.9,55,Drizzle,False,,False,False
2025-09-03,Mini Pizza,220,38,35,3,Wednesday,9,Southwest Monsoon,False,24.0,3.9,55,Drizzle,False,,False,False
2025-09-03,Sausage Bun,140,52,49,3,Wednesday,9,Southwest Monsoon,False,24.0,3.9,55,Drizzle,False,,False,False
2025-09-03,Vegetable Roti,100,53,50,3,Wednesday,9,Southwest Monsoon,False,24.0,3.9,55,Drizzle,False,,False,False
2025-09-04,Chicken Bun,130,67,64,3,Thursday,9,Southwest Monsoon,False,24.0,0.6,51,Drizzle,False,,True,False
2025-09-04,Chicken Pastry,180,91,81,10,Thursday,9,Southwest Monsoon,False,24.0,0.6,51,Drizzle,False,,True,False
2025-09-04,Chicken Samosa,90,78,73,5,Thursday,9,Southwest Monsoon,False,24.0,0.6,51,Drizzle,False,,True,False
2025-09-04,Cream Bun,120,54,49,5,Thursday,9,Southwest Monsoon,False,24.0,0.6,51,Drizzle,False,,True,False
2025-09-04,Egg Roll,100,63,56,7,Thursday,9,Southwest Monsoon,False,24.0,0.6,51,Drizzle,False,,True,False
2025-09-04,Fish Bun,120,72,69,3,Thursday,9,Southwest Monsoon,False,24.0,0.6,51,Drizzle,False,,True,False
2025-09-04,Fish Patty,110,52,49,3,Thursday,9,Southwest Monsoon,False,24.0,0.6,51,Drizzle,False,,True,False
2025-09-04,Mini Pizza,220,44,40,4,Thursday,9,Southwest Monsoon,False,24.0,0.6,51,Drizzle,False,,True,False
2025-09-04,Sausage Bun,140,56,52,4,Thursday,9,Southwest Monsoon,False,24.0,0.6,51,Drizzle,False,,True,False
2025-09-04,Vegetable Roti,100,58,52,6,Thursday,9,Southwest Monsoon,False,24.0,0.6,51,Drizzle,False,,True,False
2025-09-05,Chicken Bun,130,76,67,9,Friday,9,Southwest Monsoon,False,24.4,0.9,51,Drizzle,True,Prophet's Birthday,False,False
2025-09-05,Chicken Pastry,180,106,98,8,Friday,9,Southwest Monsoon,False,24.4,0.9,51,Drizzle,True,Prophet's Birthday,False,False
2025-09-05,Chicken Samosa,90,87,76,11,Friday,9,Southwest Monsoon,False,24.4,0.9,51,Drizzle,True,Prophet's Birthday,False,False
2025-09-05,Cream Bun,120,51,45,6,Friday,9,Southwest Monsoon,False,24.4,0.9,51,Drizzle,True,Prophet's Birthday,False,False
2025-09-05,Egg Roll,100,63,58,5,Friday,9,Southwest Monsoon,False,24.4,0.9,51,Drizzle,True,Prophet's Birthday,False,False
2025-09-05,Fish Bun,120,82,76,6,Friday,9,Southwest Monsoon,False,24.4,0.9,51,Drizzle,True,Prophet's Birthday,False,False
2025-09-05,Fish Patty,110,65,60,5,Friday,9,Southwest Monsoon,False,24.4,0.9,51,Drizzle,True,Prophet's Birthday,False,False
2025-09-05,Mini Pizza,220,48,46,2,Friday,9,Southwest Monsoon,False,24.4,0.9,51,Drizzle,True,Prophet's Birthday,False,False
2025-09-05,Sausage Bun,140,63,58,5,Friday,9,Southwest Monsoon,False,24.4,0.9,51,Drizzle,True,Prophet's Birthday,False,False
2025-09-05,Vegetable Roti,100,59,56,3,Friday,9,Southwest Monsoon,False,24.4,0.9,51,Drizzle,True,Prophet's Birthday,False,False
2025-09-06,Chicken Bun,130,66,60,6,Saturday,9,Southwest Monsoon,True,24.8,2.5,53,Drizzle,False,,True,True
2025-09-06,Chicken Pastry,180,94,86,8,Saturday,9,Southwest Monsoon,True,24.8,2.5,53,Drizzle,False,,True,True
2025-09-06,Chicken Samosa,90,73,67,6,Saturday,9,Southwest Monsoon,True,24.8,2.5,53,Drizzle,False,,True,True
2025-09-06,Cream Bun,120,56,52,4,Saturday,9,Southwest Monsoon,True,24.8,2.5,53,Drizzle,False,,True,True
2025-09-06,Egg Roll,100,54,49,5,Saturday,9,Southwest Monsoon,True,24.8,2.5,53,Drizzle,False,,True,True
2025-09-06,Fish Bun,120,83,73,10,Saturday,9,Southwest Monsoon,True,24.8,2.5,53,Drizzle,False,,True,True
2025-09-06,Fish Patty,110,60,52,8,Saturday,9,Southwest Monsoon,True,24.8,2.5,53,Drizzle,False,,True,True
2025-09-06,Mini Pizza,220,46,41,5,Saturday,9,Southwest Monsoon,True,24.8,2.5,53,Drizzle,False,,True,True
2025-09-06,Sausage Bun,140,59,58,1,Saturday,9,Southwest Monsoon,True,24.8,2.5,53,Drizzle,False,,True,True
2025-09-06,Vegetable Roti,100,52,52,0,Saturday,9,Southwest Monsoon,True,24.8,2.5,53,Drizzle,False,,True,True
2025-09-07,Chicken Bun,130,91,83,8,Sunday,9,Southwest Monsoon,True,24.6,0.0,3,Cloudy,True,Binara Full Moon Poya Day,False,False
2025-09-07,Chicken Pastry,180,127,110,17,Sunday,9,Southwest Monsoon,True,24.6,0.0,3,Cloudy,True,Binara Full Moon Poya Day,False,False
2025-09-07,Chicken Samosa,90,80,71,9,Sunday,9,Southwest Monsoon,True,24.6,0.0,3,Cloudy,True,Binara Full Moon Poya Day,False,False
2025-09-07,Cream Bun,120,72,68,4,Sunday,9,Southwest Monsoon,True,24.6,0.0,3,Cloudy,True,Binara Full Moon Poya Day,False,False
2025-09-07,Egg Roll,100,79,69,10,Sunday,9,Southwest Monsoon,True,24.6,0.0,3,Cloudy,True,Binara Full Moon Poya Day,False,False
2025-09-07,Fish Bun,120,94,83,11,Sunday,9,Southwest Monsoon,True,24.6,0.0,3,Cloudy,True,Binara Full Moon Poya Day,False,False
2025-09-07,Fish Patty,110,65,60,5,Sunday,9,Southwest Monsoon,True,24.6,0.0,3,Cloudy,True,Binara Full Moon Poya Day,False,False
2025-09-07,Mini Pizza,220,65,61,4,Sunday,9,Southwest Monsoon,True,24.6,0.0,3,Cloudy,True,Binara Full Moon Poya Day,False,False
2025-09-07,Sausage Bun,140,70,65,5,Sunday,9,Southwest Monsoon,True,24.6,0.0,3,Cloudy,True,Binara Full Moon Poya Day,False,False
2025-09-07,Vegetable Roti,100,62,57,5,Sunday,9,Southwest Monsoon,True,24.6,0.0,3,Cloudy,True,Binara Full Moon Poya Day,False,False
2025-09-08,Chicken Bun,130,51,47,4,Monday,9,Southwest Monsoon,False,24.4,13.7,63,Rain,False,,False,True
2025-09-08,Chicken Pastry,180,68,60,8,Monday,9,Southwest Monsoon,False,24.4,13.7,63,Rain,False,,False,True
2025-09-08,Chicken Samosa,90,55,49,6,Monday,9,Southwest Monsoon,False,24.4,13.7,63,Rain,False,,False,True
2025-09-08,Cream Bun,120,37,34,3,Monday,9,Southwest Monsoon,False,24.4,13.7,63,Rain,False,,False,True
2025-09-08,Egg Roll,100,46,44,2,Monday,9,Southwest Monsoon,False,24.4,13.7,63,Rain,False,,False,True
2025-09-08,Fish Bun,120,56,51,5,Monday,9,Southwest Monsoon,False,24.4,13.7,63,Rain,False,,False,True
2025-09-08,Fish Patty,110,42,38,4,Monday,9,Southwest Monsoon,False,24.4,13.7,63,Rain,False,,False,True
2025-09-08,Mini Pizza,220,34,32,2,Monday,9,Southwest Monsoon,False,24.4,13.7,63,Rain,False,,False,True
2025-09-08,Sausage Bun,140,44,43,1,Monday,9,Southwest Monsoon,False,24.4,13.7,63,Rain,False,,False,True
2025-09-08,Vegetable Roti,100,48,42,6,Monday,9,Southwest Monsoon,False,24.4,13.7,63,Rain,False,,False,True
2025-09-09,Chicken Bun,130,44,41,3,Tuesday,9,Southwest Monsoon,False,24.2,20.4,63,Rain,False,,False,False
2025-09-09,Chicken Pastry,180,61,59,2,Tuesday,9,Southwest Monsoon,False,24.2,20.4,63,Rain,False,,False,False
2025-09-09,Chicken Samosa,90,51,48,3,Tuesday,9,Southwest Monsoon,False,24.2,20.4,63,Rain,False,,False,False
2025-09-09,Cream Bun,120,34,31,3,Tuesday,9,Southwest Monsoon,False,24.2,20.4,63,Rain,False,,False,False
2025-09-09,Egg Roll,100,40,36,4,Tuesday,9,Southwest Monsoon,False,24.2,20.4,63,Rain,False,,False,False
2025-09-09,Fish Bun,120,56,54,2,Tuesday,9,Southwest Monsoon,False,24.2,20.4,63,Rain,False,,False,False
2025-09-09,Fish Patty,110,37,36,1,Tuesday,9,Southwest Monsoon,False,24.2,20.4,63,Rain,False,,False,False
2025-09-09,Mini Pizza,220,34,31,3,Tuesday,9,Southwest Monsoon,False,24.2,20.4,63,Rain,False,,False,False
2025-09-09,Sausage Bun,140,43,40,3,Tuesday,9,Southwest Monsoon,False,24.2,20.4,63,Rain,False,,False,False
2025-09-09,Vegetable Roti,100,43,39,4,Tuesday,9,Southwest Monsoon,False,24.2,20.4,63,Rain,False,,False,False
2025-09-10,Chicken Bun,130,46,44,2,Wednesday,9,Southwest Monsoon,False,23.5,7.7,63,Rain,False,,False,False
2025-09-10,Chicken Pastry,180,70,64,6,Wednesday,9,Southwest Monsoon,False,23.5,7.7,63,Rain,False,,False,False
2025-09-10,Chicken Samosa,90,65,61,4,Wednesday,9,Southwest Monsoon,False,23.5,7.7,63,Rain,False,,False,False
2025-09-10,Cream Bun,120,37,35,2,Wednesday,9,Southwest Monsoon,False,23.5,7.7,63,Rain,False,,False,False
2025-09-10,Egg Roll,100,53,48,5,Wednesday,9,Southwest Monsoon,False,23.5,7.7,63,Rain,False,,False,False
2025-09-10,Fish Bun,120,54,49,5,Wednesday,9,Southwest Monsoon,False,23.5,7.7,63,Rain,False,,False,False
2025-09-10,Fish Patty,110,44,40,4,Wednesday,9,Southwest Monsoon,False,23.5,7.7,63,Rain,False,,False,False
2025-09-10,Mini Pizza,220,36,33,3,Wednesday,9,Southwest Monsoon,False,23.5,7.7,63,Rain,False,,False,False
2025-09-10,Sausage Bun,140,46,41,5,Wednesday,9,Southwest Monsoon,False,23.5,7.7,63,Rain,False,,False,False
2025-09-10,Vegetable Roti,100,45,42,3,Wednesday,9,Southwest Monsoon,False,23.5,7.7,63,Rain,False,,False,False
2025-09-11,Chicken Bun,130,56,51,5,Thursday,9,Southwest Monsoon,False,23.7,1.9,53,Drizzle,False,,False,False
2025-09-11,Chicken Pastry,180,84,79,5,Thursday,9,Southwest Monsoon,False,23.7,1.9,53,Drizzle,False,,False,False
2025-09-11,Chicken Samosa,90,66,61,5,Thursday,9,Southwest Monsoon,False,23.7,1.9,53,Drizzle,False,,False,False
2025-09-11,Cream Bun,120,44,41,3,Thursday,9,Southwest Monsoon,False,23.7,1.9,53,Drizzle,False,,False,False
2025-09-11,Egg Roll,100,59,54,5,Thursday,9,Southwest Monsoon,False,23.7,1.9,53,Drizzle,False,,False,False
2025-09-11,Fish Bun,120,73,69,4,Thursday,9,Southwest Monsoon,False,23.7,1.9,53,Drizzle,False,,False,False
2025-09-11,Fish Patty,110,60,57,3,Thursday,9,Southwest Monsoon,False,23.7,1.9,53,Drizzle,False,,False,False
2025-09-11,Mini Pizza,220,36,34,2,Thursday,9,Southwest Monsoon,False,23.7,1.9,53,Drizzle,False,,False,False
2025-09-11,Sausage Bun,140,49,47,2,Thursday,9,Southwest Monsoon,False,23.7,1.9,53,Drizzle,False,,False,False
2025-09-11,Vegetable Roti,100,62,57,5,Thursday,9,Southwest Monsoon,False,23.7,1.9,53,Drizzle,False,,False,False
2025-09-12,Chicken Bun,130,71,67,4,Friday,9,Southwest Monsoon,False,24.4,0.5,51,Drizzle,False,,False,False
2025-09-12,Chicken Pastry,180,102,92,10,Friday,9,Southwest Monsoon,False,24.4,0.5,51,Drizzle,False,,False,False
2025-09-12,Chicken Samosa,90,68,63,5,Friday,9,Southwest Monsoon,False,24.4,0.5,51,Drizzle,False,,False,False
2025-09-12,Cream Bun,120,45,42,3,Friday,9,Southwest Monsoon,False,24.4,0.5,51,Drizzle,False,,False,False
2025-09-12,Egg Roll,100,62,58,4,Friday,9,Southwest Monsoon,False,24.4,0.5,51,Drizzle,False,,False,False
2025-09-12,Fish Bun,120,67,61,6,Friday,9,Southwest Monsoon,False,24.4,0.5,51,Drizzle,False,,False,False
2025-09-12,Fish Patty,110,53,49,4,Friday,9,Southwest Monsoon,False,24.4,0.5,51,Drizzle,False,,False,False
2025-09-12,Mini Pizza,220,46,41,5,Friday,9,Southwest Monsoon,False,24.4,0.5,51,Drizzle,False,,False,False
2025-09-12,Sausage Bun,140,52,51,1,Friday,9,Southwest Monsoon,False,24.4,0.5,51,Drizzle,False,,False,False
2025-09-12,Vegetable Roti,100,58,53,5,Friday,9,Southwest Monsoon,False,24.4,0.5,51,Drizzle,False,,False,False
2025-09-13,Chicken Bun,130,68,63,5,Saturday,9,Southwest Monsoon,True,23.9,0.8,51,Drizzle,False,,False,False
2025-09-13,Chicken Pastry,180,87,79,8,Saturday,9,Southwest Monsoon,True,23.9,0.8,51,Drizzle,False,,False,False
2025-09-13,Chicken Samosa,90,75,66,9,Saturday,9,Southwest Monsoon,True,23.9,0.8,51,Drizzle,False,,False,False
2025-09-13,Cream Bun,120,57,55,2,Saturday,9,Southwest Monsoon,True,23.9,0.8,51,Drizzle,False,,False,False
2025-09-13,Egg Roll,100,67,62,5,Saturday,9,Southwest Monsoon,True,23.9,0.8,51,Drizzle,False,,False,False
2025-09-13,Fish Bun,120,81,77,4,Saturday,9,Southwest Monsoon,True,23.9,0.8,51,Drizzle,False,,False,False
2025-09-13,Fish Patty,110,64,60,4,Saturday,9,Southwest Monsoon,True,23.9,0.8,51,Drizzle,False,,False,False
2025-09-13,Mini Pizza,220,53,50,3,Saturday,9,Southwest Monsoon,True,23.9,0.8,51,Drizzle,False,,False,False
2025-09-13,Sausage Bun,140,68,64,4,Saturday,9,Southwest Monsoon,True,23.9,0.8,51,Drizzle,False,,False,False
2025-09-13,Vegetable Roti,100,58,53,5,Saturday,9,Southwest Monsoon,True,23.9,0.8,51,Drizzle,False,,False,False
2025-09-14,Chicken Bun,130,65,62,3,Sunday,9,Southwest Monsoon,True,23.7,0.9,51,Drizzle,False,,False,False
2025-09-14,Chicken Pastry,180,92,84,8,Sunday,9,Southwest Monsoon,True,23.7,0.9,51,Drizzle,False,,False,False
2025-09-14,Chicken Samosa,90,72,69,3,Sunday,9,Southwest Monsoon,True,23.7,0.9,51,Drizzle,False,,False,False
2025-09-14,Cream Bun,120,59,51,8,Sunday,9,Southwest Monsoon,True,23.7,0.9,51,Drizzle,False,,False,False
2025-09-14,Egg Roll,100,57,55,2,Sunday,9,Southwest Monsoon,True,23.7,0.9,51,Drizzle,False,,False,False
2025-09-14,Fish Bun,120,95,86,9,Sunday,9,Southwest Monsoon,True,23.7,0.9,51,Drizzle,False,,False,False
2025-09-14,Fish Patty,110,58,56,2,Sunday,9,Southwest Monsoon,True,23.7,0.9,51,Drizzle,False,,False,False
2025-09-14,Mini Pizza,220,50,45,5,Sunday,9,Southwest Monsoon,True,23.7,0.9,51,Drizzle,False,,False,False
2025-09-14,Sausage Bun,140,60,57,3,Sunday,9,Southwest Monsoon,True,23.7,0.9,51,Drizzle,False,,False,False
2025-09-14,Vegetable Roti,100,59,54,5,Sunday,9,Southwest Monsoon,True,23.7,0.9,51,Drizzle,False,,False,False
2025-09-15,Chicken Bun,130,64,57,7,Monday,9,Southwest Monsoon,False,23.6,2.0,53,Drizzle,False,,False,False
2025-09-15,Chicken Pastry,180,82,78,4,Monday,9,Southwest Monsoon,False,23.6,2.0,53,Drizzle,False,,False,False
2025-09-15,Chicken Samosa,90,70,66,4,Monday,9,Southwest Monsoon,False,23.6,2.0,53,Drizzle,False,,False,False
2025-09-15,Cream Bun,120,48,43,5,Monday,9,Southwest Monsoon,False,23.6,2.0,53,Drizzle,False,,False,False
2025-09-15,Egg Roll,100,62,58,4,Monday,9,Southwest Monsoon,False,23.6,2.0,53,Drizzle,False,,False,False
2025-09-15,Fish Bun,120,81,69,12,Monday,9,Southwest Monsoon,False,23.6,2.0,53,Drizzle,False,,False,False
2025-09-15,Fish Patty,110,59,53,6,Monday,9,Southwest Monsoon,False,23.6,2.0,53,Drizzle,False,,False,False
2025-09-15,Mini Pizza,220,38,35,3,Monday,9,Southwest Monsoon,False,23.6,2.0,53,Drizzle,False,,False,False
2025-09-15,Sausage Bun,140,59,55,4,Monday,9,Southwest Monsoon,False,23.6,2.0,53,Drizzle,False,,False,False
2025-09-15,Vegetable Roti,100,52,50,2,Monday,9,Southwest Monsoon,False,23.6,2.0,53,Drizzle,False,,False,False
2025-09-16,Chicken Bun,130,74,70,4,Tuesday,9,Southwest Monsoon,False,24.0,1.3,53,Drizzle,False,,False,False
2025-09-16,Chicken Pastry,180,89,85,4,Tuesday,9,Southwest Monsoon,False,24.0,1.3,53,Drizzle,False,,False,False
2025-09-16,Chicken Samosa,90,59,55,4,Tuesday,9,Southwest Monsoon,False,24.0,1.3,53,Drizzle,False,,False,False
2025-09-16,Cream Bun,120,50,46,4,Tuesday,9,Southwest Monsoon,False,24.0,1.3,53,Drizzle,False,,False,False
2025-09-16,Egg Roll,100,55,51,4,Tuesday,9,Southwest Monsoon,False,24.0,1.3,53,Drizzle,False,,False,False
2025-09-16,Fish Bun,120,79,72,7,Tuesday,9,Southwest Monsoon,False,24.0,1.3,53,Drizzle,False,,False,False
2025-09-16,Fish Patty,110,51,47,4,Tuesday,9,Southwest Monsoon,False,24.0,1.3,53,Drizzle,False,,False,False
2025-09-16,Mini Pizza,220,41,38,3,Tuesday,9,Southwest Monsoon,False,24.0,1.3,53,Drizzle,False,,False,False
2025-09-16,Sausage Bun,140,58,53,5,Tuesday,9,Southwest Monsoon,False,24.0,1.3,53,Drizzle,False,,False,False
2025-09-16,Vegetable Roti,100,59,57,2,Tuesday,9,Southwest Monsoon,False,24.0,1.3,53,Drizzle,False,,False,False
2025-09-17,Chicken Bun,130,68,62,6,Wednesday,9,Southwest Monsoon,False,23.5,4.4,61,Rain,False,,False,False
2025-09-17,Chicken Pastry,180,84,78,6,Wednesday,9,Southwest Monsoon,False,23.5,4.4,61,Rain,False,,False,False
2025-09-17,Chicken Samosa,90,65,59,6,Wednesday,9,Southwest Monsoon,False,23.5,4.4,61,Rain,False,,False,False
2025-09-17,Cream Bun,120,36,35,1,Wednesday,9,Southwest Monsoon,False,23.5,4.4,61,Rain,False,,False,False
2025-09-17,Egg Roll,100,55,52,3,Wednesday,9,Southwest Monsoon,False,23.5,4.4,61,Rain,False,,False,False
2025-09-17,Fish Bun,120,76,69,7,Wednesday,9,Southwest Monsoon,False,23.5,4.4,61,Rain,False,,False,False
2025-09-17,Fish Patty,110,50,46,4,Wednesday,9,Southwest Monsoon,False,23.5,4.4,61,Rain,False,,False,False
2025-09-17,Mini Pizza,220,34,31,3,Wednesday,9,Southwest Monsoon,False,23.5,4.4,61,Rain,False,,False,False
2025-09-17,Sausage Bun,140,54,49,5,Wednesday,9,Southwest Monsoon,False,23.5,4.4,61,Rain,False,,False,False
2025-09-17,Vegetable Roti,100,49,48,1,Wednesday,9,Southwest Monsoon,False,23.5,4.4,61,Rain,False,,False,False
2025-09-18,Chicken Bun,130,71,65,6,Thursday,9,Southwest Monsoon,False,23.3,2.0,55,Drizzle,False,,False,False
2025-09-18,Chicken Pastry,180,81,71,10,Thursday,9,Southwest Monsoon,False,23.3,2.0,55,Drizzle,False,,False,False
2025-09-18,Chicken Samosa,90,70,65,5,Thursday,9,Southwest Monsoon,False,23.3,2.0,55,Drizzle,False,,False,False
2025-09-18,Cream Bun,120,53,49,4,Thursday,9,Southwest Monsoon,False,23.3,2.0,55,Drizzle,False,,False,False
2025-09-18,Egg Roll,100,58,54,4,Thursday,9,Southwest Monsoon,False,23.3,2.0,55,Drizzle,False,,False,False
2025-09-18,Fish Bun,120,69,62,7,Thursday,9,Southwest Monsoon,False,23.3,2.0,55,Drizzle,False,,False,False
2025-09-18,Fish Patty,110,58,52,6,Thursday,9,Southwest Monsoon,False,23.3,2.0,55,Drizzle,False,,False,False
2025-09-18,Mini Pizza,220,40,37,3,Thursday,9,Southwest Monsoon,False,23.3,2.0,55,Drizzle,False,,False,False
2025-09-18,Sausage Bun,140,64,58,6,Thursday,9,Southwest Monsoon,False,23.3,2.0,55,Drizzle,False,,False,False
2025-09-18,Vegetable Roti,100,56,51,5,Thursday,9,Southwest Monsoon,False,23.3,2.0,55,Drizzle,False,,False,False
2025-09-19,Chicken Bun,130,60,57,3,Friday,9,Southwest Monsoon,False,23.7,1.1,51,Drizzle,False,,False,False
2025-09-19,Chicken Pastry,180,95,86,9,Friday,9,Southwest Monsoon,False,23.7,1.1,51,Drizzle,False,,False,False
2025-09-19,Chicken Samosa,90,69,65,4,Friday,9,Southwest Monsoon,False,23.7,1.1,51,Drizzle,False,,False,False
2025-09-19,Cream Bun,120,54,47,7,Friday,9,Southwest Monsoon,False,23.7,1.1,51,Drizzle,False,,False,False
2025-09-19,Egg Roll,100,68,64,4,Friday,9,Southwest Monsoon,False,23.7,1.1,51,Drizzle,False,,False,False
2025-09-19,Fish Bun,120,69,69,0,Friday,9,Southwest Monsoon,False,23.7,1.1,51,Drizzle,False,,False,False
2025-09-19,Fish Patty,110,53,50,3,Friday,9,Southwest Monsoon,False,23.7,1.1,51,Drizzle,False,,False,False
2025-09-19,Mini Pizza,220,42,39,3,Friday,9,Southwest Monsoon,False,23.7,1.1,51,Drizzle,False,,False,False
2025-09-19,Sausage Bun,140,66,59,7,Friday,9,Southwest Monsoon,False,23.7,1.1,51,Drizzle,False,,False,False
2025-09-19,Vegetable Roti,100,52,50,2,Friday,9,Southwest Monsoon,False,23.7,1.1,51,Drizzle,False,,False,False
2025-09-20,Chicken Bun,130,74,68,6,Saturday,9,Southwest Monsoon,True,23.9,0.9,51,Drizzle,False,,False,False
2025-09-20,Chicken Pastry,180,101,91,10,Saturday,9,Southwest Monsoon,True,23.9,0.9,51,Drizzle,False,,False,False
2025-09-20,Chicken Samosa,90,80,72,8,Saturday,9,Southwest Monsoon,True,23.9,0.9,51,Drizzle,False,,False,False
2025-09-20,Cream Bun,120,55,53,2,Saturday,9,Southwest Monsoon,True,23.9,0.9,51,Drizzle,False,,False,False
2025-09-20,Egg Roll,100,60,56,4,Saturday,9,Southwest Monsoon,True,23.9,0.9,51,Drizzle,False,,False,False
2025-09-20,Fish Bun,120,89,82,7,Saturday,9,Southwest Monsoon,True,23.9,0.9,51,Drizzle,False,,False,False
2025-09-20,Fish Patty,110,60,56,4,Saturday,9,Southwest Monsoon,True,23.9,0.9,51,Drizzle,False,,False,False
2025-09-20,Mini Pizza,220,59,55,4,Saturday,9,Southwest Monsoon,True,23.9,0.9,51,Drizzle,False,,False,False
2025-09-20,Sausage Bun,140,66,60,6,Saturday,9,Southwest Monsoon,True,23.9,0.9,51,Drizzle,False,,False,False
2025-09-20,Vegetable Roti,100,55,51,4,Saturday,9,Southwest Monsoon,True,23.9,0.9,51,Drizzle,False,,False,False
2025-09-21,Chicken Bun,130,63,57,6,Sunday,9,Southwest Monsoon,True,23.3,5.6,61,Rain,False,,False,False
2025-09-21,Chicken Pastry,180,86,77,9,Sunday,9,Southwest Monsoon,True,23.3,5.6,61,Rain,False,,False,False
2025-09-21,Chicken Samosa,90,74,63,11,Sunday,9,Southwest Monsoon,True,23.3,5.6,61,Rain,False,,False,False
2025-09-21,Cream Bun,120,47,45,2,Sunday,9,Southwest Monsoon,True,23.3,5.6,61,Rain,False,,False,False
2025-09-21,Egg Roll,100,65,56,9,Sunday,9,Southwest Monsoon,True,23.3,5.6,61,Rain,False,,False,False
2025-09-21,Fish Bun,120,85,75,10,Sunday,9,Southwest Monsoon,True,23.3,5.6,61,Rain,False,,False,False
2025-09-21,Fish Patty,110,59,52,7,Sunday,9,Southwest Monsoon,True,23.3,5.6,61,Rain,False,,False,False
2025-09-21,Mini Pizza,220,39,37,2,Sunday,9,Southwest Monsoon,True,23.3,5.6,61,Rain,False,,False,False
2025-09-21,Sausage Bun,140,52,52,0,Sunday,9,Southwest Monsoon,True,23.3,5.6,61,Rain,False,,False,False
2025-09-21,Vegetable Roti,100,58,50,8,Sunday,9,Southwest Monsoon,True,23.3,5.6,61,Rain,False,,False,False
2025-09-22,Chicken Bun,130,61,58,3,Monday,9,Southwest Monsoon,False,24.1,2.5,55,Drizzle,False,,False,False
2025-09-22,Chicken Pastry,180,92,89,3,Monday,9,Southwest Monsoon,False,24.1,2.5,55,Drizzle,False,,False,False
2025-09-22,Chicken Samosa,90,67,63,4,Monday,9,Southwest Monsoon,False,24.1,2.5,55,Drizzle,False,,False,False
2025-09-22,Cream Bun,120,42,39,3,Monday,9,Southwest Monsoon,False,24.1,2.5,55,Drizzle,False,,False,False
2025-09-22,Egg Roll,100,58,53,5,Monday,9,Southwest Monsoon,False,24.1,2.5,55,Drizzle,False,,False,False
2025-09-22,Fish Bun,120,76,69,7,Monday,9,Southwest Monsoon,False,24.1,2.5,55,Drizzle,False,,False,False
2025-09-22,Fish Patty,110,49,45,4,Monday,9,Southwest Monsoon,False,24.1,2.5,55,Drizzle,False,,False,False
2025-09-22,Mini Pizza,220,43,41,2,Monday,9,Southwest Monsoon,False,24.1,2.5,55,Drizzle,False,,False,False
2025-09-22,Sausage Bun,140,60,56,4,Monday,9,Southwest Monsoon,False,24.1,2.5,55,Drizzle,False,,False,False
2025-09-22,Vegetable Roti,100,55,53,2,Monday,9,Southwest Monsoon,False,24.1,2.5,55,Drizzle,False,,False,False
2025-09-23,Chicken Bun,130,72,63,9,Tuesday,9,Southwest Monsoon,False,24.3,1.0,51,Drizzle,False,,False,False
2025-09-23,Chicken Pastry,180,92,87,5,Tuesday,9,Southwest Monsoon,False,24.3,1.0,51,Drizzle,False,,False,False
2025-09-23,Chicken Samosa,90,58,54,4,Tuesday,9,Southwest Monsoon,False,24.3,1.0,51,Drizzle,False,,False,False
2025-09-23,Cream Bun,120,48,42,6,Tuesday,9,Southwest Monsoon,False,24.3,1.0,51,Drizzle,False,,False,False
2025-09-23,Egg Roll,100,69,64,5,Tuesday,9,Southwest Monsoon,False,24.3,1.0,51,Drizzle,False,,False,False
2025-09-23,Fish Bun,120,81,79,2,Tuesday,9,Southwest Monsoon,False,24.3,1.0,51,Drizzle,False,,False,False
2025-09-23,Fish Patty,110,57,54,3,Tuesday,9,Southwest Monsoon,False,24.3,1.0,51,Drizzle,False,,False,False
2025-09-23,Mini Pizza,220,41,38,3,Tuesday,9,Southwest Monsoon,False,24.3,1.0,51,Drizzle,False,,False,False
2025-09-23,Sausage Bun,140,61,57,4,Tuesday,9,Southwest Monsoon,False,24.3,1.0,51,Drizzle,False,,False,False
2025-09-23,Vegetable Roti,100,62,55,7,Tuesday,9,Southwest Monsoon,False,24.3,1.0,51,Drizzle,False,,False,False
2025-09-24,Chicken Bun,130,59,57,2,Wednesday,9,Southwest Monsoon,False,23.5,2.9,53,Drizzle,False,,False,False
2025-09-24,Chicken Pastry,180,79,76,3,Wednesday,9,Southwest Monsoon,False,23.5,2.9,53,Drizzle,False,,False,False
2025-09-24,Chicken Samosa,90,61,57,4,Wednesday,9,Southwest Monsoon,False,23.5,2.9,53,Drizzle,False,,False,False
2025-09-24,Cream Bun,120,44,40,4,Wednesday,9,Southwest Monsoon,False,23.5,2.9,53,Drizzle,False,,False,False
2025-09-24,Egg Roll,100,56,52,4,Wednesday,9,Southwest Monsoon,False,23.5,2.9,53,Drizzle,False,,False,False
2025-09-24,Fish Bun,120,75,70,5,Wednesday,9,Southwest Monsoon,False,23.5,2.9,53,Drizzle,False,,False,False
2025-09-24,Fish Patty,110,50,46,4,Wednesday,9,Southwest Monsoon,False,23.5,2.9,53,Drizzle,False,,False,False
2025-09-24,Mini Pizza,220,40,38,2,Wednesday,9,Southwest Monsoon,False,23.5,2.9,53,Drizzle,False,,False,False
2025-09-24,Sausage Bun,140,59,55,4,Wednesday,9,Southwest Monsoon,False,23.5,2.9,53,Drizzle,False,,False,False
2025-09-24,Vegetable Roti,100,57,53,4,Wednesday,9,Southwest Monsoon,False,23.5,2.9,53,Drizzle,False,,False,False
2025-09-25,Chicken Bun,130,53,45,8,Thursday,9,Southwest Monsoon,False,23.3,8.6,63,Rain,False,,False,False
2025-09-25,Chicken Pastry,180,75,69,6,Thursday,9,Southwest Monsoon,False,23.3,8.6,63,Rain,False,,False,False
2025-09-25,Chicken Samosa,90,55,51,4,Thursday,9,Southwest Monsoon,False,23.3,8.6,63,Rain,False,,False,False
2025-09-25,Cream Bun,120,38,35,3,Thursday,9,Southwest Monsoon,False,23.3,8.6,63,Rain,False,,False,False
2025-09-25,Egg Roll,100,52,45,7,Thursday,9,Southwest Monsoon,False,23.3,8.6,63,Rain,False,,False,False
2025-09-25,Fish Bun,120,65,57,8,Thursday,9,Southwest Monsoon,False,23.3,8.6,63,Rain,False,,False,False
2025-09-25,Fish Patty,110,45,42,3,Thursday,9,Southwest Monsoon,False,23.3,8.6,63,Rain,False,,False,False
2025-09-25,Mini Pizza,220,35,34,1,Thursday,9,Southwest Monsoon,False,23.3,8.6,63,Rain,False,,False,False
2025-09-25,Sausage Bun,140,43,41,2,Thursday,9,Southwest Monsoon,False,23.3,8.6,63,Rain,False,,False,False
2025-09-25,Vegetable Roti,100,46,44,2,Thursday,9,Southwest Monsoon,False,23.3,8.6,63,Rain,False,,False,False
2025-09-26,Chicken Bun,130,48,45,3,Friday,9,Southwest Monsoon,False,22.8,18.8,63,Rain,False,,False,False
2025-09-26,Chicken Pastry,180,74,69,5,Friday,9,Southwest Monsoon,False,22.8,18.8,63,Rain,False,,False,False
2025-09-26,Chicken Samosa,90,43,40,3,Friday,9,Southwest Monsoon,False,22.8,18.8,63,Rain,False,,False,False
2025-09-26,Cream Bun,120,33,32,1,Friday,9,Southwest Monsoon,False,22.8,18.8,63,Rain,False,,False,False
2025-09-26,Egg Roll,100,47,46,1,Friday,9,Southwest Monsoon,False,22.8,18.8,63,Rain,False,,False,False
2025-09-26,Fish Bun,120,57,53,4,Friday,9,Southwest Monsoon,False,22.8,18.8,63,Rain,False,,False,False
2025-09-26,Fish Patty,110,42,40,2,Friday,9,Southwest Monsoon,False,22.8,18.8,63,Rain,False,,False,False
2025-09-26,Mini Pizza,220,32,30,2,Friday,9,Southwest Monsoon,False,22.8,18.8,63,Rain,False,,False,False
2025-09-26,Sausage Bun,140,43,40,3,Friday,9,Southwest Monsoon,False,22.8,18.8,63,Rain,False,,False,False
2025-09-26,Vegetable Roti,100,44,41,3,Friday,9,Southwest Monsoon,False,22.8,18.8,63,Rain,False,,False,False
2025-09-27,Chicken Bun,130,61,58,3,Saturday,9,Southwest Monsoon,True,23.9,2.1,55,Drizzle,False,,False,False
2025-09-27,Chicken Pastry,180,106,96,10,Saturday,9,Southwest Monsoon,True,23.9,2.1,55,Drizzle,False,,False,False
2025-09-27,Chicken Samosa,90,78,73,5,Saturday,9,Southwest Monsoon,True,23.9,2.1,55,Drizzle,False,,False,False
2025-09-27,Cream Bun,120,56,48,8,Saturday,9,Southwest Monsoon,True,23.9,2.1,55,Drizzle,False,,False,False
2025-09-27,Egg Roll,100,64,56,8,Saturday,9,Southwest Monsoon,True,23.9,2.1,55,Drizzle,False,,False,False
2025-09-27,Fish Bun,120,81,74,7,Saturday,9,Southwest Monsoon,True,23.9,2.1,55,Drizzle,False,,False,False
2025-09-27,Fish Patty,110,68,64,4,Saturday,9,Southwest Monsoon,True,23.9,2.1,55,Drizzle,False,,False,False
2025-09-27,Mini Pizza,220,47,42,5,Saturday,9,Southwest Monsoon,True,23.9,2.1,55,Drizzle,False,,False,False
2025-09-27,Sausage Bun,140,61,58,3,Saturday,9,Southwest Monsoon,True,23.9,2.1,55,Drizzle,False,,False,False
2025-09-27,Vegetable Roti,100,69,64,5,Saturday,9,Southwest Monsoon,True,23.9,2.1,55,Drizzle,False,,False,False
2025-09-28,Chicken Bun,130,65,63,2,Sunday,9,Southwest Monsoon,True,24.2,2.0,53,Drizzle,False,,False,False
2025-09-28,Chicken Pastry,180,80,77,3,Sunday,9,Southwest Monsoon,True,24.2,2.0,53,Drizzle,False,,False,False
2025-09-28,Chicken Samosa,90,82,77,5,Sunday,9,Southwest Monsoon,True,24.2,2.0,53,Drizzle,False,,False,False
2025-09-28,Cream Bun,120,44,43,1,Sunday,9,Southwest Monsoon,True,24.2,2.0,53,Drizzle,False,,False,False
2025-09-28,Egg Roll,100,69,60,9,Sunday,9,Southwest Monsoon,True,24.2,2.0,53,Drizzle,False,,False,False
2025-09-28,Fish Bun,120,93,84,9,Sunday,9,Southwest Monsoon,True,24.2,2.0,53,Drizzle,False,,False,False
2025-09-28,Fish Patty,110,57,54,3,Sunday,9,Southwest Monsoon,True,24.2,2.0,53,Drizzle,False,,False,False
2025-09-28,Mini Pizza,220,55,52,3,Sunday,9,Southwest Monsoon,True,24.2,2.0,53,Drizzle,False,,False,False
2025-09-28,Sausage Bun,140,66,64,2,Sunday,9,Southwest Monsoon,True,24.2,2.0,53,Drizzle,False,,False,False
2025-09-28,Vegetable Roti,100,69,64,5,Sunday,9,Southwest Monsoon,True,24.2,2.0,53,Drizzle,False,,False,False
2025-09-29,Chicken Bun,130,61,55,6,Monday,9,Southwest Monsoon,False,24.2,2.5,53,Drizzle,False,,False,False
2025-09-29,Chicken Pastry,180,78,69,9,Monday,9,Southwest Monsoon,False,24.2,2.5,53,Drizzle,False,,False,False
2025-09-29,Chicken Samosa,90,70,65,5,Monday,9,Southwest Monsoon,False,24.2,2.5,53,Drizzle,False,,False,False
2025-09-29,Cream Bun,120,44,41,3,Monday,9,Southwest Monsoon,False,24.2,2.5,53,Drizzle,False,,False,False
2025-09-29,Egg Roll,100,56,53,3,Monday,9,Southwest Monsoon,False,24.2,2.5,53,Drizzle,False,,False,False
2025-09-29,Fish Bun,120,78,74,4,Monday,9,Southwest Monsoon,False,24.2,2.5,53,Drizzle,False,,False,False
2025-09-29,Fish Patty,110,49,48,1,Monday,9,Southwest Monsoon,False,24.2,2.5,53,Drizzle,False,,False,False
2025-09-29,Mini Pizza,220,42,40,2,Monday,9,Southwest Monsoon,False,24.2,2.5,53,Drizzle,False,,False,False
2025-09-29,Sausage Bun,140,52,49,3,Monday,9,Southwest Monsoon,False,24.2,2.5,53,Drizzle,False,,False,False
2025-09-29,Vegetable Roti,100,55,51,4,Monday,9,Southwest Monsoon,False,24.2,2.5,53,Drizzle,False,,False,False
2025-09-30,Chicken Bun,130,72,67,5,Tuesday,9,Southwest Monsoon,False,25.0,0.0,3,Cloudy,False,,False,False
2025-09-30,Chicken Pastry,180,92,87,5,Tuesday,9,Southwest Monsoon,False,25.0,0.0,3,Cloudy,False,,False,False
2025-09-30,Chicken Samosa,90,75,67,8,Tuesday,9,Southwest Monsoon,False,25.0,0.0,3,Cloudy,False,,False,False
2025-09-30,Cream Bun,120,61,54,7,Tuesday,9,Southwest Monsoon,False,25.0,0.0,3,Cloudy,False,,False,False
2025-09-30,Egg Roll,100,61,56,5,Tuesday,9,Southwest Monsoon,False,25.0,0.0,3,Cloudy,False,,False,False
2025-09-30,Fish Bun,120,73,68,5,Tuesday,9,Southwest Monsoon,False,25.0,0.0,3,Cloudy,False,,False,False
2025-09-30,Fish Patty,110,54,53,1,Tuesday,9,Southwest Monsoon,False,25.0,0.0,3,Cloudy,False,,False,False
2025-09-30,Mini Pizza,220,44,41,3,Tuesday,9,Southwest Monsoon,False,25.0,0.0,3,Cloudy,False,,False,False
2025-09-30,Sausage Bun,140,61,55,6,Tuesday,9,Southwest Monsoon,False,25.0,0.0,3,Cloudy,False,,False,False
2025-09-30,Vegetable Roti,100,65,56,9,Tuesday,9,Southwest Monsoon,False,25.0,0.0,3,Cloudy,False,,False,False
2025-10-01,Chicken Bun,130,64,61,3,Wednesday,10,Second Inter-monsoon,False,25.0,0.1,51,Drizzle,False,,False,False
2025-10-01,Chicken Pastry,180,102,94,8,Wednesday,10,Second Inter-monsoon,False,25.0,0.1,51,Drizzle,False,,False,False
2025-10-01,Chicken Samosa,90,69,58,11,Wednesday,10,Second Inter-monsoon,False,25.0,0.1,51,Drizzle,False,,False,False
2025-10-01,Cream Bun,120,54,50,4,Wednesday,10,Second Inter-monsoon,False,25.0,0.1,51,Drizzle,False,,False,False
2025-10-01,Egg Roll,100,54,52,2,Wednesday,10,Second Inter-monsoon,False,25.0,0.1,51,Drizzle,False,,False,False
2025-10-01,Fish Bun,120,91,85,6,Wednesday,10,Second Inter-monsoon,False,25.0,0.1,51,Drizzle,False,,False,False
2025-10-01,Fish Patty,110,57,54,3,Wednesday,10,Second Inter-monsoon,False,25.0,0.1,51,Drizzle,False,,False,False
2025-10-01,Mini Pizza,220,43,42,1,Wednesday,10,Second Inter-monsoon,False,25.0,0.1,51,Drizzle,False,,False,False
2025-10-01,Sausage Bun,140,66,60,6,Wednesday,10,Second Inter-monsoon,False,25.0,0.1,51,Drizzle,False,,False,False
2025-10-01,Vegetable Roti,100,66,61,5,Wednesday,10,Second Inter-monsoon,False,25.0,0.1,51,Drizzle,False,,False,False
2025-10-02,Chicken Bun,130,69,62,7,Thursday,10,Second Inter-monsoon,False,25.0,0.0,3,Cloudy,False,,False,False
2025-10-02,Chicken Pastry,180,110,98,12,Thursday,10,Second Inter-monsoon,False,25.0,0.0,3,Cloudy,False,,False,False
2025-10-02,Chicken Samosa,90,66,63,3,Thursday,10,Second Inter-monsoon,False,25.0,0.0,3,Cloudy,False,,False,False
2025-10-02,Cream Bun,120,50,46,4,Thursday,10,Second Inter-monsoon,False,25.0,0.0,3,Cloudy,False,,False,False
2025-10-02,Egg Roll,100,58,56,2,Thursday,10,Second Inter-monsoon,False,25.0,0.0,3,Cloudy,False,,False,False
2025-10-02,Fish Bun,120,73,68,5,Thursday,10,Second Inter-monsoon,False,25.0,0.0,3,Cloudy,False,,False,False
2025-10-02,Fish Patty,110,60,57,3,Thursday,10,Second Inter-monsoon,False,25.0,0.0,3,Cloudy,False,,False,False
2025-10-02,Mini Pizza,220,48,45,3,Thursday,10,Second Inter-monsoon,False,25.0,0.0,3,Cloudy,False,,False,False
2025-10-02,Sausage Bun,140,66,60,6,Thursday,10,Second Inter-monsoon,False,25.0,0.0,3,Cloudy,False,,False,False
2025-10-02,Vegetable Roti,100,60,53,7,Thursday,10,Second Inter-monsoon,False,25.0,0.0,3,Cloudy,False,,False,False
2025-10-03,Chicken Bun,130,60,54,6,Friday,10,Second Inter-monsoon,False,24.7,0.4,51,Drizzle,False,,False,False
2025-10-03,Chicken Pastry,180,83,77,6,Friday,10,Second Inter-monsoon,False,24.7,0.4,51,Drizzle,False,,False,False
2025-10-03,Chicken Samosa,90,68,63,5,Friday,10,Second Inter-monsoon,False,24.7,0.4,51,Drizzle,False,,False,False
2025-10-03,Cream Bun,120,50,45,5,Friday,10,Second Inter-monsoon,False,24.7,0.4,51,Drizzle,False,,False,False
2025-10-03,Egg Roll,100,66,60,6,Friday,10,Second Inter-monsoon,False,24.7,0.4,51,Drizzle,False,,False,False
2025-10-03,Fish Bun,120,78,76,2,Friday,10,Second Inter-monsoon,False,24.7,0.4,51,Drizzle,False,,False,False
2025-10-03,Fish Patty,110,66,60,6,Friday,10,Second Inter-monsoon,False,24.7,0.4,51,Drizzle,False,,False,False
2025-10-03,Mini Pizza,220,44,41,3,Friday,10,Second Inter-monsoon,False,24.7,0.4,51,Drizzle,False,,False,False
2025-10-03,Sausage Bun,140,59,55,4,Friday,10,Second Inter-monsoon,False,24.7,0.4,51,Drizzle,False,,False,False
2025-10-03,Vegetable Roti,100,51,48,3,Friday,10,Second Inter-monsoon,False,24.7,0.4,51,Drizzle,False,,False,False
2025-10-04,Chicken Bun,130,67,60,7,Saturday,10,Second Inter-monsoon,True,23.4,4.7,61,Rain,False,,False,False
2025-10-04,Chicken Pastry,180,83,76,7,Saturday,10,Second Inter-monsoon,True,23.4,4.7,61,Rain,False,,False,False
2025-10-04,Chicken Samosa,90,69,64,5,Saturday,10,Second Inter-monsoon,True,23.4,4.7,61,Rain,False,,False,False
2025-10-04,Cream Bun,120,48,44,4,Saturday,10,Second Inter-monsoon,True,23.4,4.7,61,Rain,False,,False,False
2025-10-04,Egg Roll,100,67,62,5,Saturday,10,Second Inter-monsoon,True,23.4,4.7,61,Rain,False,,False,False
2025-10-04,Fish Bun,120,75,73,2,Saturday,10,Second Inter-monsoon,True,23.4,4.7,61,Rain,False,,False,False
2025-10-04,Fish Patty,110,59,53,6,Saturday,10,Second Inter-monsoon,True,23.4,4.7,61,Rain,False,,False,False
2025-10-04,Mini Pizza,220,44,41,3,Saturday,10,Second Inter-monsoon,True,23.4,4.7,61,Rain,False,,False,False
2025-10-04,Sausage Bun,140,65,58,7,Saturday,10,Second Inter-monsoon,True,23.4,4.7,61,Rain,False,,False,False
2025-10-04,Vegetable Roti,100,62,56,6,Saturday,10,Second Inter-monsoon,True,23.4,4.7,61,Rain,False,,False,False
2025-10-05,Chicken Bun,130,77,67,10,Sunday,10,Second Inter-monsoon,True,23.1,1.7,53,Drizzle,False,,True,False
2025-10-05,Chicken Pastry,180,93,89,4,Sunday,10,Second Inter-monsoon,True,23.1,1.7,53,Drizzle,False,,True,False
2025-10-05,Chicken Samosa,90,86,79,7,Sunday,10,Second Inter-monsoon,True,23.1,1.7,53,Drizzle,False,,True,False
2025-10-05,Cream Bun,120,62,57,5,Sunday,10,Second Inter-monsoon,True,23.1,1.7,53,Drizzle,False,,True,False
2025-10-05,Egg Roll,100,76,72,4,Sunday,10,Second Inter-monsoon,True,23.1,1.7,53,Drizzle,False,,True,False
2025-10-05,Fish Bun,120,67,65,2,Sunday,10,Second Inter-monsoon,True,23.1,1.7,53,Drizzle,False,,True,False
2025-10-05,Fish Patty,110,58,56,2,Sunday,10,Second Inter-monsoon,True,23.1,1.7,53,Drizzle,False,,True,False
2025-10-05,Mini Pizza,220,51,45,6,Sunday,10,Second Inter-monsoon,True,23.1,1.7,53,Drizzle,False,,True,False
2025-10-05,Sausage Bun,140,59,56,3,Sunday,10,Second Inter-monsoon,True,23.1,1.7,53,Drizzle,False,,True,False
2025-10-05,Vegetable Roti,100,72,66,6,Sunday,10,Second Inter-monsoon,True,23.1,1.7,53,Drizzle,False,,True,False
2025-10-06,Chicken Bun,130,75,70,5,Monday,10,Second Inter-monsoon,False,23.3,1.2,53,Drizzle,True,Vap Full Moon Poya Day,False,False
2025-10-06,Chicken Pastry,180,107,94,13,Monday,10,Second Inter-monsoon,False,23.3,1.2,53,Drizzle,True,Vap Full Moon Poya Day,False,False
2025-10-06,Chicken Samosa,90,76,71,5,Monday,10,Second Inter-monsoon,False,23.3,1.2,53,Drizzle,True,Vap Full Moon Poya Day,False,False
2025-10-06,Cream Bun,120,55,51,4,Monday,10,Second Inter-monsoon,False,23.3,1.2,53,Drizzle,True,Vap Full Moon Poya Day,False,False
2025-10-06,Egg Roll,100,69,66,3,Monday,10,Second Inter-monsoon,False,23.3,1.2,53,Drizzle,True,Vap Full Moon Poya Day,False,False
2025-10-06,Fish Bun,120,79,73,6,Monday,10,Second Inter-monsoon,False,23.3,1.2,53,Drizzle,True,Vap Full Moon Poya Day,False,False
2025-10-06,Fish Patty,110,73,64,9,Monday,10,Second Inter-monsoon,False,23.3,1.2,53,Drizzle,True,Vap Full Moon Poya Day,False,False
2025-10-06,Mini Pizza,220,53,50,3,Monday,10,Second Inter-monsoon,False,23.3,1.2,53,Drizzle,True,Vap Full Moon Poya Day,False,False
2025-10-06,Sausage Bun,140,66,61,5,Monday,10,Second Inter-monsoon,False,23.3,1.2,53,Drizzle,True,Vap Full Moon Poya Day,False,False
2025-10-06,Vegetable Roti,100,59,56,3,Monday,10,Second Inter-monsoon,False,23.3,1.2,53,Drizzle,True,Vap Full Moon Poya Day,False,False
2025-10-07,Chicken Bun,130,62,58,4,Tuesday,10,Second Inter-monsoon,False,23.9,0.4,51,Drizzle,False,,False,True
2025-10-07,Chicken Pastry,180,92,86,6,Tuesday,10,Second Inter-monsoon,False,23.9,0.4,51,Drizzle,False,,False,True
2025-10-07,Chicken Samosa,90,68,65,3,Tuesday,10,Second Inter-monsoon,False,23.9,0.4,51,Drizzle,False,,False,True
2025-10-07,Cream Bun,120,53,50,3,Tuesday,10,Second Inter-monsoon,False,23.9,0.4,51,Drizzle,False,,False,True
2025-10-07,Egg Roll,100,72,66,6,Tuesday,10,Second Inter-monsoon,False,23.9,0.4,51,Drizzle,False,,False,True
2025-10-07,Fish Bun,120,77,76,1,Tuesday,10,Second Inter-monsoon,False,23.9,0.4,51,Drizzle,False,,False,True
2025-10-07,Fish Patty,110,52,50,2,Tuesday,10,Second Inter-monsoon,False,23.9,0.4,51,Drizzle,False,,False,True
2025-10-07,Mini Pizza,220,47,42,5,Tuesday,10,Second Inter-monsoon,False,23.9,0.4,51,Drizzle,False,,False,True
2025-10-07,Sausage Bun,140,61,61,0,Tuesday,10,Second Inter-monsoon,False,23.9,0.4,51,Drizzle,False,,False,True
2025-10-07,Vegetable Roti,100,64,58,6,Tuesday,10,Second Inter-monsoon,False,23.9,0.4,51,Drizzle,False,,False,True
2025-10-08,Chicken Bun,130,52,49,3,Wednesday,10,Second Inter-monsoon,False,23.7,5.2,61,Rain,False,,False,False
2025-10-08,Chicken Pastry,180,69,69,0,Wednesday,10,Second Inter-monsoon,False,23.7,5.2,61,Rain,False,,False,False
2025-10-08,Chicken Samosa,90,67,65,2,Wednesday,10,Second Inter-monsoon,False,23.7,5.2,61,Rain,False,,False,False
2025-10-08,Cream Bun,120,38,37,1,Wednesday,10,Second Inter-monsoon,False,23.7,5.2,61,Rain,False,,False,False
2025-10-08,Egg Roll,100,53,50,3,Wednesday,10,Second Inter-monsoon,False,23.7,5.2,61,Rain,False,,False,False
2025-10-08,Fish Bun,120,67,60,7,Wednesday,10,Second Inter-monsoon,False,23.7,5.2,61,Rain,False,,False,False
2025-10-08,Fish Patty,110,57,52,5,Wednesday,10,Second Inter-monsoon,False,23.7,5.2,61,Rain,False,,False,False
2025-10-08,Mini Pizza,220,36,33,3,Wednesday,10,Second Inter-monsoon,False,23.7,5.2,61,Rain,False,,False,False
2025-10-08,Sausage Bun,140,45,42,3,Wednesday,10,Second Inter-monsoon,False,23.7,5.2,61,Rain,False,,False,False
2025-10-08,Vegetable Roti,100,43,42,1,Wednesday,10,Second Inter-monsoon,False,23.7,5.2,61,Rain,False,,False,False
2025-10-09,Chicken Bun,130,64,60,4,Thursday,10,Second Inter-monsoon,False,24.0,0.9,53,Drizzle,False,,False,False
2025-10-09,Chicken Pastry,180,92,86,6,Thursday,10,Second Inter-monsoon,False,24.0,0.9,53,Drizzle,False,,False,False
2025-10-09,Chicken Samosa,90,72,65,7,Thursday,10,Second Inter-monsoon,False,24.0,0.9,53,Drizzle,False,,False,False
2025-10-09,Cream Bun,120,48,44,4,Thursday,10,Second Inter-monsoon,False,24.0,0.9,53,Drizzle,False,,False,False
2025-10-09,Egg Roll,100,56,56,0,Thursday,10,Second Inter-monsoon,False,24.0,0.9,53,Drizzle,False,,False,False
2025-10-09,Fish Bun,120,76,71,5,Thursday,10,Second Inter-monsoon,False,24.0,0.9,53,Drizzle,False,,False,False
2025-10-09,Fish Patty,110,52,47,5,Thursday,10,Second Inter-monsoon,False,24.0,0.9,53,Drizzle,False,,False,False
2025-10-09,Mini Pizza,220,49,46,3,Thursday,10,Second Inter-monsoon,False,24.0,0.9,53,Drizzle,False,,False,False
2025-10-09,Sausage Bun,140,56,54,2,Thursday,10,Second Inter-monsoon,False,24.0,0.9,53,Drizzle,False,,False,False
2025-10-09,Vegetable Roti,100,65,60,5,Thursday,10,Second Inter-monsoon,False,24.0,0.9,53,Drizzle,False,,False,False
2025-10-10,Chicken Bun,130,57,55,2,Friday,10,Second Inter-monsoon,False,23.2,5.1,63,Rain,False,,False,False
2025-10-10,Chicken Pastry,180,74,70,4,Friday,10,Second Inter-monsoon,False,23.2,5.1,63,Rain,False,,False,False
2025-10-10,Chicken Samosa,90,59,57,2,Friday,10,Second Inter-monsoon,False,23.2,5.1,63,Rain,False,,False,False
2025-10-10,Cream Bun,120,37,37,0,Friday,10,Second Inter-monsoon,False,23.2,5.1,63,Rain,False,,False,False
2025-10-10,Egg Roll,100,56,53,3,Friday,10,Second Inter-monsoon,False,23.2,5.1,63,Rain,False,,False,False
2025-10-10,Fish Bun,120,69,67,2,Friday,10,Second Inter-monsoon,False,23.2,5.1,63,Rain,False,,False,False
2025-10-10,Fish Patty,110,50,49,1,Friday,10,Second Inter-monsoon,False,23.2,5.1,63,Rain,False,,False,False
2025-10-10,Mini Pizza,220,35,33,2,Friday,10,Second Inter-monsoon,False,23.2,5.1,63,Rain,False,,False,False
2025-10-10,Sausage Bun,140,49,44,5,Friday,10,Second Inter-monsoon,False,23.2,5.1,63,Rain,False,,False,False
2025-10-10,Vegetable Roti,100,59,54,5,Friday,10,Second Inter-monsoon,False,23.2,5.1,63,Rain,False,,False,False
2025-10-11,Chicken Bun,130,78,69,9,Saturday,10,Second Inter-monsoon,True,23.4,1.5,53,Drizzle,False,,False,False
2025-10-11,Chicken Pastry,180,103,96,7,Saturday,10,Second Inter-monsoon,True,23.4,1.5,53,Drizzle,False,,False,False
2025-10-11,Chicken Samosa,90,77,70,7,Saturday,10,Second Inter-monsoon,True,23.4,1.5,53,Drizzle,False,,False,False
2025-10-11,Cream Bun,120,58,52,6,Saturday,10,Second Inter-monsoon,True,23.4,1.5,53,Drizzle,False,,False,False
2025-10-11,Egg Roll,100,65,63,2,Saturday,10,Second Inter-monsoon,True,23.4,1.5,53,Drizzle,False,,False,False
2025-10-11,Fish Bun,120,92,86,6,Saturday,10,Second Inter-monsoon,True,23.4,1.5,53,Drizzle,False,,False,False
2025-10-11,Fish Patty,110,58,55,3,Saturday,10,Second Inter-monsoon,True,23.4,1.5,53,Drizzle,False,,False,False
2025-10-11,Mini Pizza,220,49,46,3,Saturday,10,Second Inter-monsoon,True,23.4,1.5,53,Drizzle,False,,False,False
2025-10-11,Sausage Bun,140,73,65,8,Saturday,10,Second Inter-monsoon,True,23.4,1.5,53,Drizzle,False,,False,False
2025-10-11,Vegetable Roti,100,62,57,5,Saturday,10,Second Inter-monsoon,True,23.4,1.5,53,Drizzle,False,,False,False
2025-10-12,Chicken Bun,130,74,68,6,Sunday,10,Second Inter-monsoon,True,24.7,1.4,53,Drizzle,False,,False,False
2025-10-12,Chicken Pastry,180,108,100,8,Sunday,10,Second Inter-monsoon,True,24.7,1.4,53,Drizzle,False,,False,False
2025-10-12,Chicken Samosa,90,77,71,6,Sunday,10,Second Inter-monsoon,True,24.7,1.4,53,Drizzle,False,,False,False
2025-10-12,Cream Bun,120,50,46,4,Sunday,10,Second Inter-monsoon,True,24.7,1.4,53,Drizzle,False,,False,False
2025-10-12,Egg Roll,100,74,66,8,Sunday,10,Second Inter-monsoon,True,24.7,1.4,53,Drizzle,False,,False,False
2025-10-12,Fish Bun,120,87,82,5,Sunday,10,Second Inter-monsoon,True,24.7,1.4,53,Drizzle,False,,False,False
2025-10-12,Fish Patty,110,62,59,3,Sunday,10,Second Inter-monsoon,True,24.7,1.4,53,Drizzle,False,,False,False
2025-10-12,Mini Pizza,220,52,49,3,Sunday,10,Second Inter-monsoon,True,24.7,1.4,53,Drizzle,False,,False,False
2025-10-12,Sausage Bun,140,60,56,4,Sunday,10,Second Inter-monsoon,True,24.7,1.4,53,Drizzle,False,,False,False
2025-10-12,Vegetable Roti,100,66,61,5,Sunday,10,Second Inter-monsoon,True,24.7,1.4,53,Drizzle,False,,False,False
2025-10-13,Chicken Bun,130,52,49,3,Monday,10,Second Inter-monsoon,False,23.9,32.5,65,Rain,False,,False,False
2025-10-13,Chicken Pastry,180,66,60,6,Monday,10,Second Inter-monsoon,False,23.9,32.5,65,Rain,False,,False,False
2025-10-13,Chicken Samosa,90,54,47,7,Monday,10,Second Inter-monsoon,False,23.9,32.5,65,Rain,False,,False,False
2025-10-13,Cream Bun,120,41,37,4,Monday,10,Second Inter-monsoon,False,23.9,32.5,65,Rain,False,,False,False
2025-10-13,Egg Roll,100,45,43,2,Monday,10,Second Inter-monsoon,False,23.9,32.5,65,Rain,False,,False,False
2025-10-13,Fish Bun,120,57,49,8,Monday,10,Second Inter-monsoon,False,23.9,32.5,65,Rain,False,,False,False
2025-10-13,Fish Patty,110,39,38,1,Monday,10,Second Inter-monsoon,False,23.9,32.5,65,Rain,False,,False,False
2025-10-13,Mini Pizza,220,29,28,1,Monday,10,Second Inter-monsoon,False,23.9,32.5,65,Rain,False,,False,False
2025-10-13,Sausage Bun,140,50,43,7,Monday,10,Second Inter-monsoon,False,23.9,32.5,65,Rain,False,,False,False
2025-10-13,Vegetable Roti,100,41,37,4,Monday,10,Second Inter-monsoon,False,23.9,32.5,65,Rain,False,,False,False
2025-10-14,Chicken Bun,130,51,47,4,Tuesday,10,Second Inter-monsoon,False,24.2,5.8,63,Rain,False,,False,False
2025-10-14,Chicken Pastry,180,90,80,10,Tuesday,10,Second Inter-monsoon,False,24.2,5.8,63,Rain,False,,False,False
2025-10-14,Chicken Samosa,90,64,59,5,Tuesday,10,Second Inter-monsoon,False,24.2,5.8,63,Rain,False,,False,False
2025-10-14,Cream Bun,120,35,33,2,Tuesday,10,Second Inter-monsoon,False,24.2,5.8,63,Rain,False,,False,False
2025-10-14,Egg Roll,100,51,48,3,Tuesday,10,Second Inter-monsoon,False,24.2,5.8,63,Rain,False,,False,False
2025-10-14,Fish Bun,120,63,60,3,Tuesday,10,Second Inter-monsoon,False,24.2,5.8,63,Rain,False,,False,False
2025-10-14,Fish Patty,110,51,46,5,Tuesday,10,Second Inter-monsoon,False,24.2,5.8,63,Rain,False,,False,False
2025-10-14,Mini Pizza,220,35,32,3,Tuesday,10,Second Inter-monsoon,False,24.2,5.8,63,Rain,False,,False,False
2025-10-14,Sausage Bun,140,49,46,3,Tuesday,10,Second Inter-monsoon,False,24.2,5.8,63,Rain,False,,False,False
2025-10-14,Vegetable Roti,100,59,55,4,Tuesday,10,Second Inter-monsoon,False,24.2,5.8,63,Rain,False,,False,False
2025-10-15,Chicken Bun,130,49,45,4,Wednesday,10,Second Inter-monsoon,False,23.6,39.2,65,Rain,False,,False,False
2025-10-15,Chicken Pastry,180,66,60,6,Wednesday,10,Second Inter-monsoon,False,23.6,39.2,65,Rain,False,,False,False
2025-10-15,Chicken Samosa,90,58,53,5,Wednesday,10,Second Inter-monsoon,False,23.6,39.2,65,Rain,False,,False,False
2025-10-15,Cream Bun,120,37,33,4,Wednesday,10,Second Inter-monsoon,False,23.6,39.2,65,Rain,False,,False,False
2025-10-15,Egg Roll,100,44,41,3,Wednesday,10,Second Inter-monsoon,False,23.6,39.2,65,Rain,False,,False,False
2025-10-15,Fish Bun,120,54,51,3,Wednesday,10,Second Inter-monsoon,False,23.6,39.2,65,Rain,False,,False,False
2025-10-15,Fish Patty,110,39,35,4,Wednesday,10,Second Inter-monsoon,False,23.6,39.2,65,Rain,False,,False,False
2025-10-15,Mini Pizza,220,32,30,2,Wednesday,10,Second Inter-monsoon,False,23.6,39.2,65,Rain,False,,False,False
2025-10-15,Sausage Bun,140,46,41,5,Wednesday,10,Second Inter-monsoon,False,23.6,39.2,65,Rain,False,,False,False
2025-10-15,Vegetable Roti,100,50,46,4,Wednesday,10,Second Inter-monsoon,False,23.6,39.2,65,Rain,False,,False,False
2025-10-16,Chicken Bun,130,55,48,7,Thursday,10,Second Inter-monsoon,False,23.6,34.9,65,Rain,False,,False,False
2025-10-16,Chicken Pastry,180,80,75,5,Thursday,10,Second Inter-monsoon,False,23.6,34.9,65,Rain,False,,False,False
2025-10-16,Chicken Samosa,90,50,46,4,Thursday,10,Second Inter-monsoon,False,23.6,34.9,65,Rain,False,,False,False
2025-10-16,Cream Bun,120,42,38,4,Thursday,10,Second Inter-monsoon,False,23.6,34.9,65,Rain,False,,False,False
2025-10-16,Egg Roll,100,39,38,1,Thursday,10,Second Inter-monsoon,False,23.6,34.9,65,Rain,False,,False,False
2025-10-16,Fish Bun,120,61,53,8,Thursday,10,Second Inter-monsoon,False,23.6,34.9,65,Rain,False,,False,False
2025-10-16,Fish Patty,110,37,34,3,Thursday,10,Second Inter-monsoon,False,23.6,34.9,65,Rain,False,,False,False
2025-10-16,Mini Pizza,220,32,31,1,Thursday,10,Second Inter-monsoon,False,23.6,34.9,65,Rain,False,,False,False
2025-10-16,Sausage Bun,140,52,47,5,Thursday,10,Second Inter-monsoon,False,23.6,34.9,65,Rain,False,,False,False
2025-10-16,Vegetable Roti,100,42,38,4,Thursday,10,Second Inter-monsoon,False,23.6,34.9,65,Rain,False,,False,False
2025-10-17,Chicken Bun,130,48,43,5,Friday,10,Second Inter-monsoon,False,23.8,16.6,65,Rain,False,,False,False
2025-10-17,Chicken Pastry,180,65,65,0,Friday,10,Second Inter-monsoon,False,23.8,16.6,65,Rain,False,,False,False
2025-10-17,Chicken Samosa,90,49,47,2,Friday,10,Second Inter-monsoon,False,23.8,16.6,65,Rain,False,,False,False
2025-10-17,Cream Bun,120,40,39,1,Friday,10,Second Inter-monsoon,False,23.8,16.6,65,Rain,False,,False,False
2025-10-17,Egg Roll,100,51,45,6,Friday,10,Second Inter-monsoon,False,23.8,16.6,65,Rain,False,,False,False
2025-10-17,Fish Bun,120,55,51,4,Friday,10,Second Inter-monsoon,False,23.8,16.6,65,Rain,False,,False,False
2025-10-17,Fish Patty,110,36,33,3,Friday,10,Second Inter-monsoon,False,23.8,16.6,65,Rain,False,,False,False
2025-10-17,Mini Pizza,220,34,34,0,Friday,10,Second Inter-monsoon,False,23.8,16.6,65,Rain,False,,False,False
2025-10-17,Sausage Bun,140,50,44,6,Friday,10,Second Inter-monsoon,False,23.8,16.6,65,Rain,False,,False,False
2025-10-17,Vegetable Roti,100,43,41,2,Friday,10,Second Inter-monsoon,False,23.8,16.6,65,Rain,False,,False,False
2025-10-18,Chicken Bun,130,56,51,5,Saturday,10,Second Inter-monsoon,True,23.6,14.3,65,Rain,False,,False,False
2025-10-18,Chicken Pastry,180,82,75,7,Saturday,10,Second Inter-monsoon,True,23.6,14.3,65,Rain,False,,False,False
2025-10-18,Chicken Samosa,90,63,57,6,Saturday,10,Second Inter-monsoon,True,23.6,14.3,65,Rain,False,,False,False
2025-10-18,Cream Bun,120,45,42,3,Saturday,10,Second Inter-monsoon,True,23.6,14.3,65,Rain,False,,False,False
2025-10-18,Egg Roll,100,54,50,4,Saturday,10,Second Inter-monsoon,True,23.6,14.3,65,Rain,False,,False,False
2025-10-18,Fish Bun,120,49,46,3,Saturday,10,Second Inter-monsoon,True,23.6,14.3,65,Rain,False,,False,False
2025-10-18,Fish Patty,110,42,39,3,Saturday,10,Second Inter-monsoon,True,23.6,14.3,65,Rain,False,,False,False
2025-10-18,Mini Pizza,220,37,34,3,Saturday,10,Second Inter-monsoon,True,23.6,14.3,65,Rain,False,,False,False
2025-10-18,Sausage Bun,140,54,51,3,Saturday,10,Second Inter-monsoon,True,23.6,14.3,65,Rain,False,,False,False
2025-10-18,Vegetable Roti,100,48,45,3,Saturday,10,Second Inter-monsoon,True,23.6,14.3,65,Rain,False,,False,False
2025-10-19,Chicken Bun,130,57,50,7,Sunday,10,Second Inter-monsoon,True,22.8,32.1,65,Rain,False,,True,False
2025-10-19,Chicken Pastry,180,74,65,9,Sunday,10,Second Inter-monsoon,True,22.8,32.1,65,Rain,False,,True,False
2025-10-19,Chicken Samosa,90,60,53,7,Sunday,10,Second Inter-monsoon,True,22.8,32.1,65,Rain,False,,True,False
2025-10-19,Cream Bun,120,41,38,3,Sunday,10,Second Inter-monsoon,True,22.8,32.1,65,Rain,False,,True,False
2025-10-19,Egg Roll,100,49,44,5,Sunday,10,Second Inter-monsoon,True,22.8,32.1,65,Rain,False,,True,False
2025-10-19,Fish Bun,120,65,61,4,Sunday,10,Second Inter-monsoon,True,22.8,32.1,65,Rain,False,,True,False
2025-10-19,Fish Patty,110,46,40,6,Sunday,10,Second Inter-monsoon,True,22.8,32.1,65,Rain,False,,True,False
2025-10-19,Mini Pizza,220,45,42,3,Sunday,10,Second Inter-monsoon,True,22.8,32.1,65,Rain,False,,True,False
2025-10-19,Sausage Bun,140,55,50,5,Sunday,10,Second Inter-monsoon,True,22.8,32.1,65,Rain,False,,True,False
2025-10-19,Vegetable Roti,100,46,40,6,Sunday,10,Second Inter-monsoon,True,22.8,32.1,65,Rain,False,,True,False
2025-10-20,Chicken Bun,130,66,61,5,Monday,10,Second Inter-monsoon,False,22.3,57.9,65,Rain,True,Diwali,False,False
2025-10-20,Chicken Pastry,180,83,75,8,Monday,10,Second Inter-monsoon,False,22.3,57.9,65,Rain,True,Diwali,False,False
2025-10-20,Chicken Samosa,90,59,56,3,Monday,10,Second Inter-monsoon,False,22.3,57.9,65,Rain,True,Diwali,False,False
2025-10-20,Cream Bun,120,44,42,2,Monday,10,Second Inter-monsoon,False,22.3,57.9,65,Rain,True,Diwali,False,False
2025-10-20,Egg Roll,100,55,52,3,Monday,10,Second Inter-monsoon,False,22.3,57.9,65,Rain,True,Diwali,False,False
2025-10-20,Fish Bun,120,67,62,5,Monday,10,Second Inter-monsoon,False,22.3,57.9,65,Rain,True,Diwali,False,False
2025-10-20,Fish Patty,110,52,46,6,Monday,10,Second Inter-monsoon,False,22.3,57.9,65,Rain,True,Diwali,False,False
2025-10-20,Mini Pizza,220,46,42,4,Monday,10,Second Inter-monsoon,False,22.3,57.9,65,Rain,True,Diwali,False,False
2025-10-20,Sausage Bun,140,62,59,3,Monday,10,Second Inter-monsoon,False,22.3,57.9,65,Rain,True,Diwali,False,False
2025-10-20,Vegetable Roti,100,50,46,4,Monday,10,Second Inter-monsoon,False,22.3,57.9,65,Rain,True,Diwali,False,False
2025-10-21,Chicken Bun,130,47,42,5,Tuesday,10,Second Inter-monsoon,False,22.1,37.1,63,Rain,False,,False,True
2025-10-21,Chicken Pastry,180,65,61,4,Tuesday,10,Second Inter-monsoon,False,22.1,37.1,63,Rain,False,,False,True
2025-10-21,Chicken Samosa,90,52,50,2,Tuesday,10,Second Inter-monsoon,False,22.1,37.1,63,Rain,False,,False,True
2025-10-21,Cream Bun,120,38,35,3,Tuesday,10,Second Inter-monsoon,False,22.1,37.1,63,Rain,False,,False,True
2025-10-21,Egg Roll,100,47,44,3,Tuesday,10,Second Inter-monsoon,False,22.1,37.1,63,Rain,False,,False,True
2025-10-21,Fish Bun,120,56,50,6,Tuesday,10,Second Inter-monsoon,False,22.1,37.1,63,Rain,False,,False,True
2025-10-21,Fish Patty,110,42,38,4,Tuesday,10,Second Inter-monsoon,False,22.1,37.1,63,Rain,False,,False,True
2025-10-21,Mini Pizza,220,29,28,1,Tuesday,10,Second Inter-monsoon,False,22.1,37.1,63,Rain,False,,False,True
2025-10-21,Sausage Bun,140,43,41,2,Tuesday,10,Second Inter-monsoon,False,22.1,37.1,63,Rain,False,,False,True
2025-10-21,Vegetable Roti,100,45,41,4,Tuesday,10,Second Inter-monsoon,False,22.1,37.1,63,Rain,False,,False,True
2025-10-22,Chicken Bun,130,66,62,4,Wednesday,10,Second Inter-monsoon,False,22.9,3.3,61,Rain,False,,False,False
2025-10-22,Chicken Pastry,180,73,70,3,Wednesday,10,Second Inter-monsoon,False,22.9,3.3,61,Rain,False,,False,False
2025-10-22,Chicken Samosa,90,67,63,4,Wednesday,10,Second Inter-monsoon,False,22.9,3.3,61,Rain,False,,False,False
2025-10-22,Cream Bun,120,48,44,4,Wednesday,10,Second Inter-monsoon,False,22.9,3.3,61,Rain,False,,False,False
2025-10-22,Egg Roll,100,61,55,6,Wednesday,10,Second Inter-monsoon,False,22.9,3.3,61,Rain,False,,False,False
2025-10-22,Fish Bun,120,70,66,4,Wednesday,10,Second Inter-monsoon,False,22.9,3.3,61,Rain,False,,False,False
2025-10-22,Fish Patty,110,46,44,2,Wednesday,10,Second Inter-monsoon,False,22.9,3.3,61,Rain,False,,False,False
2025-10-22,Mini Pizza,220,42,39,3,Wednesday,10,Second Inter-monsoon,False,22.9,3.3,61,Rain,False,,False,False
2025-10-22,Sausage Bun,140,67,60,7,Wednesday,10,Second Inter-monsoon,False,22.9,3.3,61,Rain,False,,False,False
2025-10-22,Vegetable Roti,100,67,58,9,Wednesday,10,Second Inter-monsoon,False,22.9,3.3,61,Rain,False,,False,False
2025-10-23,Chicken Bun,130,69,63,6,Thursday,10,Second Inter-monsoon,False,22.7,1.6,51,Drizzle,False,,False,False
2025-10-23,Chicken Pastry,180,85,75,10,Thursday,10,Second Inter-monsoon,False,22.7,1.6,51,Drizzle,False,,False,False
2025-10-23,Chicken Samosa,90,75,73,2,Thursday,10,Second Inter-monsoon,False,22.7,1.6,51,Drizzle,False,,False,False
2025-10-23,Cream Bun,120,53,48,5,Thursday,10,Second Inter-monsoon,False,22.7,1.6,51,Drizzle,False,,False,False
2025-10-23,Egg Roll,100,68,64,4,Thursday,10,Second Inter-monsoon,False,22.7,1.6,51,Drizzle,False,,False,False
2025-10-23,Fish Bun,120,79,74,5,Thursday,10,Second Inter-monsoon,False,22.7,1.6,51,Drizzle,False,,False,False
2025-10-23,Fish Patty,110,50,47,3,Thursday,10,Second Inter-monsoon,False,22.7,1.6,51,Drizzle,False,,False,False
2025-10-23,Mini Pizza,220,42,41,1,Thursday,10,Second Inter-monsoon,False,22.7,1.6,51,Drizzle,False,,False,False
2025-10-23,Sausage Bun,140,62,59,3,Thursday,10,Second Inter-monsoon,False,22.7,1.6,51,Drizzle,False,,False,False
2025-10-23,Vegetable Roti,100,52,47,5,Thursday,10,Second Inter-monsoon,False,22.7,1.6,51,Drizzle,False,,False,False
2025-10-24,Chicken Bun,130,57,55,2,Friday,10,Second Inter-monsoon,False,22.7,7.1,61,Rain,False,,False,False
2025-10-24,Chicken Pastry,180,68,66,2,Friday,10,Second Inter-monsoon,False,22.7,7.1,61,Rain,False,,False,False
2025-10-24,Chicken Samosa,90,71,65,6,Friday,10,Second Inter-monsoon,False,22.7,7.1,61,Rain,False,,False,False
2025-10-24,Cream Bun,120,36,33,3,Friday,10,Second Inter-monsoon,False,22.7,7.1,61,Rain,False,,False,False
2025-10-24,Egg Roll,100,54,48,6,Friday,10,Second Inter-monsoon,False,22.7,7.1,61,Rain,False,,False,False
2025-10-24,Fish Bun,120,64,59,5,Friday,10,Second Inter-monsoon,False,22.7,7.1,61,Rain,False,,False,False
2025-10-24,Fish Patty,110,51,45,6,Friday,10,Second Inter-monsoon,False,22.7,7.1,61,Rain,False,,False,False
2025-10-24,Mini Pizza,220,36,34,2,Friday,10,Second Inter-monsoon,False,22.7,7.1,61,Rain,False,,False,False
2025-10-24,Sausage Bun,140,50,48,2,Friday,10,Second Inter-monsoon,False,22.7,7.1,61,Rain,False,,False,False
2025-10-24,Vegetable Roti,100,53,50,3,Friday,10,Second Inter-monsoon,False,22.7,7.1,61,Rain,False,,False,False
2025-10-25,Chicken Bun,130,64,60,4,Saturday,10,Second Inter-monsoon,True,22.6,6.2,61,Rain,False,,False,False
2025-10-25,Chicken Pastry,180,76,72,4,Saturday,10,Second Inter-monsoon,True,22.6,6.2,61,Rain,False,,False,False
2025-10-25,Chicken Samosa,90,79,71,8,Saturday,10,Second Inter-monsoon,True,22.6,6.2,61,Rain,False,,False,False
2025-10-25,Cream Bun,120,48,41,7,Saturday,10,Second Inter-monsoon,True,22.6,6.2,61,Rain,False,,False,False
2025-10-25,Egg Roll,100,56,54,2,Saturday,10,Second Inter-monsoon,True,22.6,6.2,61,Rain,False,,False,False
2025-10-25,Fish Bun,120,73,67,6,Saturday,10,Second Inter-monsoon,True,22.6,6.2,61,Rain,False,,False,False
2025-10-25,Fish Patty,110,56,52,4,Saturday,10,Second Inter-monsoon,True,22.6,6.2,61,Rain,False,,False,False
2025-10-25,Mini Pizza,220,37,37,0,Saturday,10,Second Inter-monsoon,True,22.6,6.2,61,Rain,False,,False,False
2025-10-25,Sausage Bun,140,62,58,4,Saturday,10,Second Inter-monsoon,True,22.6,6.2,61,Rain,False,,False,False
2025-10-25,Vegetable Roti,100,53,48,5,Saturday,10,Second Inter-monsoon,True,22.6,6.2,61,Rain,False,,False,False
2025-10-26,Chicken Bun,130,62,60,2,Sunday,10,Second Inter-monsoon,True,23.0,0.0,3,Cloudy,False,,False,False
2025-10-26,Chicken Pastry,180,99,96,3,Sunday,10,Second Inter-monsoon,True,23.0,0.0,3,Cloudy,False,,False,False
2025-10-26,Chicken Samosa,90,82,77,5,Sunday,10,Second Inter-monsoon,True,23.0,0.0,3,Cloudy,False,,False,False
2025-10-26,Cream Bun,120,60,54,6,Sunday,10,Second Inter-monsoon,True,23.0,0.0,3,Cloudy,False,,False,False
2025-10-26,Egg Roll,100,72,65,7,Sunday,10,Second Inter-monsoon,True,23.0,0.0,3,Cloudy,False,,False,False
2025-10-26,Fish Bun,120,80,73,7,Sunday,10,Second Inter-monsoon,True,23.0,0.0,3,Cloudy,False,,False,False
2025-10-26,Fish Patty,110,67,60,7,Sunday,10,Second Inter-monsoon,True,23.0,0.0,3,Cloudy,False,,False,False
2025-10-26,Mini Pizza,220,52,51,1,Sunday,10,Second Inter-monsoon,True,23.0,0.0,3,Cloudy,False,,False,False
2025-10-26,Sausage Bun,140,79,74,5,Sunday,10,Second Inter-monsoon,True,23.0,0.0,3,Cloudy,False,,False,False
2025-10-26,Vegetable Roti,100,67,60,7,Sunday,10,Second Inter-monsoon,True,23.0,0.0,3,Cloudy,False,,False,False
2025-10-27,Chicken Bun,130,70,65,5,Monday,10,Second Inter-monsoon,False,23.2,1.0,51,Drizzle,False,,False,False
2025-10-27,Chicken Pastry,180,111,105,6,Monday,10,Second Inter-monsoon,False,23.2,1.0,51,Drizzle,False,,False,False
2025-10-27,Chicken Samosa,90,63,59,4,Monday,10,Second Inter-monsoon,False,23.2,1.0,51,Drizzle,False,,False,False
2025-10-27,Cream Bun,120,45,42,3,Monday,10,Second Inter-monsoon,False,23.2,1.0,51,Drizzle,False,,False,False
2025-10-27,Egg Roll,100,59,54,5,Monday,10,Second Inter-monsoon,False,23.2,1.0,51,Drizzle,False,,False,False
2025-10-27,Fish Bun,120,91,82,9,Monday,10,Second Inter-monsoon,False,23.2,1.0,51,Drizzle,False,,False,False
2025-10-27,Fish Patty,110,62,56,6,Monday,10,Second Inter-monsoon,False,23.2,1.0,51,Drizzle,False,,False,False
2025-10-27,Mini Pizza,220,45,42,3,Monday,10,Second Inter-monsoon,False,23.2,1.0,51,Drizzle,False,,False,False
2025-10-27,Sausage Bun,140,59,58,1,Monday,10,Second Inter-monsoon,False,23.2,1.0,51,Drizzle,False,,False,False
2025-10-27,Vegetable Roti,100,62,58,4,Monday,10,Second Inter-monsoon,False,23.2,1.0,51,Drizzle,False,,False,False
2025-10-28,Chicken Bun,130,65,58,7,Tuesday,10,Second Inter-monsoon,False,24.2,3.7,53,Drizzle,False,,False,False
2025-10-28,Chicken Pastry,180,86,75,11,Tuesday,10,Second Inter-monsoon,False,24.2,3.7,53,Drizzle,False,,False,False
2025-10-28,Chicken Samosa,90,69,65,4,Tuesday,10,Second Inter-monsoon,False,24.2,3.7,53,Drizzle,False,,False,False
2025-10-28,Cream Bun,120,49,43,6,Tuesday,10,Second Inter-monsoon,False,24.2,3.7,53,Drizzle,False,,False,False
2025-10-28,Egg Roll,100,55,54,1,Tuesday,10,Second Inter-monsoon,False,24.2,3.7,53,Drizzle,False,,False,False
2025-10-28,Fish Bun,120,76,68,8,Tuesday,10,Second Inter-monsoon,False,24.2,3.7,53,Drizzle,False,,False,False
2025-10-28,Fish Patty,110,50,48,2,Tuesday,10,Second Inter-monsoon,False,24.2,3.7,53,Drizzle,False,,False,False
2025-10-28,Mini Pizza,220,32,31,1,Tuesday,10,Second Inter-monsoon,False,24.2,3.7,53,Drizzle,False,,False,False
2025-10-28,Sausage Bun,140,59,59,0,Tuesday,10,Second Inter-monsoon,False,24.2,3.7,53,Drizzle,False,,False,False
2025-10-28,Vegetable Roti,100,58,55,3,Tuesday,10,Second Inter-monsoon,False,24.2,3.7,53,Drizzle,False,,False,False
2025-10-29,Chicken Bun,130,73,69,4,Wednesday,10,Second Inter-monsoon,False,24.1,0.0,2,Cloudy,False,,False,False
2025-10-29,Chicken Pastry,180,92,86,6,Wednesday,10,Second Inter-monsoon,False,24.1,0.0,2,Cloudy,False,,False,False
2025-10-29,Chicken Samosa,90,72,67,5,Wednesday,10,Second Inter-monsoon,False,24.1,0.0,2,Cloudy,False,,False,False
2025-10-29,Cream Bun,120,45,44,1,Wednesday,10,Second Inter-monsoon,False,24.1,0.0,2,Cloudy,False,,False,False
2025-10-29,Egg Roll,100,58,54,4,Wednesday,10,Second Inter-monsoon,False,24.1,0.0,2,Cloudy,False,,False,False
2025-10-29,Fish Bun,120,76,74,2,Wednesday,10,Second Inter-monsoon,False,24.1,0.0,2,Cloudy,False,,False,False
2025-10-29,Fish Patty,110,51,51,0,Wednesday,10,Second Inter-monsoon,False,24.1,0.0,2,Cloudy,False,,False,False
2025-10-29,Mini Pizza,220,46,44,2,Wednesday,10,Second Inter-monsoon,False,24.1,0.0,2,Cloudy,False,,False,False
2025-10-29,Sausage Bun,140,54,52,2,Wednesday,10,Second Inter-monsoon,False,24.1,0.0,2,Cloudy,False,,False,False
2025-10-29,Vegetable Roti,100,66,61,5,Wednesday,10,Second Inter-monsoon,False,24.1,0.0,2,Cloudy,False,,False,False
2025-10-30,Chicken Bun,130,67,59,8,Thursday,10,Second Inter-monsoon,False,23.9,0.4,51,Drizzle,False,,False,False
2025-10-30,Chicken Pastry,180,104,102,2,Thursday,10,Second Inter-monsoon,False,23.9,0.4,51,Drizzle,False,,False,False
2025-10-30,Chicken Samosa,90,74,63,11,Thursday,10,Second Inter-monsoon,False,23.9,0.4,51,Drizzle,False,,False,False
2025-10-30,Cream Bun,120,56,51,5,Thursday,10,Second Inter-monsoon,False,23.9,0.4,51,Drizzle,False,,False,False
2025-10-30,Egg Roll,100,60,55,5,Thursday,10,Second Inter-monsoon,False,23.9,0.4,51,Drizzle,False,,False,False
2025-10-30,Fish Bun,120,79,73,6,Thursday,10,Second Inter-monsoon,False,23.9,0.4,51,Drizzle,False,,False,False
2025-10-30,Fish Patty,110,59,59,0,Thursday,10,Second Inter-monsoon,False,23.9,0.4,51,Drizzle,False,,False,False
2025-10-30,Mini Pizza,220,51,46,5,Thursday,10,Second Inter-monsoon,False,23.9,0.4,51,Drizzle,False,,False,False
2025-10-30,Sausage Bun,140,65,64,1,Thursday,10,Second Inter-monsoon,False,23.9,0.4,51,Drizzle,False,,False,False
2025-10-30,Vegetable Roti,100,64,59,5,Thursday,10,Second Inter-monsoon,False,23.9,0.4,51,Drizzle,False,,False,False
2025-10-31,Chicken Bun,130,75,68,7,Friday,10,Second Inter-monsoon,False,24.5,0.0,3,Cloudy,False,,False,False
2025-10-31,Chicken Pastry,180,97,97,0,Friday,10,Second Inter-monsoon,False,24.5,0.0,3,Cloudy,False,,False,False
2025-10-31,Chicken Samosa,90,64,61,3,Friday,10,Second Inter-monsoon,False,24.5,0.0,3,Cloudy,False,,False,False
2025-10-31,Cream Bun,120,54,51,3,Friday,10,Second Inter-monsoon,False,24.5,0.0,3,Cloudy,False,,False,False
2025-10-31,Egg Roll,100,77,70,7,Friday,10,Second Inter-monsoon,False,24.5,0.0,3,Cloudy,False,,False,False
2025-10-31,Fish Bun,120,84,80,4,Friday,10,Second Inter-monsoon,False,24.5,0.0,3,Cloudy,False,,False,False
2025-10-31,Fish Patty,110,65,62,3,Friday,10,Second Inter-monsoon,False,24.5,0.0,3,Cloudy,False,,False,False
2025-10-31,Mini Pizza,220,44,40,4,Friday,10,Second Inter-monsoon,False,24.5,0.0,3,Cloudy,False,,False,False
2025-10-31,Sausage Bun,140,67,64,3,Friday,10,Second Inter-monsoon,False,24.5,0.0,3,Cloudy,False,,False,False
2025-10-31,Vegetable Roti,100,65,57,8,Friday,10,Second Inter-monsoon,False,24.5,0.0,3,Cloudy,False,,False,False
2025-11-01,Chicken Bun,130,81,76,5,Saturday,11,Second Inter-monsoon,True,25.2,0.0,3,Cloudy,False,,False,False
2025-11-01,Chicken Pastry,180,89,87,2,Saturday,11,Second Inter-monsoon,True,25.2,0.0,3,Cloudy,False,,False,False
2025-11-01,Chicken Samosa,90,91,86,5,Saturday,11,Second Inter-monsoon,True,25.2,0.0,3,Cloudy,False,,False,False
2025-11-01,Cream Bun,120,51,48,3,Saturday,11,Second Inter-monsoon,True,25.2,0.0,3,Cloudy,False,,False,False
2025-11-01,Egg Roll,100,66,64,2,Saturday,11,Second Inter-monsoon,True,25.2,0.0,3,Cloudy,False,,False,False
2025-11-01,Fish Bun,120,89,83,6,Saturday,11,Second Inter-monsoon,True,25.2,0.0,3,Cloudy,False,,False,False
2025-11-01,Fish Patty,110,64,58,6,Saturday,11,Second Inter-monsoon,True,25.2,0.0,3,Cloudy,False,,False,False
2025-11-01,Mini Pizza,220,54,50,4,Saturday,11,Second Inter-monsoon,True,25.2,0.0,3,Cloudy,False,,False,False
2025-11-01,Sausage Bun,140,68,65,3,Saturday,11,Second Inter-monsoon,True,25.2,0.0,3,Cloudy,False,,False,False
2025-11-01,Vegetable Roti,100,62,57,5,Saturday,11,Second Inter-monsoon,True,25.2,0.0,3,Cloudy,False,,False,False
2025-11-02,Chicken Bun,130,64,58,6,Sunday,11,Second Inter-monsoon,True,24.3,0.9,51,Drizzle,False,,False,False
2025-11-02,Chicken Pastry,180,101,98,3,Sunday,11,Second Inter-monsoon,True,24.3,0.9,51,Drizzle,False,,False,False
2025-11-02,Chicken Samosa,90,81,74,7,Sunday,11,Second Inter-monsoon,True,24.3,0.9,51,Drizzle,False,,False,False
2025-11-02,Cream Bun,120,58,52,6,Sunday,11,Second Inter-monsoon,True,24.3,0.9,51,Drizzle,False,,False,False
2025-11-02,Egg Roll,100,77,68,9,Sunday,11,Second Inter-monsoon,True,24.3,0.9,51,Drizzle,False,,False,False
2025-11-02,Fish Bun,120,97,87,10,Sunday,11,Second Inter-monsoon,True,24.3,0.9,51,Drizzle,False,,False,False
2025-11-02,Fish Patty,110,72,65,7,Sunday,11,Second Inter-monsoon,True,24.3,0.9,51,Drizzle,False,,False,False
2025-11-02,Mini Pizza,220,57,52,5,Sunday,11,Second Inter-monsoon,True,24.3,0.9,51,Drizzle,False,,False,False
2025-11-02,Sausage Bun,140,67,66,1,Sunday,11,Second Inter-monsoon,True,24.3,0.9,51,Drizzle,False,,False,False
2025-11-02,Vegetable Roti,100,62,58,4,Sunday,11,Second Inter-monsoon,True,24.3,0.9,51,Drizzle,False,,False,False
2025-11-03,Chicken Bun,130,80,76,4,Monday,11,Second Inter-monsoon,False,24.1,0.0,3,Cloudy,False,,False,False
2025-11-03,Chicken Pastry,180,111,101,10,Monday,11,Second Inter-monsoon,False,24.1,0.0,3,Cloudy,False,,False,False
2025-11-03,Chicken Samosa,90,71,68,3,Monday,11,Second Inter-monsoon,False,24.1,0.0,3,Cloudy,False,,False,False
2025-11-03,Cream Bun,120,58,54,4,Monday,11,Second Inter-monsoon,False,24.1,0.0,3,Cloudy,False,,False,False
2025-11-03,Egg Roll,100,79,71,8,Monday,11,Second Inter-monsoon,False,24.1,0.0,3,Cloudy,False,,False,False
2025-11-03,Fish Bun,120,83,74,9,Monday,11,Second Inter-monsoon,False,24.1,0.0,3,Cloudy,False,,False,False
2025-11-03,Fish Patty,110,61,56,5,Monday,11,Second Inter-monsoon,False,24.1,0.0,3,Cloudy,False,,False,False
2025-11-03,Mini Pizza,220,47,43,4,Monday,11,Second Inter-monsoon,False,24.1,0.0,3,Cloudy,False,,False,False
2025-11-03,Sausage Bun,140,57,53,4,Monday,11,Second Inter-monsoon,False,24.1,0.0,3,Cloudy,False,,False,False
2025-11-03,Vegetable Roti,100,64,58,6,Monday,11,Second Inter-monsoon,False,24.1,0.0,3,Cloudy,False,,False,False
2025-11-04,Chicken Bun,130,67,63,4,Tuesday,11,Second Inter-monsoon,False,24.7,1.2,51,Drizzle,False,,True,False
2025-11-04,Chicken Pastry,180,107,96,11,Tuesday,11,Second Inter-monsoon,False,24.7,1.2,51,Drizzle,False,,True,False
2025-11-04,Chicken Samosa,90,66,62,4,Tuesday,11,Second Inter-monsoon,False,24.7,1.2,51,Drizzle,False,,True,False
2025-11-04,Cream Bun,120,50,46,4,Tuesday,11,Second Inter-monsoon,False,24.7,1.2,51,Drizzle,False,,True,False
2025-11-04,Egg Roll,100,65,59,6,Tuesday,11,Second Inter-monsoon,False,24.7,1.2,51,Drizzle,False,,True,False
2025-11-04,Fish Bun,120,87,80,7,Tuesday,11,Second Inter-monsoon,False,24.7,1.2,51,Drizzle,False,,True,False
2025-11-04,Fish Patty,110,54,52,2,Tuesday,11,Second Inter-monsoon,False,24.7,1.2,51,Drizzle,False,,True,False
2025-11-04,Mini Pizza,220,43,41,2,Tuesday,11,Second Inter-monsoon,False,24.7,1.2,51,Drizzle,False,,True,False
2025-11-04,Sausage Bun,140,66,63,3,Tuesday,11,Second Inter-monsoon,False,24.7,1.2,51,Drizzle,False,,True,False
2025-11-04,Vegetable Roti,100,57,53,4,Tuesday,11,Second Inter-monsoon,False,24.7,1.2,51,Drizzle,False,,True,False
2025-11-05,Chicken Bun,130,77,71,6,Wednesday,11,Second Inter-monsoon,False,24.1,2.1,55,Drizzle,True,Il Full Moon Poya Day,False,False
2025-11-05,Chicken Pastry,180,102,93,9,Wednesday,11,Second Inter-monsoon,False,24.1,2.1,55,Drizzle,True,Il Full Moon Poya Day,False,False
2025-11-05,Chicken Samosa,90,83,76,7,Wednesday,11,Second Inter-monsoon,False,24.1,2.1,55,Drizzle,True,Il Full Moon Poya Day,False,False
2025-11-05,Cream Bun,120,59,54,5,Wednesday,11,Second Inter-monsoon,False,24.1,2.1,55,Drizzle,True,Il Full Moon Poya Day,False,False
2025-11-05,Egg Roll,100,77,69,8,Wednesday,11,Second Inter-monsoon,False,24.1,2.1,55,Drizzle,True,Il Full Moon Poya Day,False,False
2025-11-05,Fish Bun,120,83,80,3,Wednesday,11,Second Inter-monsoon,False,24.1,2.1,55,Drizzle,True,Il Full Moon Poya Day,False,False
2025-11-05,Fish Patty,110,63,59,4,Wednesday,11,Second Inter-monsoon,False,24.1,2.1,55,Drizzle,True,Il Full Moon Poya Day,False,False
2025-11-05,Mini Pizza,220,52,49,3,Wednesday,11,Second Inter-monsoon,False,24.1,2.1,55,Drizzle,True,Il Full Moon Poya Day,False,False
2025-11-05,Sausage Bun,140,62,61,1,Wednesday,11,Second Inter-monsoon,False,24.1,2.1,55,Drizzle,True,Il Full Moon Poya Day,False,False
2025-11-05,Vegetable Roti,100,62,55,7,Wednesday,11,Second Inter-monsoon,False,24.1,2.1,55,Drizzle,True,Il Full Moon Poya Day,False,False
2025-11-06,Chicken Bun,130,56,53,3,Thursday,11,Second Inter-monsoon,False,23.1,5.6,53,Drizzle,False,,False,True
2025-11-06,Chicken Pastry,180,79,71,8,Thursday,11,Second Inter-monsoon,False,23.1,5.6,53,Drizzle,False,,False,True
2025-11-06,Chicken Samosa,90,75,66,9,Thursday,11,Second Inter-monsoon,False,23.1,5.6,53,Drizzle,False,,False,True
2025-11-06,Cream Bun,120,39,36,3,Thursday,11,Second Inter-monsoon,False,23.1,5.6,53,Drizzle,False,,False,True
2025-11-06,Egg Roll,100,59,52,7,Thursday,11,Second Inter-monsoon,False,23.1,5.6,53,Drizzle,False,,False,True
2025-11-06,Fish Bun,120,73,67,6,Thursday,11,Second Inter-monsoon,False,23.1,5.6,53,Drizzle,False,,False,True
2025-11-06,Fish Patty,110,49,44,5,Thursday,11,Second Inter-monsoon,False,23.1,5.6,53,Drizzle,False,,False,True
2025-11-06,Mini Pizza,220,34,34,0,Thursday,11,Second Inter-monsoon,False,23.1,5.6,53,Drizzle,False,,False,True
2025-11-06,Sausage Bun,140,46,46,0,Thursday,11,Second Inter-monsoon,False,23.1,5.6,53,Drizzle,False,,False,True
2025-11-06,Vegetable Roti,100,52,49,3,Thursday,11,Second Inter-monsoon,False,23.1,5.6,53,Drizzle,False,,False,True
2025-11-07,Chicken Bun,130,65,58,7,Friday,11,Second Inter-monsoon,False,23.0,5.2,61,Rain,False,,False,False
2025-11-07,Chicken Pastry,180,83,74,9,Friday,11,Second Inter-monsoon,False,23.0,5.2,61,Rain,False,,False,False
2025-11-07,Chicken Samosa,90,68,61,7,Friday,11,Second Inter-monsoon,False,23.0,5.2,61,Rain,False,,False,False
2025-11-07,Cream Bun,120,45,38,7,Friday,11,Second Inter-monsoon,False,23.0,5.2,61,Rain,False,,False,False
2025-11-07,Egg Roll,100,52,52,0,Friday,11,Second Inter-monsoon,False,23.0,5.2,61,Rain,False,,False,False
2025-11-07,Fish Bun,120,75,66,9,Friday,11,Second Inter-monsoon,False,23.0,5.2,61,Rain,False,,False,False
2025-11-07,Fish Patty,110,54,51,3,Friday,11,Second Inter-monsoon,False,23.0,5.2,61,Rain,False,,False,False
2025-11-07,Mini Pizza,220,37,35,2,Friday,11,Second Inter-monsoon,False,23.0,5.2,61,Rain,False,,False,False
2025-11-07,Sausage Bun,140,55,49,6,Friday,11,Second Inter-monsoon,False,23.0,5.2,61,Rain,False,,False,False
2025-11-07,Vegetable Roti,100,59,52,7,Friday,11,Second Inter-monsoon,False,23.0,5.2,61,Rain,False,,False,False
2025-11-08,Chicken Bun,130,58,50,8,Saturday,11,Second Inter-monsoon,True,22.8,22.7,65,Rain,False,,False,False
2025-11-08,Chicken Pastry,180,81,74,7,Saturday,11,Second Inter-monsoon,True,22.8,22.7,65,Rain,False,,False,False
2025-11-08,Chicken Samosa,90,48,45,3,Saturday,11,Second Inter-monsoon,True,22.8,22.7,65,Rain,False,,False,False
2025-11-08,Cream Bun,120,46,44,2,Saturday,11,Second Inter-monsoon,True,22.8,22.7,65,Rain,False,,False,False
2025-11-08,Egg Roll,100,53,49,4,Saturday,11,Second Inter-monsoon,True,22.8,22.7,65,Rain,False,,False,False
2025-11-08,Fish Bun,120,57,52,5,Saturday,11,Second Inter-monsoon,True,22.8,22.7,65,Rain,False,,False,False
2025-11-08,Fish Patty,110,44,41,3,Saturday,11,Second Inter-monsoon,True,22.8,22.7,65,Rain,False,,False,False
2025-11-08,Mini Pizza,220,43,39,4,Saturday,11,Second Inter-monsoon,True,22.8,22.7,65,Rain,False,,False,False
2025-11-08,Sausage Bun,140,59,55,4,Saturday,11,Second Inter-monsoon,True,22.8,22.7,65,Rain,False,,False,False
2025-11-08,Vegetable Roti,100,48,45,3,Saturday,11,Second Inter-monsoon,True,22.8,22.7,65,Rain,False,,False,False
2025-11-09,Chicken Bun,130,76,72,4,Sunday,11,Second Inter-monsoon,True,23.4,0.4,51,Drizzle,False,,False,False
2025-11-09,Chicken Pastry,180,104,96,8,Sunday,11,Second Inter-monsoon,True,23.4,0.4,51,Drizzle,False,,False,False
2025-11-09,Chicken Samosa,90,73,70,3,Sunday,11,Second Inter-monsoon,True,23.4,0.4,51,Drizzle,False,,False,False
2025-11-09,Cream Bun,120,49,48,1,Sunday,11,Second Inter-monsoon,True,23.4,0.4,51,Drizzle,False,,False,False
2025-11-09,Egg Roll,100,73,65,8,Sunday,11,Second Inter-monsoon,True,23.4,0.4,51,Drizzle,False,,False,False
2025-11-09,Fish Bun,120,89,83,6,Sunday,11,Second Inter-monsoon,True,23.4,0.4,51,Drizzle,False,,False,False
2025-11-09,Fish Patty,110,68,59,9,Sunday,11,Second Inter-monsoon,True,23.4,0.4,51,Drizzle,False,,False,False
2025-11-09,Mini Pizza,220,56,51,5,Sunday,11,Second Inter-monsoon,True,23.4,0.4,51,Drizzle,False,,False,False
2025-11-09,Sausage Bun,140,68,63,5,Sunday,11,Second Inter-monsoon,True,23.4,0.4,51,Drizzle,False,,False,False
2025-11-09,Vegetable Roti,100,67,62,5,Sunday,11,Second Inter-monsoon,True,23.4,0.4,51,Drizzle,False,,False,False
2025-11-10,Chicken Bun,130,66,61,5,Monday,11,Second Inter-monsoon,False,22.6,2.7,61,Rain,False,,False,False
2025-11-10,Chicken Pastry,180,97,86,11,Monday,11,Second Inter-monsoon,False,22.6,2.7,61,Rain,False,,False,False
2025-11-10,Chicken Samosa,90,81,71,10,Monday,11,Second Inter-monsoon,False,22.6,2.7,61,Rain,False,,False,False
2025-11-10,Cream Bun,120,47,41,6,Monday,11,Second Inter-monsoon,False,22.6,2.7,61,Rain,False,,False,False
2025-11-10,Egg Roll,100,50,49,1,Monday,11,Second Inter-monsoon,False,22.6,2.7,61,Rain,False,,False,False
2025-11-10,Fish Bun,120,70,64,6,Monday,11,Second Inter-monsoon,False,22.6,2.7,61,Rain,False,,False,False
2025-11-10,Fish Patty,110,52,49,3,Monday,11,Second Inter-monsoon,False,22.6,2.7,61,Rain,False,,False,False
2025-11-10,Mini Pizza,220,41,37,4,Monday,11,Second Inter-monsoon,False,22.6,2.7,61,Rain,False,,False,False
2025-11-10,Sausage Bun,140,60,55,5,Monday,11,Second Inter-monsoon,False,22.6,2.7,61,Rain,False,,False,False
2025-11-10,Vegetable Roti,100,58,52,6,Monday,11,Second Inter-monsoon,False,22.6,2.7,61,Rain,False,,False,False
2025-11-11,Chicken Bun,130,53,53,0,Tuesday,11,Second Inter-monsoon,False,23.1,6.9,63,Rain,False,,False,False
2025-11-11,Chicken Pastry,180,73,65,8,Tuesday,11,Second Inter-monsoon,False,23.1,6.9,63,Rain,False,,False,False
2025-11-11,Chicken Samosa,90,66,59,7,Tuesday,11,Second Inter-monsoon,False,23.1,6.9,63,Rain,False,,False,False
2025-11-11,Cream Bun,120,34,32,2,Tuesday,11,Second Inter-monsoon,False,23.1,6.9,63,Rain,False,,False,False
2025-11-11,Egg Roll,100,54,50,4,Tuesday,11,Second Inter-monsoon,False,23.1,6.9,63,Rain,False,,False,False
2025-11-11,Fish Bun,120,75,67,8,Tuesday,11,Second Inter-monsoon,False,23.1,6.9,63,Rain,False,,False,False
2025-11-11,Fish Patty,110,57,52,5,Tuesday,11,Second Inter-monsoon,False,23.1,6.9,63,Rain,False,,False,False
2025-11-11,Mini Pizza,220,32,30,2,Tuesday,11,Second Inter-monsoon,False,23.1,6.9,63,Rain,False,,False,False
2025-11-11,Sausage Bun,140,49,44,5,Tuesday,11,Second Inter-monsoon,False,23.1,6.9,63,Rain,False,,False,False
2025-11-11,Vegetable Roti,100,60,54,6,Tuesday,11,Second Inter-monsoon,False,23.1,6.9,63,Rain,False,,False,False
2025-11-12,Chicken Bun,130,50,45,5,Wednesday,11,Second Inter-monsoon,False,23.5,15.5,65,Rain,False,,False,False
2025-11-12,Chicken Pastry,180,68,62,6,Wednesday,11,Second Inter-monsoon,False,23.5,15.5,65,Rain,False,,False,False
2025-11-12,Chicken Samosa,90,51,48,3,Wednesday,11,Second Inter-monsoon,False,23.5,15.5,65,Rain,False,,False,False
2025-11-12,Cream Bun,120,38,36,2,Wednesday,11,Second Inter-monsoon,False,23.5,15.5,65,Rain,False,,False,False
2025-11-12,Egg Roll,100,51,47,4,Wednesday,11,Second Inter-monsoon,False,23.5,15.5,65,Rain,False,,False,False
2025-11-12,Fish Bun,120,60,54,6,Wednesday,11,Second Inter-monsoon,False,23.5,15.5,65,Rain,False,,False,False
2025-11-12,Fish Patty,110,43,39,4,Wednesday,11,Second Inter-monsoon,False,23.5,15.5,65,Rain,False,,False,False
2025-11-12,Mini Pizza,220,38,34,4,Wednesday,11,Second Inter-monsoon,False,23.5,15.5,65,Rain,False,,False,False
2025-11-12,Sausage Bun,140,48,42,6,Wednesday,11,Second Inter-monsoon,False,23.5,15.5,65,Rain,False,,False,False
2025-11-12,Vegetable Roti,100,39,36,3,Wednesday,11,Second Inter-monsoon,False,23.5,15.5,65,Rain,False,,False,False
2025-11-13,Chicken Bun,130,64,60,4,Thursday,11,Second Inter-monsoon,False,23.6,5.8,63,Rain,False,,False,False
2025-11-13,Chicken Pastry,180,75,69,6,Thursday,11,Second Inter-monsoon,False,23.6,5.8,63,Rain,False,,False,False
2025-11-13,Chicken Samosa,90,63,61,2,Thursday,11,Second Inter-monsoon,False,23.6,5.8,63,Rain,False,,False,False
2025-11-13,Cream Bun,120,39,35,4,Thursday,11,Second Inter-monsoon,False,23.6,5.8,63,Rain,False,,False,False
2025-11-13,Egg Roll,100,54,51,3,Thursday,11,Second Inter-monsoon,False,23.6,5.8,63,Rain,False,,False,False
2025-11-13,Fish Bun,120,68,64,4,Thursday,11,Second Inter-monsoon,False,23.6,5.8,63,Rain,False,,False,False
2025-11-13,Fish Patty,110,46,42,4,Thursday,11,Second Inter-monsoon,False,23.6,5.8,63,Rain,False,,False,False
2025-11-13,Mini Pizza,220,30,30,0,Thursday,11,Second Inter-monsoon,False,23.6,5.8,63,Rain,False,,False,False
2025-11-13,Sausage Bun,140,50,46,4,Thursday,11,Second Inter-monsoon,False,23.6,5.8,63,Rain,False,,False,False
2025-11-13,Vegetable Roti,100,56,50,6,Thursday,11,Second Inter-monsoon,False,23.6,5.8,63,Rain,False,,False,False
2025-11-14,Chicken Bun,130,62,56,6,Friday,11,Second Inter-monsoon,False,23.6,7.8,63,Rain,False,,False,False
2025-11-14,Chicken Pastry,180,74,66,8,Friday,11,Second Inter-monsoon,False,23.6,7.8,63,Rain,False,,False,False
2025-11-14,Chicken Samosa,90,64,60,4,Friday,11,Second Inter-monsoon,False,23.6,7.8,63,Rain,False,,False,False
2025-11-14,Cream Bun,120,36,33,3,Friday,11,Second Inter-monsoon,False,23.6,7.8,63,Rain,False,,False,False
2025-11-14,Egg Roll,100,58,53,5,Friday,11,Second Inter-monsoon,False,23.6,7.8,63,Rain,False,,False,False
2025-11-14,Fish Bun,120,77,71,6,Friday,11,Second Inter-monsoon,False,23.6,7.8,63,Rain,False,,False,False
2025-11-14,Fish Patty,110,53,51,2,Friday,11,Second Inter-monsoon,False,23.6,7.8,63,Rain,False,,False,False
2025-11-14,Mini Pizza,220,33,31,2,Friday,11,Second Inter-monsoon,False,23.6,7.8,63,Rain,False,,False,False
2025-11-14,Sausage Bun,140,60,53,7,Friday,11,Second Inter-monsoon,False,23.6,7.8,63,Rain,False,,False,False
2025-11-14,Vegetable Roti,100,49,48,1,Friday,11,Second Inter-monsoon,False,23.6,7.8,63,Rain,False,,False,False
2025-11-15,Chicken Bun,130,59,55,4,Saturday,11,Second Inter-monsoon,True,23.1,8.6,63,Rain,False,,False,False
2025-11-15,Chicken Pastry,180,88,80,8,Saturday,11,Second Inter-monsoon,True,23.1,8.6,63,Rain,False,,False,False
2025-11-15,Chicken Samosa,90,69,66,3,Saturday,11,Second Inter-monsoon,True,23.1,8.6,63,Rain,False,,False,False
2025-11-15,Cream Bun,120,39,36,3,Saturday,11,Second Inter-monsoon,True,23.1,8.6,63,Rain,False,,False,False
2025-11-15,Egg Roll,100,55,51,4,Saturday,11,Second Inter-monsoon,True,23.1,8.6,63,Rain,False,,False,False
2025-11-15,Fish Bun,120,65,59,6,Saturday,11,Second Inter-monsoon,True,23.1,8.6,63,Rain,False,,False,False
2025-11-15,Fish Patty,110,55,52,3,Saturday,11,Second Inter-monsoon,True,23.1,8.6,63,Rain,False,,False,False
2025-11-15,Mini Pizza,220,42,39,3,Saturday,11,Second Inter-monsoon,True,23.1,8.6,63,Rain,False,,False,False
2025-11-15,Sausage Bun,140,57,56,1,Saturday,11,Second Inter-monsoon,True,23.1,8.6,63,Rain,False,,False,False
2025-11-15,Vegetable Roti,100,59,53,6,Saturday,11,Second Inter-monsoon,True,23.1,8.6,63,Rain,False,,False,False
2025-11-16,Chicken Bun,130,63,60,3,Sunday,11,Second Inter-monsoon,True,23.5,2.4,55,Drizzle,False,,False,False
2025-11-16,Chicken Pastry,180,86,83,3,Sunday,11,Second Inter-monsoon,True,23.5,2.4,55,Drizzle,False,,False,False
2025-11-16,Chicken Samosa,90,79,75,4,Sunday,11,Second Inter-monsoon,True,23.5,2.4,55,Drizzle,False,,False,False
2025-11-16,Cream Bun,120,60,52,8,Sunday,11,Second Inter-monsoon,True,23.5,2.4,55,Drizzle,False,,False,False
2025-11-16,Egg Roll,100,69,60,9,Sunday,11,Second Inter-monsoon,True,23.5,2.4,55,Drizzle,False,,False,False
2025-11-16,Fish Bun,120,89,85,4,Sunday,11,Second Inter-monsoon,True,23.5,2.4,55,Drizzle,False,,False,False
2025-11-16,Fish Patty,110,68,61,7,Sunday,11,Second Inter-monsoon,True,23.5,2.4,55,Drizzle,False,,False,False
2025-11-16,Mini Pizza,220,53,48,5,Sunday,11,Second Inter-monsoon,True,23.5,2.4,55,Drizzle,False,,False,False
2025-11-16,Sausage Bun,140,62,58,4,Sunday,11,Second Inter-monsoon,True,23.5,2.4,55,Drizzle,False,,False,False
2025-11-16,Vegetable Roti,100,60,55,5,Sunday,11,Second Inter-monsoon,True,23.5,2.4,55,Drizzle,False,,False,False
2025-11-17,Chicken Bun,130,49,48,1,Monday,11,Second Inter-monsoon,False,22.7,39.1,65,Rain,False,,False,False
2025-11-17,Chicken Pastry,180,69,63,6,Monday,11,Second Inter-monsoon,False,22.7,39.1,65,Rain,False,,False,False
2025-11-17,Chicken Samosa,90,60,53,7,Monday,11,Second Inter-monsoon,False,22.7,39.1,65,Rain,False,,False,False
2025-11-17,Cream Bun,120,34,30,4,Monday,11,Second Inter-monsoon,False,22.7,39.1,65,Rain,False,,False,False
2025-11-17,Egg Roll,100,46,44,2,Monday,11,Second Inter-monsoon,False,22.7,39.1,65,Rain,False,,False,False
2025-11-17,Fish Bun,120,63,59,4,Monday,11,Second Inter-monsoon,False,22.7,39.1,65,Rain,False,,False,False
2025-11-17,Fish Patty,110,46,43,3,Monday,11,Second Inter-monsoon,False,22.7,39.1,65,Rain,False,,False,False
2025-11-17,Mini Pizza,220,31,30,1,Monday,11,Second Inter-monsoon,False,22.7,39.1,65,Rain,False,,False,False
2025-11-17,Sausage Bun,140,48,44,4,Monday,11,Second Inter-monsoon,False,22.7,39.1,65,Rain,False,,False,False
2025-11-17,Vegetable Roti,100,51,47,4,Monday,11,Second Inter-monsoon,False,22.7,39.1,65,Rain,False,,False,False
2025-11-18,Chicken Bun,130,66,61,5,Tuesday,11,Second Inter-monsoon,False,23.3,3.0,55,Drizzle,False,,False,False
2025-11-18,Chicken Pastry,180,86,78,8,Tuesday,11,Second Inter-monsoon,False,23.3,3.0,55,Drizzle,False,,False,False
2025-11-18,Chicken Samosa,90,70,64,6,Tuesday,11,Second Inter-monsoon,False,23.3,3.0,55,Drizzle,False,,False,False
2025-11-18,Cream Bun,120,53,47,6,Tuesday,11,Second Inter-monsoon,False,23.3,3.0,55,Drizzle,False,,False,False
2025-11-18,Egg Roll,100,69,65,4,Tuesday,11,Second Inter-monsoon,False,23.3,3.0,55,Drizzle,False,,False,False
2025-11-18,Fish Bun,120,76,71,5,Tuesday,11,Second Inter-monsoon,False,23.3,3.0,55,Drizzle,False,,False,False
2025-11-18,Fish Patty,110,58,51,7,Tuesday,11,Second Inter-monsoon,False,23.3,3.0,55,Drizzle,False,,False,False
2025-11-18,Mini Pizza,220,42,39,3,Tuesday,11,Second Inter-monsoon,False,23.3,3.0,55,Drizzle,False,,False,False
2025-11-18,Sausage Bun,140,60,60,0,Tuesday,11,Second Inter-monsoon,False,23.3,3.0,55,Drizzle,False,,False,False
2025-11-18,Vegetable Roti,100,65,59,6,Tuesday,11,Second Inter-monsoon,False,23.3,3.0,55,Drizzle,False,,False,False
2025-11-19,Chicken Bun,130,73,67,6,Wednesday,11,Second Inter-monsoon,False,23.4,1.6,51,Drizzle,False,,False,False
2025-11-19,Chicken Pastry,180,96,87,9,Wednesday,11,Second Inter-monsoon,False,23.4,1.6,51,Drizzle,False,,False,False
2025-11-19,Chicken Samosa,90,72,63,9,Wednesday,11,Second Inter-monsoon,False,23.4,1.6,51,Drizzle,False,,False,False
2025-11-19,Cream Bun,120,59,53,6,Wednesday,11,Second Inter-monsoon,False,23.4,1.6,51,Drizzle,False,,False,False
2025-11-19,Egg Roll,100,68,62,6,Wednesday,11,Second Inter-monsoon,False,23.4,1.6,51,Drizzle,False,,False,False
2025-11-19,Fish Bun,120,79,70,9,Wednesday,11,Second Inter-monsoon,False,23.4,1.6,51,Drizzle,False,,False,False
2025-11-19,Fish Patty,110,61,57,4,Wednesday,11,Second Inter-monsoon,False,23.4,1.6,51,Drizzle,False,,False,False
2025-11-19,Mini Pizza,220,39,35,4,Wednesday,11,Second Inter-monsoon,False,23.4,1.6,51,Drizzle,False,,False,False
2025-11-19,Sausage Bun,140,64,55,9,Wednesday,11,Second Inter-monsoon,False,23.4,1.6,51,Drizzle,False,,False,False
2025-11-19,Vegetable Roti,100,64,57,7,Wednesday,11,Second Inter-monsoon,False,23.4,1.6,51,Drizzle,False,,False,False
2025-11-20,Chicken Bun,130,57,52,5,Thursday,11,Second Inter-monsoon,False,23.0,3.4,61,Rain,False,,False,False
2025-11-20,Chicken Pastry,180,86,82,4,Thursday,11,Second Inter-monsoon,False,23.0,3.4,61,Rain,False,,False,False
2025-11-20,Chicken Samosa,90,80,79,1,Thursday,11,Second Inter-monsoon,False,23.0,3.4,61,Rain,False,,False,False
2025-11-20,Cream Bun,120,49,44,5,Thursday,11,Second Inter-monsoon,False,23.0,3.4,61,Rain,False,,False,False
2025-11-20,Egg Roll,100,59,55,4,Thursday,11,Second Inter-monsoon,False,23.0,3.4,61,Rain,False,,False,False
2025-11-20,Fish Bun,120,72,68,4,Thursday,11,Second Inter-monsoon,False,23.0,3.4,61,Rain,False,,False,False
2025-11-20,Fish Patty,110,54,52,2,Thursday,11,Second Inter-monsoon,False,23.0,3.4,61,Rain,False,,False,False
2025-11-20,Mini Pizza,220,46,39,7,Thursday,11,Second Inter-monsoon,False,23.0,3.4,61,Rain,False,,False,False
2025-11-20,Sausage Bun,140,64,56,8,Thursday,11,Second Inter-monsoon,False,23.0,3.4,61,Rain,False,,False,False
2025-11-20,Vegetable Roti,100,56,51,5,Thursday,11,Second Inter-monsoon,False,23.0,3.4,61,Rain,False,,False,False
2025-11-21,Chicken Bun,130,56,52,4,Friday,11,Second Inter-monsoon,False,23.7,6.5,63,Rain,False,,False,False
2025-11-21,Chicken Pastry,180,64,59,5,Friday,11,Second Inter-monsoon,False,23.7,6.5,63,Rain,False,,False,False
2025-11-21,Chicken Samosa,90,66,63,3,Friday,11,Second Inter-monsoon,False,23.7,6.5,63,Rain,False,,False,False
2025-11-21,Cream Bun,120,40,37,3,Friday,11,Second Inter-monsoon,False,23.7,6.5,63,Rain,False,,False,False
2025-11-21,Egg Roll,100,58,54,4,Friday,11,Second Inter-monsoon,False,23.7,6.5,63,Rain,False,,False,False
2025-11-21,Fish Bun,120,72,67,5,Friday,11,Second Inter-monsoon,False,23.7,6.5,63,Rain,False,,False,False
2025-11-21,Fish Patty,110,51,46,5,Friday,11,Second Inter-monsoon,False,23.7,6.5,63,Rain,False,,False,False
2025-11-21,Mini Pizza,220,33,30,3,Friday,11,Second Inter-monsoon,False,23.7,6.5,63,Rain,False,,False,False
2025-11-21,Sausage Bun,140,54,52,2,Friday,11,Second Inter-monsoon,False,23.7,6.5,63,Rain,False,,False,False
2025-11-21,Vegetable Roti,100,51,48,3,Friday,11,Second Inter-monsoon,False,23.7,6.5,63,Rain,False,,False,False
2025-11-22,Chicken Bun,130,53,49,4,Saturday,11,Second Inter-monsoon,True,22.6,28.9,65,Rain,False,,False,False
2025-11-22,Chicken Pastry,180,93,81,12,Saturday,11,Second Inter-monsoon,True,22.6,28.9,65,Rain,False,,False,False
2025-11-22,Chicken Samosa,90,55,52,3,Saturday,11,Second Inter-monsoon,True,22.6,28.9,65,Rain,False,,False,False
2025-11-22,Cream Bun,120,51,47,4,Saturday,11,Second Inter-monsoon,True,22.6,28.9,65,Rain,False,,False,False
2025-11-22,Egg Roll,100,44,39,5,Saturday,11,Second Inter-monsoon,True,22.6,28.9,65,Rain,False,,False,False
2025-11-22,Fish Bun,120,63,56,7,Saturday,11,Second Inter-monsoon,True,22.6,28.9,65,Rain,False,,False,False
2025-11-22,Fish Patty,110,43,40,3,Saturday,11,Second Inter-monsoon,True,22.6,28.9,65,Rain,False,,False,False
2025-11-22,Mini Pizza,220,45,44,1,Saturday,11,Second Inter-monsoon,True,22.6,28.9,65,Rain,False,,False,False
2025-11-22,Sausage Bun,140,60,56,4,Saturday,11,Second Inter-monsoon,True,22.6,28.9,65,Rain,False,,False,False
2025-11-22,Vegetable Roti,100,46,41,5,Saturday,11,Second Inter-monsoon,True,22.6,28.9,65,Rain,False,,False,False
2025-11-23,Chicken Bun,130,53,48,5,Sunday,11,Second Inter-monsoon,True,23.1,10.3,61,Rain,False,,False,False
2025-11-23,Chicken Pastry,180,89,82,7,Sunday,11,Second Inter-monsoon,True,23.1,10.3,61,Rain,False,,False,False
2025-11-23,Chicken Samosa,90,73,65,8,Sunday,11,Second Inter-monsoon,True,23.1,10.3,61,Rain,False,,False,False
2025-11-23,Cream Bun,120,45,42,3,Sunday,11,Second Inter-monsoon,True,23.1,10.3,61,Rain,False,,False,False
2025-11-23,Egg Roll,100,51,46,5,Sunday,11,Second Inter-monsoon,True,23.1,10.3,61,Rain,False,,False,False
2025-11-23,Fish Bun,120,57,55,2,Sunday,11,Second Inter-monsoon,True,23.1,10.3,61,Rain,False,,False,False
2025-11-23,Fish Patty,110,49,44,5,Sunday,11,Second Inter-monsoon,True,23.1,10.3,61,Rain,False,,False,False
2025-11-23,Mini Pizza,220,42,41,1,Sunday,11,Second Inter-monsoon,True,23.1,10.3,61,Rain,False,,False,False
2025-11-23,Sausage Bun,140,53,49,4,Sunday,11,Second Inter-monsoon,True,23.1,10.3,61,Rain,False,,False,False
2025-11-23,Vegetable Roti,100,57,53,4,Sunday,11,Second Inter-monsoon,True,23.1,10.3,61,Rain,False,,False,False
2025-11-24,Chicken Bun,130,50,46,4,Monday,11,Second Inter-monsoon,False,22.2,30.1,63,Rain,False,,False,False
2025-11-24,Chicken Pastry,180,74,67,7,Monday,11,Second Inter-monsoon,False,22.2,30.1,63,Rain,False,,False,False
2025-11-24,Chicken Samosa,90,58,51,7,Monday,11,Second Inter-monsoon,False,22.2,30.1,63,Rain,False,,False,False
2025-11-24,Cream Bun,120,37,34,3,Monday,11,Second Inter-monsoon,False,22.2,30.1,63,Rain,False,,False,False
2025-11-24,Egg Roll,100,47,45,2,Monday,11,Second Inter-monsoon,False,22.2,30.1,63,Rain,False,,False,False
2025-11-24,Fish Bun,120,59,53,6,Monday,11,Second Inter-monsoon,False,22.2,30.1,63,Rain,False,,False,False
2025-11-24,Fish Patty,110,44,41,3,Monday,11,Second Inter-monsoon,False,22.2,30.1,63,Rain,False,,False,False
2025-11-24,Mini Pizza,220,39,36,3,Monday,11,Second Inter-monsoon,False,22.2,30.1,63,Rain,False,,False,False
2025-11-24,Sausage Bun,140,47,44,3,Monday,11,Second Inter-monsoon,False,22.2,30.1,63,Rain,False,,False,False
2025-11-24,Vegetable Roti,100,45,44,1,Monday,11,Second Inter-monsoon,False,22.2,30.1,63,Rain,False,,False,False
2025-11-25,Chicken Bun,130,52,47,5,Tuesday,11,Second Inter-monsoon,False,21.7,22.5,63,Rain,False,,False,False
2025-11-25,Chicken Pastry,180,80,73,7,Tuesday,11,Second Inter-monsoon,False,21.7,22.5,63,Rain,False,,False,False
2025-11-25,Chicken Samosa,90,50,46,4,Tuesday,11,Second Inter-monsoon,False,21.7,22.5,63,Rain,False,,False,False
2025-11-25,Cream Bun,120,40,38,2,Tuesday,11,Second Inter-monsoon,False,21.7,22.5,63,Rain,False,,False,False
2025-11-25,Egg Roll,100,50,45,5,Tuesday,11,Second Inter-monsoon,False,21.7,22.5,63,Rain,False,,False,False
2025-11-25,Fish Bun,120,55,53,2,Tuesday,11,Second Inter-monsoon,False,21.7,22.5,63,Rain,False,,False,False
2025-11-25,Fish Patty,110,48,43,5,Tuesday,11,Second Inter-monsoon,False,21.7,22.5,63,Rain,False,,False,False
2025-11-25,Mini Pizza,220,35,33,2,Tuesday,11,Second Inter-monsoon,False,21.7,22.5,63,Rain,False,,False,False
2025-11-25,Sausage Bun,140,50,48,2,Tuesday,11,Second Inter-monsoon,False,21.7,22.5,63,Rain,False,,False,False
2025-11-25,Vegetable Roti,100,43,43,0,Tuesday,11,Second Inter-monsoon,False,21.7,22.5,63,Rain,False,,False,False
2025-11-26,Chicken Bun,130,55,49,6,Wednesday,11,Second Inter-monsoon,False,22.3,45.9,65,Rain,False,,False,False
2025-11-26,Chicken Pastry,180,81,72,9,Wednesday,11,Second Inter-monsoon,False,22.3,45.9,65,Rain,False,,False,False
2025-11-26,Chicken Samosa,90,55,52,3,Wednesday,11,Second Inter-monsoon,False,22.3,45.9,65,Rain,False,,False,False
2025-11-26,Cream Bun,120,42,36,6,Wednesday,11,Second Inter-monsoon,False,22.3,45.9,65,Rain,False,,False,False
2025-11-26,Egg Roll,100,43,40,3,Wednesday,11,Second Inter-monsoon,False,22.3,45.9,65,Rain,False,,False,False
2025-11-26,Fish Bun,120,58,57,1,Wednesday,11,Second Inter-monsoon,False,22.3,45.9,65,Rain,False,,False,False
2025-11-26,Fish Patty,110,50,46,4,Wednesday,11,Second Inter-monsoon,False,22.3,45.9,65,Rain,False,,False,False
2025-11-26,Mini Pizza,220,35,31,4,Wednesday,11,Second Inter-monsoon,False,22.3,45.9,65,Rain,False,,False,False
2025-11-26,Sausage Bun,140,43,41,2,Wednesday,11,Second Inter-monsoon,False,22.3,45.9,65,Rain,False,,False,False
2025-11-26,Vegetable Roti,100,44,41,3,Wednesday,11,Second Inter-monsoon,False,22.3,45.9,65,Rain,False,,False,False
2025-11-27,Chicken Bun,130,55,50,5,Thursday,11,Second Inter-monsoon,False,21.1,164.9,65,Rain,False,,False,False
2025-11-27,Chicken Pastry,180,70,62,8,Thursday,11,Second Inter-monsoon,False,21.1,164.9,65,Rain,False,,False,False
2025-11-27,Chicken Samosa,90,59,55,4,Thursday,11,Second Inter-monsoon,False,21.1,164.9,65,Rain,False,,False,False
2025-11-27,Cream Bun,120,43,39,4,Thursday,11,Second Inter-monsoon,False,21.1,164.9,65,Rain,False,,False,False
2025-11-27,Egg Roll,100,49,45,4,Thursday,11,Second Inter-monsoon,False,21.1,164.9,65,Rain,False,,False,False
2025-11-27,Fish Bun,120,62,55,7,Thursday,11,Second Inter-monsoon,False,21.1,164.9,65,Rain,False,,False,False
2025-11-27,Fish Patty,110,42,40,2,Thursday,11,Second Inter-monsoon,False,21.1,164.9,65,Rain,False,,False,False
2025-11-27,Mini Pizza,220,40,35,5,Thursday,11,Second Inter-monsoon,False,21.1,164.9,65,Rain,False,,False,False
2025-11-27,Sausage Bun,140,50,44,6,Thursday,11,Second Inter-monsoon,False,21.1,164.9,65,Rain,False,,False,False
2025-11-27,Vegetable Roti,100,46,43,3,Thursday,11,Second Inter-monsoon,False,21.1,164.9,65,Rain,False,,False,False
2025-11-28,Chicken Bun,130,60,52,8,Friday,11,Second Inter-monsoon,False,20.4,138.6,65,Rain,False,,False,False
2025-11-28,Chicken Pastry,180,76,69,7,Friday,11,Second Inter-monsoon,False,20.4,138.6,65,Rain,False,,False,False
2025-11-28,Chicken Samosa,90,52,48,4,Friday,11,Second Inter-monsoon,False,20.4,138.6,65,Rain,False,,False,False
2025-11-28,Cream Bun,120,40,38,2,Friday,11,Second Inter-monsoon,False,20.4,138.6,65,Rain,False,,False,False
2025-11-28,Egg Roll,100,44,41,3,Friday,11,Second Inter-monsoon,False,20.4,138.6,65,Rain,False,,False,False
2025-11-28,Fish Bun,120,52,50,2,Friday,11,Second Inter-monsoon,False,20.4,138.6,65,Rain,False,,False,False
2025-11-28,Fish Patty,110,44,41,3,Friday,11,Second Inter-monsoon,False,20.4,138.6,65,Rain,False,,False,False
2025-11-28,Mini Pizza,220,35,33,2,Friday,11,Second Inter-monsoon,False,20.4,138.6,65,Rain,False,,False,False
2025-11-28,Sausage Bun,140,50,46,4,Friday,11,Second Inter-monsoon,False,20.4,138.6,65,Rain,False,,False,False
2025-11-28,Vegetable Roti,100,42,41,1,Friday,11,Second Inter-monsoon,False,20.4,138.6,65,Rain,False,,False,False
2025-11-29,Chicken Bun,130,56,49,7,Saturday,11,Second Inter-monsoon,True,20.4,21.7,63,Rain,False,,False,False
2025-11-29,Chicken Pastry,180,87,79,8,Saturday,11,Second Inter-monsoon,True,20.4,21.7,63,Rain,False,,False,False
2025-11-29,Chicken Samosa,90,55,54,1,Saturday,11,Second Inter-monsoon,True,20.4,21.7,63,Rain,False,,False,False
2025-11-29,Cream Bun,120,46,43,3,Saturday,11,Second Inter-monsoon,True,20.4,21.7,63,Rain,False,,False,False
2025-11-29,Egg Roll,100,53,50,3,Saturday,11,Second Inter-monsoon,True,20.4,21.7,63,Rain,False,,False,False
2025-11-29,Fish Bun,120,75,68,7,Saturday,11,Second Inter-monsoon,True,20.4,21.7,63,Rain,False,,False,False
2025-11-29,Fish Patty,110,41,41,0,Saturday,11,Second Inter-monsoon,True,20.4,21.7,63,Rain,False,,False,False
2025-11-29,Mini Pizza,220,46,41,5,Saturday,11,Second Inter-monsoon,True,20.4,21.7,63,Rain,False,,False,False
2025-11-29,Sausage Bun,140,51,50,1,Saturday,11,Second Inter-monsoon,True,20.4,21.7,63,Rain,False,,False,False
2025-11-29,Vegetable Roti,100,43,41,2,Saturday,11,Second Inter-monsoon,True,20.4,21.7,63,Rain,False,,False,False
2025-11-30,Chicken Bun,130,86,76,10,Sunday,11,Second Inter-monsoon,True,21.9,0.0,3,Cloudy,False,,False,False
2025-11-30,Chicken Pastry,180,112,100,12,Sunday,11,Second Inter-monsoon,True,21.9,0.0,3,Cloudy,False,,False,False
2025-11-30,Chicken Samosa,90,80,74,6,Sunday,11,Second Inter-monsoon,True,21.9,0.0,3,Cloudy,False,,False,False
2025-11-30,Cream Bun,120,57,55,2,Sunday,11,Second Inter-monsoon,True,21.9,0.0,3,Cloudy,False,,False,False
2025-11-30,Egg Roll,100,82,79,3,Sunday,11,Second Inter-monsoon,True,21.9,0.0,3,Cloudy,False,,False,False
2025-11-30,Fish Bun,120,87,84,3,Sunday,11,Second Inter-monsoon,True,21.9,0.0,3,Cloudy,False,,False,False
2025-11-30,Fish Patty,110,59,55,4,Sunday,11,Second Inter-monsoon,True,21.9,0.0,3,Cloudy,False,,False,False
2025-11-30,Mini Pizza,220,61,56,5,Sunday,11,Second Inter-monsoon,True,21.9,0.0,3,Cloudy,False,,False,False
2025-11-30,Sausage Bun,140,76,69,7,Sunday,11,Second Inter-monsoon,True,21.9,0.0,3,Cloudy,False,,False,False
2025-11-30,Vegetable Roti,100,63,60,3,Sunday,11,Second Inter-monsoon,True,21.9,0.0,3,Cloudy,False,,False,False
2025-12-01,Chicken Bun,130,80,74,6,Monday,12,Northeast Monsoon,False,21.7,0.5,51,Drizzle,False,,False,False
2025-12-01,Chicken Pastry,180,106,95,11,Monday,12,Northeast Monsoon,False,21.7,0.5,51,Drizzle,False,,False,False
2025-12-01,Chicken Samosa,90,76,70,6,Monday,12,Northeast Monsoon,False,21.7,0.5,51,Drizzle,False,,False,False
2025-12-01,Cream Bun,120,54,49,5,Monday,12,Northeast Monsoon,False,21.7,0.5,51,Drizzle,False,,False,False
2025-12-01,Egg Roll,100,71,65,6,Monday,12,Northeast Monsoon,False,21.7,0.5,51,Drizzle,False,,False,False
2025-12-01,Fish Bun,120,100,92,8,Monday,12,Northeast Monsoon,False,21.7,0.5,51,Drizzle,False,,False,False
2025-12-01,Fish Patty,110,65,61,4,Monday,12,Northeast Monsoon,False,21.7,0.5,51,Drizzle,False,,False,False
2025-12-01,Mini Pizza,220,54,50,4,Monday,12,Northeast Monsoon,False,21.7,0.5,51,Drizzle,False,,False,False
2025-12-01,Sausage Bun,140,72,65,7,Monday,12,Northeast Monsoon,False,21.7,0.5,51,Drizzle,False,,False,False
2025-12-01,Vegetable Roti,100,64,58,6,Monday,12,Northeast Monsoon,False,21.7,0.5,51,Drizzle,False,,False,False
2025-12-02,Chicken Bun,130,79,74,5,Tuesday,12,Northeast Monsoon,False,22.5,0.0,3,Cloudy,False,,False,False
2025-12-02,Chicken Pastry,180,110,100,10,Tuesday,12,Northeast Monsoon,False,22.5,0.0,3,Cloudy,False,,False,False
2025-12-02,Chicken Samosa,90,75,71,4,Tuesday,12,Northeast Monsoon,False,22.5,0.0,3,Cloudy,False,,False,False
2025-12-02,Cream Bun,120,49,47,2,Tuesday,12,Northeast Monsoon,False,22.5,0.0,3,Cloudy,False,,False,False
2025-12-02,Egg Roll,100,75,71,4,Tuesday,12,Northeast Monsoon,False,22.5,0.0,3,Cloudy,False,,False,False
2025-12-02,Fish Bun,120,87,81,6,Tuesday,12,Northeast Monsoon,False,22.5,0.0,3,Cloudy,False,,False,False
2025-12-02,Fish Patty,110,59,54,5,Tuesday,12,Northeast Monsoon,False,22.5,0.0,3,Cloudy,False,,False,False
2025-12-02,Mini Pizza,220,47,43,4,Tuesday,12,Northeast Monsoon,False,22.5,0.0,3,Cloudy,False,,False,False
2025-12-02,Sausage Bun,140,68,67,1,Tuesday,12,Northeast Monsoon,False,22.5,0.0,3,Cloudy,False,,False,False
2025-12-02,Vegetable Roti,100,81,73,8,Tuesday,12,Northeast Monsoon,False,22.5,0.0,3,Cloudy,False,,False,False
2025-12-03,Chicken Bun,130,74,70,4,Wednesday,12,Northeast Monsoon,False,23.3,0.0,3,Cloudy,False,,True,False
2025-12-03,Chicken Pastry,180,96,93,3,Wednesday,12,Northeast Monsoon,False,23.3,0.0,3,Cloudy,False,,True,False
2025-12-03,Chicken Samosa,90,80,72,8,Wednesday,12,Northeast Monsoon,False,23.3,0.0,3,Cloudy,False,,True,False
2025-12-03,Cream Bun,120,53,49,4,Wednesday,12,Northeast Monsoon,False,23.3,0.0,3,Cloudy,False,,True,False
2025-12-03,Egg Roll,100,69,63,6,Wednesday,12,Northeast Monsoon,False,23.3,0.0,3,Cloudy,False,,True,False
2025-12-03,Fish Bun,120,86,82,4,Wednesday,12,Northeast Monsoon,False,23.3,0.0,3,Cloudy,False,,True,False
2025-12-03,Fish Patty,110,55,50,5,Wednesday,12,Northeast Monsoon,False,23.3,0.0,3,Cloudy,False,,True,False
2025-12-03,Mini Pizza,220,60,54,6,Wednesday,12,Northeast Monsoon,False,23.3,0.0,3,Cloudy,False,,True,False
2025-12-03,Sausage Bun,140,73,67,6,Wednesday,12,Northeast Monsoon,False,23.3,0.0,3,Cloudy,False,,True,False
2025-12-03,Vegetable Roti,100,63,60,3,Wednesday,12,Northeast Monsoon,False,23.3,0.0,3,Cloudy,False,,True,False
2025-12-04,Chicken Bun,130,96,88,8,Thursday,12,Northeast Monsoon,False,23.8,0.8,51,Drizzle,True,Unduvap Full Moon Poya Day,False,False
2025-12-04,Chicken Pastry,180,116,107,9,Thursday,12,Northeast Monsoon,False,23.8,0.8,51,Drizzle,True,Unduvap Full Moon Poya Day,False,False
2025-12-04,Chicken Samosa,90,68,66,2,Thursday,12,Northeast Monsoon,False,23.8,0.8,51,Drizzle,True,Unduvap Full Moon Poya Day,False,False
2025-12-04,Cream Bun,120,62,57,5,Thursday,12,Northeast Monsoon,False,23.8,0.8,51,Drizzle,True,Unduvap Full Moon Poya Day,False,False
2025-12-04,Egg Roll,100,79,70,9,Thursday,12,Northeast Monsoon,False,23.8,0.8,51,Drizzle,True,Unduvap Full Moon Poya Day,False,False
2025-12-04,Fish Bun,120,99,94,5,Thursday,12,Northeast Monsoon,False,23.8,0.8,51,Drizzle,True,Unduvap Full Moon Poya Day,False,False
2025-12-04,Fish Patty,110,55,55,0,Thursday,12,Northeast Monsoon,False,23.8,0.8,51,Drizzle,True,Unduvap Full Moon Poya Day,False,False
2025-12-04,Mini Pizza,220,52,50,2,Thursday,12,Northeast Monsoon,False,23.8,0.8,51,Drizzle,True,Unduvap Full Moon Poya Day,False,False
2025-12-04,Sausage Bun,140,69,65,4,Thursday,12,Northeast Monsoon,False,23.8,0.8,51,Drizzle,True,Unduvap Full Moon Poya Day,False,False
2025-12-04,Vegetable Roti,100,70,66,4,Thursday,12,Northeast Monsoon,False,23.8,0.8,51,Drizzle,True,Unduvap Full Moon Poya Day,False,False
2025-12-05,Chicken Bun,130,74,74,0,Friday,12,Northeast Monsoon,False,23.4,1.4,51,Drizzle,False,,False,True
2025-12-05,Chicken Pastry,180,104,99,5,Friday,12,Northeast Monsoon,False,23.4,1.4,51,Drizzle,False,,False,True
2025-12-05,Chicken Samosa,90,70,68,2,Friday,12,Northeast Monsoon,False,23.4,1.4,51,Drizzle,False,,False,True
2025-12-05,Cream Bun,120,52,48,4,Friday,12,Northeast Monsoon,False,23.4,1.4,51,Drizzle,False,,False,True
2025-12-05,Egg Roll,100,67,63,4,Friday,12,Northeast Monsoon,False,23.4,1.4,51,Drizzle,False,,False,True
2025-12-05,Fish Bun,120,89,80,9,Friday,12,Northeast Monsoon,False,23.4,1.4,51,Drizzle,False,,False,True
2025-12-05,Fish Patty,110,71,62,9,Friday,12,Northeast Monsoon,False,23.4,1.4,51,Drizzle,False,,False,True
2025-12-05,Mini Pizza,220,44,39,5,Friday,12,Northeast Monsoon,False,23.4,1.4,51,Drizzle,False,,False,True
2025-12-05,Sausage Bun,140,65,64,1,Friday,12,Northeast Monsoon,False,23.4,1.4,51,Drizzle,False,,False,True
2025-12-05,Vegetable Roti,100,64,60,4,Friday,12,Northeast Monsoon,False,23.4,1.4,51,Drizzle,False,,False,True
2025-12-06,Chicken Bun,130,85,77,8,Saturday,12,Northeast Monsoon,True,23.1,3.7,61,Rain,False,,False,False
2025-12-06,Chicken Pastry,180,95,87,8,Saturday,12,Northeast Monsoon,True,23.1,3.7,61,Rain,False,,False,False
2025-12-06,Chicken Samosa,90,78,71,7,Saturday,12,Northeast Monsoon,True,23.1,3.7,61,Rain,False,,False,False
2025-12-06,Cream Bun,120,58,55,3,Saturday,12,Northeast Monsoon,True,23.1,3.7,61,Rain,False,,False,False
2025-12-06,Egg Roll,100,60,59,1,Saturday,12,Northeast Monsoon,True,23.1,3.7,61,Rain,False,,False,False
2025-12-06,Fish Bun,120,83,76,7,Saturday,12,Northeast Monsoon,True,23.1,3.7,61,Rain,False,,False,False
2025-12-06,Fish Patty,110,61,57,4,Saturday,12,Northeast Monsoon,True,23.1,3.7,61,Rain,False,,False,False
2025-12-06,Mini Pizza,220,46,43,3,Saturday,12,Northeast Monsoon,True,23.1,3.7,61,Rain,False,,False,False
2025-12-06,Sausage Bun,140,69,63,6,Saturday,12,Northeast Monsoon,True,23.1,3.7,61,Rain,False,,False,False
2025-12-06,Vegetable Roti,100,73,67,6,Saturday,12,Northeast Monsoon,True,23.1,3.7,61,Rain,False,,False,False
2025-12-07,Chicken Bun,130,77,72,5,Sunday,12,Northeast Monsoon,True,23.6,0.7,51,Drizzle,False,,False,False
2025-12-07,Chicken Pastry,180,105,95,10,Sunday,12,Northeast Monsoon,True,23.6,0.7,51,Drizzle,False,,False,False
2025-12-07,Chicken Samosa,90,78,74,4,Sunday,12,Northeast Monsoon,True,23.6,0.7,51,Drizzle,False,,False,False
2025-12-07,Cream Bun,120,63,56,7,Sunday,12,Northeast Monsoon,True,23.6,0.7,51,Drizzle,False,,False,False
2025-12-07,Egg Roll,100,77,72,5,Sunday,12,Northeast Monsoon,True,23.6,0.7,51,Drizzle,False,,False,False
2025-12-07,Fish Bun,120,93,87,6,Sunday,12,Northeast Monsoon,True,23.6,0.7,51,Drizzle,False,,False,False
2025-12-07,Fish Patty,110,69,65,4,Sunday,12,Northeast Monsoon,True,23.6,0.7,51,Drizzle,False,,False,False
2025-12-07,Mini Pizza,220,58,52,6,Sunday,12,Northeast Monsoon,True,23.6,0.7,51,Drizzle,False,,False,False
2025-12-07,Sausage Bun,140,77,71,6,Sunday,12,Northeast Monsoon,True,23.6,0.7,51,Drizzle,False,,False,False
2025-12-07,Vegetable Roti,100,67,61,6,Sunday,12,Northeast Monsoon,True,23.6,0.7,51,Drizzle,False,,False,False
2025-12-08,Chicken Bun,130,71,71,0,Monday,12,Northeast Monsoon,False,24.0,0.0,3,Cloudy,False,,False,False
2025-12-08,Chicken Pastry,180,112,102,10,Monday,12,Northeast Monsoon,False,24.0,0.0,3,Cloudy,False,,False,False
2025-12-08,Chicken Samosa,90,82,76,6,Monday,12,Northeast Monsoon,False,24.0,0.0,3,Cloudy,False,,False,False
2025-12-08,Cream Bun,120,50,49,1,Monday,12,Northeast Monsoon,False,24.0,0.0,3,Cloudy,False,,False,False
2025-12-08,Egg Roll,100,70,66,4,Monday,12,Northeast Monsoon,False,24.0,0.0,3,Cloudy,False,,False,False
2025-12-08,Fish Bun,120,69,64,5,Monday,12,Northeast Monsoon,False,24.0,0.0,3,Cloudy,False,,False,False
2025-12-08,Fish Patty,110,49,47,2,Monday,12,Northeast Monsoon,False,24.0,0.0,3,Cloudy,False,,False,False
2025-12-08,Mini Pizza,220,52,48,4,Monday,12,Northeast Monsoon,False,24.0,0.0,3,Cloudy,False,,False,False
2025-12-08,Sausage Bun,140,72,63,9,Monday,12,Northeast Monsoon,False,24.0,0.0,3,Cloudy,False,,False,False
2025-12-08,Vegetable Roti,100,62,61,1,Monday,12,Northeast Monsoon,False,24.0,0.0,3,Cloudy,False,,False,False
2025-12-09,Chicken Bun,130,81,74,7,Tuesday,12,Northeast Monsoon,False,23.3,1.6,53,Drizzle,False,,False,False
2025-12-09,Chicken Pastry,180,100,90,10,Tuesday,12,Northeast Monsoon,False,23.3,1.6,53,Drizzle,False,,False,False
2025-12-09,Chicken Samosa,90,82,75,7,Tuesday,12,Northeast Monsoon,False,23.3,1.6,53,Drizzle,False,,False,False
2025-12-09,Cream Bun,120,50,46,4,Tuesday,12,Northeast Monsoon,False,23.3,1.6,53,Drizzle,False,,False,False
2025-12-09,Egg Roll,100,66,62,4,Tuesday,12,Northeast Monsoon,False,23.3,1.6,53,Drizzle,False,,False,False
2025-12-09,Fish Bun,120,86,79,7,Tuesday,12,Northeast Monsoon,False,23.3,1.6,53,Drizzle,False,,False,False
2025-12-09,Fish Patty,110,65,62,3,Tuesday,12,Northeast Monsoon,False,23.3,1.6,53,Drizzle,False,,False,False
2025-12-09,Mini Pizza,220,45,42,3,Tuesday,12,Northeast Monsoon,False,23.3,1.6,53,Drizzle,False,,False,False
2025-12-09,Sausage Bun,140,63,58,5,Tuesday,12,Northeast Monsoon,False,23.3,1.6,53,Drizzle,False,,False,False
2025-12-09,Vegetable Roti,100,67,63,4,Tuesday,12,Northeast Monsoon,False,23.3,1.6,53,Drizzle,False,,False,False
2025-12-10,Chicken Bun,130,55,49,6,Wednesday,12,Northeast Monsoon,False,22.8,15.0,63,Rain,False,,False,False
2025-12-10,Chicken Pastry,180,67,64,3,Wednesday,12,Northeast Monsoon,False,22.8,15.0,63,Rain,False,,False,False
2025-12-10,Chicken Samosa,90,65,59,6,Wednesday,12,Northeast Monsoon,False,22.8,15.0,63,Rain,False,,False,False
2025-12-10,Cream Bun,120,44,41,3,Wednesday,12,Northeast Monsoon,False,22.8,15.0,63,Rain,False,,False,False
2025-12-10,Egg Roll,100,51,45,6,Wednesday,12,Northeast Monsoon,False,22.8,15.0,63,Rain,False,,False,False
2025-12-10,Fish Bun,120,63,58,5,Wednesday,12,Northeast Monsoon,False,22.8,15.0,63,Rain,False,,False,False
2025-12-10,Fish Patty,110,43,40,3,Wednesday,12,Northeast Monsoon,False,22.8,15.0,63,Rain,False,,False,False
2025-12-10,Mini Pizza,220,38,35,3,Wednesday,12,Northeast Monsoon,False,22.8,15.0,63,Rain,False,,False,False
2025-12-10,Sausage Bun,140,54,49,5,Wednesday,12,Northeast Monsoon,False,22.8,15.0,63,Rain,False,,False,False
2025-12-10,Vegetable Roti,100,50,47,3,Wednesday,12,Northeast Monsoon,False,22.8,15.0,63,Rain,False,,False,False
2025-12-11,Chicken Bun,130,53,51,2,Thursday,12,Northeast Monsoon,False,22.4,20.2,65,Rain,False,,False,False
2025-12-11,Chicken Pastry,180,70,66,4,Thursday,12,Northeast Monsoon,False,22.4,20.2,65,Rain,False,,False,False
2025-12-11,Chicken Samosa,90,60,53,7,Thursday,12,Northeast Monsoon,False,22.4,20.2,65,Rain,False,,False,False
2025-12-11,Cream Bun,120,37,34,3,Thursday,12,Northeast Monsoon,False,22.4,20.2,65,Rain,False,,False,False
2025-12-11,Egg Roll,100,46,42,4,Thursday,12,Northeast Monsoon,False,22.4,20.2,65,Rain,False,,False,False
2025-12-11,Fish Bun,120,59,56,3,Thursday,12,Northeast Monsoon,False,22.4,20.2,65,Rain,False,,False,False
2025-12-11,Fish Patty,110,45,42,3,Thursday,12,Northeast Monsoon,False,22.4,20.2,65,Rain,False,,False,False
2025-12-11,Mini Pizza,220,37,34,3,Thursday,12,Northeast Monsoon,False,22.4,20.2,65,Rain,False,,False,False
2025-12-11,Sausage Bun,140,44,41,3,Thursday,12,Northeast Monsoon,False,22.4,20.2,65,Rain,False,,False,False
2025-12-11,Vegetable Roti,100,46,45,1,Thursday,12,Northeast Monsoon,False,22.4,20.2,65,Rain,False,,False,False
2025-12-12,Chicken Bun,130,56,53,3,Friday,12,Northeast Monsoon,False,23.2,7.8,63,Rain,False,,False,False
2025-12-12,Chicken Pastry,180,69,62,7,Friday,12,Northeast Monsoon,False,23.2,7.8,63,Rain,False,,False,False
2025-12-12,Chicken Samosa,90,68,64,4,Friday,12,Northeast Monsoon,False,23.2,7.8,63,Rain,False,,False,False
2025-12-12,Cream Bun,120,43,40,3,Friday,12,Northeast Monsoon,False,23.2,7.8,63,Rain,False,,False,False
2025-12-12,Egg Roll,100,52,45,7,Friday,12,Northeast Monsoon,False,23.2,7.8,63,Rain,False,,False,False
2025-12-12,Fish Bun,120,61,54,7,Friday,12,Northeast Monsoon,False,23.2,7.8,63,Rain,False,,False,False
2025-12-12,Fish Patty,110,56,53,3,Friday,12,Northeast Monsoon,False,23.2,7.8,63,Rain,False,,False,False
2025-12-12,Mini Pizza,220,35,33,2,Friday,12,Northeast Monsoon,False,23.2,7.8,63,Rain,False,,False,False
2025-12-12,Sausage Bun,140,51,46,5,Friday,12,Northeast Monsoon,False,23.2,7.8,63,Rain,False,,False,False
2025-12-12,Vegetable Roti,100,57,51,6,Friday,12,Northeast Monsoon,False,23.2,7.8,63,Rain,False,,False,False
2025-12-13,Chicken Bun,130,71,63,8,Saturday,12,Northeast Monsoon,True,23.3,15.4,63,Rain,False,,False,False
2025-12-13,Chicken Pastry,180,85,75,10,Saturday,12,Northeast Monsoon,True,23.3,15.4,63,Rain,False,,False,False
2025-12-13,Chicken Samosa,90,71,68,3,Saturday,12,Northeast Monsoon,True,23.3,15.4,63,Rain,False,,False,False
2025-12-13,Cream Bun,120,43,41,2,Saturday,12,Northeast Monsoon,True,23.3,15.4,63,Rain,False,,False,False
2025-12-13,Egg Roll,100,55,50,5,Saturday,12,Northeast Monsoon,True,23.3,15.4,63,Rain,False,,False,False
2025-12-13,Fish Bun,120,66,62,4,Saturday,12,Northeast Monsoon,True,23.3,15.4,63,Rain,False,,False,False
2025-12-13,Fish Patty,110,47,46,1,Saturday,12,Northeast Monsoon,True,23.3,15.4,63,Rain,False,,False,False
2025-12-13,Mini Pizza,220,49,46,3,Saturday,12,Northeast Monsoon,True,23.3,15.4,63,Rain,False,,False,False
2025-12-13,Sausage Bun,140,54,52,2,Saturday,12,Northeast Monsoon,True,23.3,15.4,63,Rain,False,,False,False
2025-12-13,Vegetable Roti,100,47,43,4,Saturday,12,Northeast Monsoon,True,23.3,15.4,63,Rain,False,,False,False
2025-12-14,Chicken Bun,130,87,81,6,Sunday,12,Northeast Monsoon,True,23.4,0.7,51,Drizzle,False,,False,False
2025-12-14,Chicken Pastry,180,118,105,13,Sunday,12,Northeast Monsoon,True,23.4,0.7,51,Drizzle,False,,False,False
2025-12-14,Chicken Samosa,90,73,69,4,Sunday,12,Northeast Monsoon,True,23.4,0.7,51,Drizzle,False,,False,False
2025-12-14,Cream Bun,120,52,52,0,Sunday,12,Northeast Monsoon,True,23.4,0.7,51,Drizzle,False,,False,False
2025-12-14,Egg Roll,100,80,75,5,Sunday,12,Northeast Monsoon,True,23.4,0.7,51,Drizzle,False,,False,False
2025-12-14,Fish Bun,120,92,84,8,Sunday,12,Northeast Monsoon,True,23.4,0.7,51,Drizzle,False,,False,False
2025-12-14,Fish Patty,110,71,65,6,Sunday,12,Northeast Monsoon,True,23.4,0.7,51,Drizzle,False,,False,False
2025-12-14,Mini Pizza,220,61,56,5,Sunday,12,Northeast Monsoon,True,23.4,0.7,51,Drizzle,False,,False,False
2025-12-14,Sausage Bun,140,92,84,8,Sunday,12,Northeast Monsoon,True,23.4,0.7,51,Drizzle,False,,False,False
2025-12-14,Vegetable Roti,100,60,58,2,Sunday,12,Northeast Monsoon,True,23.4,0.7,51,Drizzle,False,,False,False
2025-12-15,Chicken Bun,130,72,70,2,Monday,12,Northeast Monsoon,False,23.8,0.7,51,Drizzle,False,,False,False
2025-12-15,Chicken Pastry,180,118,107,11,Monday,12,Northeast Monsoon,False,23.8,0.7,51,Drizzle,False,,False,False
2025-12-15,Chicken Samosa,90,77,71,6,Monday,12,Northeast Monsoon,False,23.8,0.7,51,Drizzle,False,,False,False
2025-12-15,Cream Bun,120,59,53,6,Monday,12,Northeast Monsoon,False,23.8,0.7,51,Drizzle,False,,False,False
2025-12-15,Egg Roll,100,66,62,4,Monday,12,Northeast Monsoon,False,23.8,0.7,51,Drizzle,False,,False,False
2025-12-15,Fish Bun,120,76,73,3,Monday,12,Northeast Monsoon,False,23.8,0.7,51,Drizzle,False,,False,False
2025-12-15,Fish Patty,110,56,52,4,Monday,12,Northeast Monsoon,False,23.8,0.7,51,Drizzle,False,,False,False
2025-12-15,Mini Pizza,220,45,44,1,Monday,12,Northeast Monsoon,False,23.8,0.7,51,Drizzle,False,,False,False
2025-12-15,Sausage Bun,140,66,63,3,Monday,12,Northeast Monsoon,False,23.8,0.7,51,Drizzle,False,,False,False
2025-12-15,Vegetable Roti,100,74,69,5,Monday,12,Northeast Monsoon,False,23.8,0.7,51,Drizzle,False,,False,False
2025-12-16,Chicken Bun,130,69,67,2,Tuesday,12,Northeast Monsoon,False,24.1,0.6,51,Drizzle,False,,False,False
2025-12-16,Chicken Pastry,180,101,88,13,Tuesday,12,Northeast Monsoon,False,24.1,0.6,51,Drizzle,False,,False,False
2025-12-16,Chicken Samosa,90,74,63,11,Tuesday,12,Northeast Monsoon,False,24.1,0.6,51,Drizzle,False,,False,False
2025-12-16,Cream Bun,120,57,53,4,Tuesday,12,Northeast Monsoon,False,24.1,0.6,51,Drizzle,False,,False,False
2025-12-16,Egg Roll,100,59,56,3,Tuesday,12,Northeast Monsoon,False,24.1,0.6,51,Drizzle,False,,False,False
2025-12-16,Fish Bun,120,83,82,1,Tuesday,12,Northeast Monsoon,False,24.1,0.6,51,Drizzle,False,,False,False
2025-12-16,Fish Patty,110,70,65,5,Tuesday,12,Northeast Monsoon,False,24.1,0.6,51,Drizzle,False,,False,False
2025-12-16,Mini Pizza,220,52,46,6,Tuesday,12,Northeast Monsoon,False,24.1,0.6,51,Drizzle,False,,False,False
2025-12-16,Sausage Bun,140,70,62,8,Tuesday,12,Northeast Monsoon,False,24.1,0.6,51,Drizzle,False,,False,False
2025-12-16,Vegetable Roti,100,74,67,7,Tuesday,12,Northeast Monsoon,False,24.1,0.6,51,Drizzle,False,,False,False
2025-12-17,Chicken Bun,130,80,72,8,Wednesday,12,Northeast Monsoon,False,23.3,2.3,51,Drizzle,False,,False,False
2025-12-17,Chicken Pastry,180,96,87,9,Wednesday,12,Northeast Monsoon,False,23.3,2.3,51,Drizzle,False,,False,False
2025-12-17,Chicken Samosa,90,80,71,9,Wednesday,12,Northeast Monsoon,False,23.3,2.3,51,Drizzle,False,,False,False
2025-12-17,Cream Bun,120,52,47,5,Wednesday,12,Northeast Monsoon,False,23.3,2.3,51,Drizzle,False,,False,False
2025-12-17,Egg Roll,100,72,65,7,Wednesday,12,Northeast Monsoon,False,23.3,2.3,51,Drizzle,False,,False,False
2025-12-17,Fish Bun,120,85,80,5,Wednesday,12,Northeast Monsoon,False,23.3,2.3,51,Drizzle,False,,False,False
2025-12-17,Fish Patty,110,60,56,4,Wednesday,12,Northeast Monsoon,False,23.3,2.3,51,Drizzle,False,,False,False
2025-12-17,Mini Pizza,220,48,43,5,Wednesday,12,Northeast Monsoon,False,23.3,2.3,51,Drizzle,False,,False,False
2025-12-17,Sausage Bun,140,54,51,3,Wednesday,12,Northeast Monsoon,False,23.3,2.3,51,Drizzle,False,,False,False
2025-12-17,Vegetable Roti,100,58,55,3,Wednesday,12,Northeast Monsoon,False,23.3,2.3,51,Drizzle,False,,False,False
2025-12-18,Chicken Bun,130,57,53,4,Thursday,12,Northeast Monsoon,False,22.9,7.8,61,Rain,False,,False,False
2025-12-18,Chicken Pastry,180,80,75,5,Thursday,12,Northeast Monsoon,False,22.9,7.8,61,Rain,False,,False,False
2025-12-18,Chicken Samosa,90,79,68,11,Thursday,12,Northeast Monsoon,False,22.9,7.8,61,Rain,False,,False,False
2025-12-18,Cream Bun,120,44,41,3,Thursday,12,Northeast Monsoon,False,22.9,7.8,61,Rain,False,,False,False
2025-12-18,Egg Roll,100,58,51,7,Thursday,12,Northeast Monsoon,False,22.9,7.8,61,Rain,False,,False,False
2025-12-18,Fish Bun,120,72,66,6,Thursday,12,Northeast Monsoon,False,22.9,7.8,61,Rain,False,,False,False
2025-12-18,Fish Patty,110,55,51,4,Thursday,12,Northeast Monsoon,False,22.9,7.8,61,Rain,False,,False,False
2025-12-18,Mini Pizza,220,40,36,4,Thursday,12,Northeast Monsoon,False,22.9,7.8,61,Rain,False,,False,False
2025-12-18,Sausage Bun,140,50,45,5,Thursday,12,Northeast Monsoon,False,22.9,7.8,61,Rain,False,,False,False
2025-12-18,Vegetable Roti,100,52,48,4,Thursday,12,Northeast Monsoon,False,22.9,7.8,61,Rain,False,,False,False
2025-12-19,Chicken Bun,130,65,56,9,Friday,12,Northeast Monsoon,False,23.5,3.3,61,Rain,False,,False,False
2025-12-19,Chicken Pastry,180,98,93,5,Friday,12,Northeast Monsoon,False,23.5,3.3,61,Rain,False,,False,False
2025-12-19,Chicken Samosa,90,83,82,1,Friday,12,Northeast Monsoon,False,23.5,3.3,61,Rain,False,,False,False
2025-12-19,Cream Bun,120,48,46,2,Friday,12,Northeast Monsoon,False,23.5,3.3,61,Rain,False,,False,False
2025-12-19,Egg Roll,100,60,58,2,Friday,12,Northeast Monsoon,False,23.5,3.3,61,Rain,False,,False,False
2025-12-19,Fish Bun,120,81,76,5,Friday,12,Northeast Monsoon,False,23.5,3.3,61,Rain,False,,False,False
2025-12-19,Fish Patty,110,56,54,2,Friday,12,Northeast Monsoon,False,23.5,3.3,61,Rain,False,,False,False
2025-12-19,Mini Pizza,220,41,41,0,Friday,12,Northeast Monsoon,False,23.5,3.3,61,Rain,False,,False,False
2025-12-19,Sausage Bun,140,69,60,9,Friday,12,Northeast Monsoon,False,23.5,3.3,61,Rain,False,,False,False
2025-12-19,Vegetable Roti,100,62,56,6,Friday,12,Northeast Monsoon,False,23.5,3.3,61,Rain,False,,False,False
2025-12-20,Chicken Bun,130,79,75,4,Saturday,12,Northeast Monsoon,True,23.2,2.5,53,Drizzle,False,,False,False
2025-12-20,Chicken Pastry,180,109,105,4,Saturday,12,Northeast Monsoon,True,23.2,2.5,53,Drizzle,False,,False,False
2025-12-20,Chicken Samosa,90,83,76,7,Saturday,12,Northeast Monsoon,True,23.2,2.5,53,Drizzle,False,,False,False
2025-12-20,Cream Bun,120,58,53,5,Saturday,12,Northeast Monsoon,True,23.2,2.5,53,Drizzle,False,,False,False
2025-12-20,Egg Roll,100,65,60,5,Saturday,12,Northeast Monsoon,True,23.2,2.5,53,Drizzle,False,,False,False
2025-12-20,Fish Bun,120,92,84,8,Saturday,12,Northeast Monsoon,True,23.2,2.5,53,Drizzle,False,,False,False
2025-12-20,Fish Patty,110,62,58,4,Saturday,12,Northeast Monsoon,True,23.2,2.5,53,Drizzle,False,,False,False
2025-12-20,Mini Pizza,220,54,50,4,Saturday,12,Northeast Monsoon,True,23.2,2.5,53,Drizzle,False,,False,False
2025-12-20,Sausage Bun,140,77,74,3,Saturday,12,Northeast Monsoon,True,23.2,2.5,53,Drizzle,False,,False,False
2025-12-20,Vegetable Roti,100,77,73,4,Saturday,12,Northeast Monsoon,True,23.2,2.5,53,Drizzle,False,,False,False
2025-12-21,Chicken Bun,130,99,88,11,Sunday,12,Northeast Monsoon,True,23.1,3.1,61,Rain,False,,False,False
2025-12-21,Chicken Pastry,180,125,116,9,Sunday,12,Northeast Monsoon,True,23.1,3.1,61,Rain,False,,False,False
2025-12-21,Chicken Samosa,90,84,80,4,Sunday,12,Northeast Monsoon,True,23.1,3.1,61,Rain,False,,False,False
2025-12-21,Cream Bun,120,65,60,5,Sunday,12,Northeast Monsoon,True,23.1,3.1,61,Rain,False,,False,False
2025-12-21,Egg Roll,100,75,70,5,Sunday,12,Northeast Monsoon,True,23.1,3.1,61,Rain,False,,False,False
2025-12-21,Fish Bun,120,87,80,7,Sunday,12,Northeast Monsoon,True,23.1,3.1,61,Rain,False,,False,False
2025-12-21,Fish Patty,110,69,64,5,Sunday,12,Northeast Monsoon,True,23.1,3.1,61,Rain,False,,False,False
2025-12-21,Mini Pizza,220,55,52,3,Sunday,12,Northeast Monsoon,True,23.1,3.1,61,Rain,False,,False,False
2025-12-21,Sausage Bun,140,72,64,8,Sunday,12,Northeast Monsoon,True,23.1,3.1,61,Rain,False,,False,False
2025-12-21,Vegetable Roti,100,76,69,7,Sunday,12,Northeast Monsoon,True,23.1,3.1,61,Rain,False,,False,False
2025-12-22,Chicken Bun,130,86,80,6,Monday,12,Northeast Monsoon,False,23.7,0.0,3,Cloudy,False,,False,False
2025-12-22,Chicken Pastry,180,125,113,12,Monday,12,Northeast Monsoon,False,23.7,0.0,3,Cloudy,False,,False,False
2025-12-22,Chicken Samosa,90,81,79,2,Monday,12,Northeast Monsoon,False,23.7,0.0,3,Cloudy,False,,False,False
2025-12-22,Cream Bun,120,66,63,3,Monday,12,Northeast Monsoon,False,23.7,0.0,3,Cloudy,False,,False,False
2025-12-22,Egg Roll,100,67,67,0,Monday,12,Northeast Monsoon,False,23.7,0.0,3,Cloudy,False,,False,False
2025-12-22,Fish Bun,120,93,86,7,Monday,12,Northeast Monsoon,False,23.7,0.0,3,Cloudy,False,,False,False
2025-12-22,Fish Patty,110,64,59,5,Monday,12,Northeast Monsoon,False,23.7,0.0,3,Cloudy,False,,False,False
2025-12-22,Mini Pizza,220,62,57,5,Monday,12,Northeast Monsoon,False,23.7,0.0,3,Cloudy,False,,False,False
2025-12-22,Sausage Bun,140,74,69,5,Monday,12,Northeast Monsoon,False,23.7,0.0,3,Cloudy,False,,False,False
2025-12-22,Vegetable Roti,100,62,59,3,Monday,12,Northeast Monsoon,False,23.7,0.0,3,Cloudy,False,,False,False
2025-12-23,Chicken Bun,130,78,74,4,Tuesday,12,Northeast Monsoon,False,23.5,1.2,53,Drizzle,False,,False,False
2025-12-23,Chicken Pastry,180,104,93,11,Tuesday,12,Northeast Monsoon,False,23.5,1.2,53,Drizzle,False,,False,False
2025-12-23,Chicken Samosa,90,75,69,6,Tuesday,12,Northeast Monsoon,False,23.5,1.2,53,Drizzle,False,,False,False
2025-12-23,Cream Bun,120,58,55,3,Tuesday,12,Northeast Monsoon,False,23.5,1.2,53,Drizzle,False,,False,False
2025-12-23,Egg Roll,100,75,71,4,Tuesday,12,Northeast Monsoon,False,23.5,1.2,53,Drizzle,False,,False,False
2025-12-23,Fish Bun,120,79,70,9,Tuesday,12,Northeast Monsoon,False,23.5,1.2,53,Drizzle,False,,False,False
2025-12-23,Fish Patty,110,73,68,5,Tuesday,12,Northeast Monsoon,False,23.5,1.2,53,Drizzle,False,,False,False
2025-12-23,Mini Pizza,220,50,48,2,Tuesday,12,Northeast Monsoon,False,23.5,1.2,53,Drizzle,False,,False,False
2025-12-23,Sausage Bun,140,75,66,9,Tuesday,12,Northeast Monsoon,False,23.5,1.2,53,Drizzle,False,,False,False
2025-12-23,Vegetable Roti,100,69,60,9,Tuesday,12,Northeast Monsoon,False,23.5,1.2,53,Drizzle,False,,False,False
2025-12-24,Chicken Bun,130,85,75,10,Wednesday,12,Northeast Monsoon,False,23.3,1.5,51,Drizzle,False,,True,False
2025-12-24,Chicken Pastry,180,102,94,8,Wednesday,12,Northeast Monsoon,False,23.3,1.5,51,Drizzle,False,,True,False
2025-12-24,Chicken Samosa,90,84,75,9,Wednesday,12,Northeast Monsoon,False,23.3,1.5,51,Drizzle,False,,True,False
2025-12-24,Cream Bun,120,58,53,5,Wednesday,12,Northeast Monsoon,False,23.3,1.5,51,Drizzle,False,,True,False
2025-12-24,Egg Roll,100,68,63,5,Wednesday,12,Northeast Monsoon,False,23.3,1.5,51,Drizzle,False,,True,False
2025-12-24,Fish Bun,120,81,73,8,Wednesday,12,Northeast Monsoon,False,23.3,1.5,51,Drizzle,False,,True,False
2025-12-24,Fish Patty,110,71,62,9,Wednesday,12,Northeast Monsoon,False,23.3,1.5,51,Drizzle,False,,True,False
2025-12-24,Mini Pizza,220,53,50,3,Wednesday,12,Northeast Monsoon,False,23.3,1.5,51,Drizzle,False,,True,False
2025-12-24,Sausage Bun,140,80,72,8,Wednesday,12,Northeast Monsoon,False,23.3,1.5,51,Drizzle,False,,True,False
2025-12-24,Vegetable Roti,100,71,62,9,Wednesday,12,Northeast Monsoon,False,23.3,1.5,51,Drizzle,False,,True,False
2025-12-25,Chicken Bun,130,85,75,10,Thursday,12,Northeast Monsoon,False,23.1,0.0,3,Cloudy,True,Christmas Day,False,False
2025-12-25,Chicken Pastry,180,139,131,8,Thursday,12,Northeast Monsoon,False,23.1,0.0,3,Cloudy,True,Christmas Day,False,False
2025-12-25,Chicken Samosa,90,89,76,13,Thursday,12,Northeast Monsoon,False,23.1,0.0,3,Cloudy,True,Christmas Day,False,False
2025-12-25,Cream Bun,120,69,68,1,Thursday,12,Northeast Monsoon,False,23.1,0.0,3,Cloudy,True,Christmas Day,False,False
2025-12-25,Egg Roll,100,86,82,4,Thursday,12,Northeast Monsoon,False,23.1,0.0,3,Cloudy,True,Christmas Day,False,False
2025-12-25,Fish Bun,120,93,89,4,Thursday,12,Northeast Monsoon,False,23.1,0.0,3,Cloudy,True,Christmas Day,False,False
2025-12-25,Fish Patty,110,76,67,9,Thursday,12,Northeast Monsoon,False,23.1,0.0,3,Cloudy,True,Christmas Day,False,False
2025-12-25,Mini Pizza,220,63,60,3,Thursday,12,Northeast Monsoon,False,23.1,0.0,3,Cloudy,True,Christmas Day,False,False
2025-12-25,Sausage Bun,140,96,86,10,Thursday,12,Northeast Monsoon,False,23.1,0.0,3,Cloudy,True,Christmas Day,False,False
2025-12-25,Vegetable Roti,100,82,75,7,Thursday,12,Northeast Monsoon,False,23.1,0.0,3,Cloudy,True,Christmas Day,False,False
2025-12-26,Chicken Bun,130,79,75,4,Friday,12,Northeast Monsoon,False,23.1,0.0,3,Cloudy,False,,False,True
2025-12-26,Chicken Pastry,180,102,98,4,Friday,12,Northeast Monsoon,False,23.1,0.0,3,Cloudy,False,,False,True
2025-12-26,Chicken Samosa,90,76,71,5,Friday,12,Northeast Monsoon,False,23.1,0.0,3,Cloudy,False,,False,True
2025-12-26,Cream Bun,120,58,55,3,Friday,12,Northeast Monsoon,False,23.1,0.0,3,Cloudy,False,,False,True
2025-12-26,Egg Roll,100,74,66,8,Friday,12,Northeast Monsoon,False,23.1,0.0,3,Cloudy,False,,False,True
2025-12-26,Fish Bun,120,89,87,2,Friday,12,Northeast Monsoon,False,23.1,0.0,3,Cloudy,False,,False,True
2025-12-26,Fish Patty,110,68,64,4,Friday,12,Northeast Monsoon,False,23.1,0.0,3,Cloudy,False,,False,True
2025-12-26,Mini Pizza,220,58,55,3,Friday,12,Northeast Monsoon,False,23.1,0.0,3,Cloudy,False,,False,True
2025-12-26,Sausage Bun,140,74,66,8,Friday,12,Northeast Monsoon,False,23.1,0.0,3,Cloudy,False,,False,True
2025-12-26,Vegetable Roti,100,73,68,5,Friday,12,Northeast Monsoon,False,23.1,0.0,3,Cloudy,False,,False,True
2025-12-27,Chicken Bun,130,95,84,11,Saturday,12,Northeast Monsoon,True,23.4,1.8,51,Drizzle,False,,False,False
2025-12-27,Chicken Pastry,180,134,128,6,Saturday,12,Northeast Monsoon,True,23.4,1.8,51,Drizzle,False,,False,False
2025-12-27,Chicken Samosa,90,99,95,4,Saturday,12,Northeast Monsoon,True,23.4,1.8,51,Drizzle,False,,False,False
2025-12-27,Cream Bun,120,77,66,11,Saturday,12,Northeast Monsoon,True,23.4,1.8,51,Drizzle,False,,False,False
2025-12-27,Egg Roll,100,77,72,5,Saturday,12,Northeast Monsoon,True,23.4,1.8,51,Drizzle,False,,False,False
2025-12-27,Fish Bun,120,96,89,7,Saturday,12,Northeast Monsoon,True,23.4,1.8,51,Drizzle,False,,False,False
2025-12-27,Fish Patty,110,77,70,7,Saturday,12,Northeast Monsoon,True,23.4,1.8,51,Drizzle,False,,False,False
2025-12-27,Mini Pizza,220,66,60,6,Saturday,12,Northeast Monsoon,True,23.4,1.8,51,Drizzle,False,,False,False
2025-12-27,Sausage Bun,140,83,79,4,Saturday,12,Northeast Monsoon,True,23.4,1.8,51,Drizzle,False,,False,False
2025-12-27,Vegetable Roti,100,81,74,7,Saturday,12,Northeast Monsoon,True,23.4,1.8,51,Drizzle,False,,False,False
2025-12-28,Chicken Bun,130,86,79,7,Sunday,12,Northeast Monsoon,True,23.8,0.5,51,Drizzle,False,,False,False
2025-12-28,Chicken Pastry,180,127,120,7,Sunday,12,Northeast Monsoon,True,23.8,0.5,51,Drizzle,False,,False,False
2025-12-28,Chicken Samosa,90,84,82,2,Sunday,12,Northeast Monsoon,True,23.8,0.5,51,Drizzle,False,,False,False
2025-12-28,Cream Bun,120,70,64,6,Sunday,12,Northeast Monsoon,True,23.8,0.5,51,Drizzle,False,,False,False
2025-12-28,Egg Roll,100,80,78,2,Sunday,12,Northeast Monsoon,True,23.8,0.5,51,Drizzle,False,,False,False
2025-12-28,Fish Bun,120,103,96,7,Sunday,12,Northeast Monsoon,True,23.8,0.5,51,Drizzle,False,,False,False
2025-12-28,Fish Patty,110,78,68,10,Sunday,12,Northeast Monsoon,True,23.8,0.5,51,Drizzle,False,,False,False
2025-12-28,Mini Pizza,220,66,58,8,Sunday,12,Northeast Monsoon,True,23.8,0.5,51,Drizzle,False,,False,False
2025-12-28,Sausage Bun,140,95,88,7,Sunday,12,Northeast Monsoon,True,23.8,0.5,51,Drizzle,False,,False,False
2025-12-28,Vegetable Roti,100,80,74,6,Sunday,12,Northeast Monsoon,True,23.8,0.5,51,Drizzle,False,,False,False
2025-12-29,Chicken Bun,130,89,81,8,Monday,12,Northeast Monsoon,False,24.0,1.1,51,Drizzle,False,,False,False
2025-12-29,Chicken Pastry,180,98,95,3,Monday,12,Northeast Monsoon,False,24.0,1.1,51,Drizzle,False,,False,False
2025-12-29,Chicken Samosa,90,80,75,5,Monday,12,Northeast Monsoon,False,24.0,1.1,51,Drizzle,False,,False,False
2025-12-29,Cream Bun,120,58,56,2,Monday,12,Northeast Monsoon,False,24.0,1.1,51,Drizzle,False,,False,False
2025-12-29,Egg Roll,100,76,68,8,Monday,12,Northeast Monsoon,False,24.0,1.1,51,Drizzle,False,,False,False
2025-12-29,Fish Bun,120,77,72,5,Monday,12,Northeast Monsoon,False,24.0,1.1,51,Drizzle,False,,False,False
2025-12-29,Fish Patty,110,63,57,6,Monday,12,Northeast Monsoon,False,24.0,1.1,51,Drizzle,False,,False,False
2025-12-29,Mini Pizza,220,53,50,3,Monday,12,Northeast Monsoon,False,24.0,1.1,51,Drizzle,False,,False,False
2025-12-29,Sausage Bun,140,82,72,10,Monday,12,Northeast Monsoon,False,24.0,1.1,51,Drizzle,False,,False,False
2025-12-29,Vegetable Roti,100,74,67,7,Monday,12,Northeast Monsoon,False,24.0,1.1,51,Drizzle,False,,False,False
2025-12-30,Chicken Bun,130,89,80,9,Tuesday,12,Northeast Monsoon,False,24.2,2.6,53,Drizzle,False,,False,False
2025-12-30,Chicken Pastry,180,101,92,9,Tuesday,12,Northeast Monsoon,False,24.2,2.6,53,Drizzle,False,,False,False
2025-12-30,Chicken Samosa,90,81,77,4,Tuesday,12,Northeast Monsoon,False,24.2,2.6,53,Drizzle,False,,False,False
2025-12-30,Cream Bun,120,53,51,2,Tuesday,12,Northeast Monsoon,False,24.2,2.6,53,Drizzle,False,,False,False
2025-12-30,Egg Roll,100,71,68,3,Tuesday,12,Northeast Monsoon,False,24.2,2.6,53,Drizzle,False,,False,False
2025-12-30,Fish Bun,120,91,82,9,Tuesday,12,Northeast Monsoon,False,24.2,2.6,53,Drizzle,False,,False,False
2025-12-30,Fish Patty,110,67,59,8,Tuesday,12,Northeast Monsoon,False,24.2,2.6,53,Drizzle,False,,False,False
2025-12-30,Mini Pizza,220,50,49,1,Tuesday,12,Northeast Monsoon,False,24.2,2.6,53,Drizzle,False,,False,False
2025-12-30,Sausage Bun,140,68,65,3,Tuesday,12,Northeast Monsoon,False,24.2,2.6,53,Drizzle,False,,False,False
2025-12-30,Vegetable Roti,100,64,60,4,Tuesday,12,Northeast Monsoon,False,24.2,2.6,53,Drizzle,False,,False,False
2025-12-31,Chicken Bun,130,59,53,6,Wednesday,12,Northeast Monsoon,False,23.1,15.9,63,Rain,False,,False,False
2025-12-31,Chicken Pastry,180,83,75,8,Wednesday,12,Northeast Monsoon,False,23.1,15.9,63,Rain,False,,False,False
2025-12-31,Chicken Samosa,90,59,55,4,Wednesday,12,Northeast Monsoon,False,23.1,15.9,63,Rain,False,,False,False
2025-12-31,Cream Bun,120,40,38,2,Wednesday,12,Northeast Monsoon,False,23.1,15.9,63,Rain,False,,False,False
2025-12-31,Egg Roll,100,57,54,3,Wednesday,12,Northeast Monsoon,False,23.1,15.9,63,Rain,False,,False,False
2025-12-31,Fish Bun,120,71,66,5,Wednesday,12,Northeast Monsoon,False,23.1,15.9,63,Rain,False,,False,False
2025-12-31,Fish Patty,110,50,47,3,Wednesday,12,Northeast Monsoon,False,23.1,15.9,63,Rain,False,,False,False
2025-12-31,Mini Pizza,220,38,34,4,Wednesday,12,Northeast Monsoon,False,23.1,15.9,63,Rain,False,,False,False
2025-12-31,Sausage Bun,140,55,52,3,Wednesday,12,Northeast Monsoon,False,23.1,15.9,63,Rain,False,,False,False
2025-12-31,Vegetable Roti,100,54,48,6,Wednesday,12,Northeast Monsoon,False,23.1,15.9,63,Rain,False,,False,False
