Date,Product,Base_Price_LKR,Units_Produced,Units_Sold
2024-01-01,Chicken Bun,130,54,49
2024-01-01,Chicken Pastry,180,69,66
2024-01-01,Chicken Samosa,90,63,58
2024-01-01,Cream Bun,120,39,35
2024-01-01,Egg Roll,100,38,37
2024-01-01,Fish Bun,120,66,59
2024-01-01,Fish Patty,110,42,40
2024-01-01,Mini Pizza,220,35,33
2024-01-01,Sausage Bun,140,46,44
2024-01-01,Vegetable Roti,100,47,44
2024-01-02,Chicken Bun,130,58,54
2024-01-02,Chicken Pastry,180,67,63
2024-01-02,Chicken Samosa,90,58,53
2024-01-02,Cream Bun,120,36,34
2024-01-02,Egg Roll,100,47,44
2024-01-02,Fish Bun,120,68,63
2024-01-02,Fish Patty,110,47,43
2024-01-02,Mini Pizza,220,34,32
2024-01-02,Sausage Bun,140,49,44
2024-01-02,Vegetable Roti,100,52,48
2024-01-03,Chicken Bun,130,72,65
2024-01-03,Chicken Pastry,180,101,92
2024-01-03,Chicken Samosa,90,68,61
2024-01-03,Cream Bun,120,45,42
2024-01-03,Egg Roll,100,65,60
2024-01-03,Fish Bun,120,74,68
2024-01-03,Fish Patty,110,61,56
2024-01-03,Mini Pizza,220,48,42
2024-01-03,Sausage Bun,140,59,56
2024-01-03,Vegetable Roti,100,64,59
2024-01-04,Chicken Bun,130,59,57
2024-01-04,Chicken Pastry,180,81,76
2024-01-04,Chicken Samosa,90,73,68
2024-01-04,Cream Bun,120,48,44
2024-01-04,Egg Roll,100,69,62
2024-01-04,Fish Bun,120,79,72
2024-01-04,Fish Patty,110,60,56
2024-01-04,Mini Pizza,220,45,41
2024-01-04,Sausage Bun,140,64,58
2024-01-04,Vegetable Roti,100,57,54
2024-01-05,Chicken Bun,130,67,62
2024-01-05,Chicken Pastry,180,87,82
2024-01-05,Chicken Samosa,90,68,65
2024-01-05,Cream Bun,120,44,41
2024-01-05,Egg Roll,100,55,50
2024-01-05,Fish Bun,120,70,66
2024-01-05,Fish Patty,110,57,52
2024-01-05,Mini Pizza,220,34,33
2024-01-05,Sausage Bun,140,48,47
2024-01-05,Vegetable Roti,100,55,51
2024-01-06,Chicken Bun,130,58,53
2024-01-06,Chicken Pastry,180,79,70
2024-01-06,Chicken Samosa,90,68,63
2024-01-06,Cream Bun,120,39,38
2024-01-06,Egg Roll,100,46,43
2024-01-06,Fish Bun,120,62,56
2024-01-06,Fish Patty,110,46,45
2024-01-06,Mini Pizza,220,42,39
2024-01-06,Sausage Bun,140,50,47
2024-01-06,Vegetable Roti,100,44,41
2024-01-07,Chicken Bun,130,67,65
2024-01-07,Chicken Pastry,180,93,86
2024-01-07,Chicken Samosa,90,96,81
2024-01-07,Cream Bun,120,57,53
2024-01-07,Egg Roll,100,72,66
2024-01-07,Fish Bun,120,88,78
2024-01-07,Fish Patty,110,56,53
2024-01-07,Mini Pizza,220,54,49
2024-01-07,Sausage Bun,140,57,55
2024-01-07,Vegetable Roti,100,66,64
2024-01-08,Chicken Bun,130,59,57
2024-01-08,Chicken Pastry,180,85,81
2024-01-08,Chicken Samosa,90,63,61
2024-01-08,Cream Bun,120,38,36
2024-01-08,Egg Roll,100,55,52
2024-01-08,Fish Bun,120,62,57
2024-01-08,Fish Patty,110,59,54
2024-01-08,Mini Pizza,220,40,36
2024-01-08,Sausage Bun,140,61,53
2024-01-08,Vegetable Roti,100,54,50
2024-01-09,Chicken Bun,130,55,50
2024-01-09,Chicken Pastry,180,67,64
2024-01-09,Chicken Samosa,90,64,59
2024-01-09,Cream Bun,120,35,34
2024-01-09,Egg Roll,100,57,54
2024-01-09,Fish Bun,120,77,73
2024-01-09,Fish Patty,110,50,46
2024-01-09,Mini Pizza,220,39,36
2024-01-09,Sausage Bun,140,47,43
2024-01-09,Vegetable Roti,100,58,53
2024-01-10,Chicken Bun,130,56,52
2024-01-10,Chicken Pastry,180,77,71
2024-01-10,Chicken Samosa,90,52,48
2024-01-10,Cream Bun,120,38,34
2024-01-10,Egg Roll,100,51,45
2024-01-10,Fish Bun,120,57,51
2024-01-10,Fish Patty,110,40,35
2024-01-10,Mini Pizza,220,36,34
2024-01-10,Sausage Bun,140,41,39
2024-01-10,Vegetable Roti,100,43,41
2024-01-11,Chicken Bun,130,54,52
2024-01-11,Chicken Pastry,180,75,66
2024-01-11,Chicken Samosa,90,60,57
2024-01-11,Cream Bun,120,37,35
2024-01-11,Egg Roll,100,43,40
2024-01-11,Fish Bun,120,66,60
2024-01-11,Fish Patty,110,44,41
2024-01-11,Mini Pizza,220,37,33
2024-01-11,Sausage Bun,140,47,42
2024-01-11,Vegetable Roti,100,46,44
2024-01-12,Chicken Bun,130,60,57
2024-01-12,Chicken Pastry,180,96,88
2024-01-12,Chicken Samosa,90,65,61
2024-01-12,Cream Bun,120,56,50
2024-01-12,Egg Roll,100,65,60
2024-01-12,Fish Bun,120,76,73
2024-01-12,Fish Patty,110,53,50
2024-01-12,Mini Pizza,220,40,37
2024-01-12,Sausage Bun,140,59,56
2024-01-12,Vegetable Roti,100,76,66
2024-01-13,Chicken Bun,130,74,68
2024-01-13,Chicken Pastry,180,100,93
2024-01-13,Chicken Samosa,90,73,71
2024-01-13,Cream Bun,120,65,62
2024-01-13,Egg Roll,100,78,75
2024-01-13,Fish Bun,120,71,69
2024-01-13,Fish Patty,110,74,71
2024-01-13,Mini Pizza,220,59,55
2024-01-13,Sausage Bun,140,71,64
2024-01-13,Vegetable Roti,100,63,55
2024-01-14,Chicken Bun,130,72,66
2024-01-14,Chicken Pastry,180,104,97
2024-01-14,Chicken Samosa,90,85,78
2024-01-14,Cream Bun,120,62,54
2024-01-14,Egg Roll,100,75,67
2024-01-14,Fish Bun,120,86,81
2024-01-14,Fish Patty,110,63,58
2024-01-14,Mini Pizza,220,51,49
2024-01-14,Sausage Bun,140,79,72
2024-01-14,Vegetable Roti,100,66,60
2024-01-15,Chicken Bun,130,77,71
2024-01-15,Chicken Pastry,180,107,105
2024-01-15,Chicken Samosa,90,70,64
2024-01-15,Cream Bun,120,63,63
2024-01-15,Egg Roll,100,65,61
2024-01-15,Fish Bun,120,95,87
2024-01-15,Fish Patty,110,64,59
2024-01-15,Mini Pizza,220,58,54
2024-01-15,Sausage Bun,140,71,65
2024-01-15,Vegetable Roti,100,67,62
2024-01-16,Chicken Bun,130,77,70
2024-01-16,Chicken Pastry,180,104,101
2024-01-16,Chicken Samosa,90,75,72
2024-01-16,Cream Bun,120,60,55
2024-01-16,Egg Roll,100,63,60
2024-01-16,Fish Bun,120,83,78
2024-01-16,Fish Patty,110,65,57
2024-01-16,Mini Pizza,220,48,45
2024-01-16,Sausage Bun,140,67,63
2024-01-16,Vegetable Roti,100,62,55
2024-01-17,Chicken Bun,130,79,72
2024-01-17,Chicken Pastry,180,102,95
2024-01-17,Chicken Samosa,90,79,72
2024-01-17,Cream Bun,120,48,46
2024-01-17,Egg Roll,100,75,68
2024-01-17,Fish Bun,120,87,79
2024-01-17,Fish Patty,110,52,49
2024-01-17,Mini Pizza,220,46,42
2024-01-17,Sausage Bun,140,61,59
2024-01-17,Vegetable Roti,100,53,49
2024-01-18,Chicken Bun,130,72,65
2024-01-18,Chicken Pastry,180,80,73
2024-01-18,Chicken Samosa,90,66,61
2024-01-18,Cream Bun,120,51,46
2024-01-18,Egg Roll,100,68,67
2024-01-18,Fish Bun,120,79,72
2024-01-18,Fish Patty,110,53,47
2024-01-18,Mini Pizza,220,48,44
2024-01-18,Sausage Bun,140,69,63
2024-01-18,Vegetable Roti,100,58,53
2024-01-19,Chicken Bun,130,70,62
2024-01-19,Chicken Pastry,180,93,85
2024-01-19,Chicken Samosa,90,78,73
2024-01-19,Cream Bun,120,54,49
2024-01-19,Egg Roll,100,66,58
2024-01-19,Fish Bun,120,79,76
2024-01-19,Fish Patty,110,59,53
2024-01-19,Mini Pizza,220,41,41
2024-01-19,Sausage Bun,140,70,60
2024-01-19,Vegetable Roti,100,55,52
2024-01-20,Chicken Bun,130,58,54
2024-01-20,Chicken Pastry,180,101,90
2024-01-20,Chicken Samosa,90,76,72
2024-01-20,Cream Bun,120,50,46
2024-01-20,Egg Roll,100,56,53
2024-01-20,Fish Bun,120,68,66
2024-01-20,Fish Patty,110,57,55
2024-01-20,Mini Pizza,220,51,47
2024-01-20,Sausage Bun,140,67,62
2024-01-20,Vegetable Roti,100,64,58
2024-01-21,Chicken Bun,130,62,62
2024-01-21,Chicken Pastry,180,107,98
2024-01-21,Chicken Samosa,90,81,72
2024-01-21,Cream Bun,120,58,52
2024-01-21,Egg Roll,100,72,67
2024-01-21,Fish Bun,120,90,84
2024-01-21,Fish Patty,110,51,49
2024-01-21,Mini Pizza,220,65,58
2024-01-21,Sausage Bun,140,68,63
2024-01-21,Vegetable Roti,100,65,59
2024-01-22,Chicken Bun,130,65,59
2024-01-22,Chicken Pastry,180,94,89
2024-01-22,Chicken Samosa,90,69,63
2024-01-22,Cream Bun,120,49,48
2024-01-22,Egg Roll,100,60,56
2024-01-22,Fish Bun,120,71,69
2024-01-22,Fish Patty,110,52,48
2024-01-22,Mini Pizza,220,45,43
2024-01-22,Sausage Bun,140,67,63
2024-01-22,Vegetable Roti,100,67,59
2024-01-23,Chicken Bun,130,69,63
2024-01-23,Chicken Pastry,180,95,87
2024-01-23,Chicken Samosa,90,73,68
2024-01-23,Cream Bun,120,65,56
2024-01-23,Egg Roll,100,60,58
2024-01-23,Fish Bun,120,83,74
2024-01-23,Fish Patty,110,63,58
2024-01-23,Mini Pizza,220,50,48
2024-01-23,Sausage Bun,140,64,59
2024-01-23,Vegetable Roti,100,64,60
2024-01-24,Chicken Bun,130,70,66
2024-01-24,Chicken Pastry,180,97,92
2024-01-24,Chicken Samosa,90,78,67
2024-01-24,Cream Bun,120,52,48
2024-01-24,Egg Roll,100,59,55
2024-01-24,Fish Bun,120,64,64
2024-01-24,Fish Patty,110,62,59
2024-01-24,Mini Pizza,220,50,48
2024-01-24,Sausage Bun,140,66,62
2024-01-24,Vegetable Roti,100,63,55
2024-01-25,Chicken Bun,130,85,78
2024-01-25,Chicken Pastry,180,116,103
2024-01-25,Chicken Samosa,90,64,62
2024-01-25,Cream Bun,120,61,56
2024-01-25,Egg Roll,100,71,66
2024-01-25,Fish Bun,120,90,82
2024-01-25,Fish Patty,110,62,56
2024-01-25,Mini Pizza,220,49,46
2024-01-25,Sausage Bun,140,71,64
2024-01-25,Vegetable Roti,100,62,57
2024-01-26,Chicken Bun,130,61,57
2024-01-26,Chicken Pastry,180,109,98
2024-01-26,Chicken Samosa,90,81,71
2024-01-26,Cream Bun,120,53,49
2024-01-26,Egg Roll,100,51,48
2024-01-26,Fish Bun,120,71,69
2024-01-26,Fish Patty,110,57,52
2024-01-26,Mini Pizza,220,50,47
2024-01-26,Sausage Bun,140,69,63
2024-01-26,Vegetable Roti,100,72,66
2024-01-27,Chicken Bun,130,72,69
2024-01-27,Chicken Pastry,180,97,92
2024-01-27,Chicken Samosa,90,62,59
2024-01-27,Cream Bun,120,59,54
2024-01-27,Egg Roll,100,77,72
2024-01-27,Fish Bun,120,94,88
2024-01-27,Fish Patty,110,67,59
2024-01-27,Mini Pizza,220,57,51
2024-01-27,Sausage Bun,140,63,57
2024-01-27,Vegetable Roti,100,72,66
2024-01-28,Chicken Bun,130,79,72
2024-01-28,Chicken Pastry,180,90,86
2024-01-28,Chicken Samosa,90,68,65
2024-01-28,Cream Bun,120,64,56
2024-01-28,Egg Roll,100,68,63
2024-01-28,Fish Bun,120,86,80
2024-01-28,Fish Patty,110,67,61
2024-01-28,Mini Pizza,220,51,49
2024-01-28,Sausage Bun,140,68,64
2024-01-28,Vegetable Roti,100,63,60
2024-01-29,Chicken Bun,130,60,56
2024-01-29,Chicken Pastry,180,94,86
2024-01-29,Chicken Samosa,90,70,64
2024-01-29,Cream Bun,120,49,47
2024-01-29,Egg Roll,100,69,62
2024-01-29,Fish Bun,120,75,71
2024-01-29,Fish Patty,110,60,55
2024-01-29,Mini Pizza,220,52,46
2024-01-29,Sausage Bun,140,60,58
2024-01-29,Vegetable Roti,100,57,54
2024-01-30,Chicken Bun,130,52,48
2024-01-30,Chicken Pastry,180,58,56
2024-01-30,Chicken Samosa,90,62,61
2024-01-30,Cream Bun,120,41,40
2024-01-30,Egg Roll,100,61,53
2024-01-30,Fish Bun,120,65,62
2024-01-30,Fish Patty,110,53,47
2024-01-30,Mini Pizza,220,34,31
2024-01-30,Sausage Bun,140,46,43
2024-01-30,Vegetable Roti,100,47,45
2024-01-31,Chicken Bun,130,47,43
2024-01-31,Chicken Pastry,180,71,67
2024-01-31,Chicken Samosa,90,60,53
2024-01-31,Cream Bun,120,34,31
2024-01-31,Egg Roll,100,45,41
2024-01-31,Fish Bun,120,66,62
2024-01-31,Fish Patty,110,38,35
2024-01-31,Mini Pizza,220,37,34
2024-01-31,Sausage Bun,140,41,40
2024-01-31,Vegetable Roti,100,51,47
2024-02-01,Chicken Bun,130,58,50
2024-02-01,Chicken Pastry,180,65,60
2024-02-01,Chicken Samosa,90,54,49
2024-02-01,Cream Bun,120,33,33
2024-02-01,Egg Roll,100,46,43
2024-02-01,Fish Bun,120,55,52
2024-02-01,Fish Patty,110,35,35
2024-02-01,Mini Pizza,220,32,31
2024-02-01,Sausage Bun,140,43,40
2024-02-01,Vegetable Roti,100,43,38
2024-02-02,Chicken Bun,130,73,68
2024-02-02,Chicken Pastry,180,81,73
2024-02-02,Chicken Samosa,90,74,69
2024-02-02,Cream Bun,120,52,50
2024-02-02,Egg Roll,100,59,55
2024-02-02,Fish Bun,120,86,79
2024-02-02,Fish Patty,110,54,51
2024-02-02,Mini Pizza,220,41,38
2024-02-02,Sausage Bun,140,63,58
2024-02-02,Vegetable Roti,100,56,55
2024-02-03,Chicken Bun,130,78,72
2024-02-03,Chicken Pastry,180,91,84
2024-02-03,Chicken Samosa,90,77,72
2024-02-03,Cream Bun,120,53,51
2024-02-03,Egg Roll,100,63,62
2024-02-03,Fish Bun,120,77,72
2024-02-03,Fish Patty,110,54,54
2024-02-03,Mini Pizza,220,67,61
2024-02-03,Sausage Bun,140,73,67
2024-02-03,Vegetable Roti,100,56,51
2024-02-04,Chicken Bun,130,80,75
2024-02-04,Chicken Pastry,180,120,109
2024-02-04,Chicken Samosa,90,75,70
2024-02-04,Cream Bun,120,62,62
2024-02-04,Egg Roll,100,68,64
2024-02-04,Fish Bun,120,97,91
2024-02-04,Fish Patty,110,62,58
2024-02-04,Mini Pizza,220,47,45
2024-02-04,Sausage Bun,140,65,62
2024-02-04,Vegetable Roti,100,72,64
2024-02-05,Chicken Bun,130,66,60
2024-02-05,Chicken Pastry,180,96,90
2024-02-05,Chicken Samosa,90,64,61
2024-02-05,Cream Bun,120,44,41
2024-02-05,Egg Roll,100,64,61
2024-02-05,Fish Bun,120,68,63
2024-02-05,Fish Patty,110,55,50
2024-02-05,Mini Pizza,220,39,35
2024-02-05,Sausage Bun,140,56,54
2024-02-05,Vegetable Roti,100,54,49
2024-02-06,Chicken Bun,130,69,64
2024-02-06,Chicken Pastry,180,96,86
2024-02-06,Chicken Samosa,90,56,56
2024-02-06,Cream Bun,120,53,49
2024-02-06,Egg Roll,100,61,54
2024-02-06,Fish Bun,120,60,58
2024-02-06,Fish Patty,110,50,48
2024-02-06,Mini Pizza,220,51,46
2024-02-06,Sausage Bun,140,63,58
2024-02-06,Vegetable Roti,100,61,55
2024-02-07,Chicken Bun,130,67,63
2024-02-07,Chicken Pastry,180,104,93
2024-02-07,Chicken Samosa,90,74,68
2024-02-07,Cream Bun,120,51,44
2024-02-07,Egg Roll,100,66,59
2024-02-07,Fish Bun,120,66,65
2024-02-07,Fish Patty,110,53,51
2024-02-07,Mini Pizza,220,44,40
2024-02-07,Sausage Bun,140,73,65
2024-02-07,Vegetable Roti,100,68,62
2024-02-08,Chicken Bun,130,79,70
2024-02-08,Chicken Pastry,180,105,95
2024-02-08,Chicken Samosa,90,67,65
2024-02-08,Cream Bun,120,54,48
2024-02-08,Egg Roll,100,61,60
2024-02-08,Fish Bun,120,82,74
2024-02-08,Fish Patty,110,54,47
2024-02-08,Mini Pizza,220,44,40
2024-02-08,Sausage Bun,140,62,57
2024-02-08,Vegetable Roti,100,58,55
2024-02-09,Chicken Bun,130,61,59
2024-02-09,Chicken Pastry,180,93,86
2024-02-09,Chicken Samosa,90,75,69
2024-02-09,Cream Bun,120,54,49
2024-02-09,Egg Roll,100,63,58
2024-02-09,Fish Bun,120,89,80
2024-02-09,Fish Patty,110,52,48
2024-02-09,Mini Pizza,220,53,47
2024-02-09,Sausage Bun,140,54,50
2024-02-09,Vegetable Roti,100,59,55
2024-02-10,Chicken Bun,130,71,67
2024-02-10,Chicken Pastry,180,94,90
2024-02-10,Chicken Samosa,90,74,71
2024-02-10,Cream Bun,120,58,55
2024-02-10,Egg Roll,100,77,69
2024-02-10,Fish Bun,120,86,79
2024-02-10,Fish Patty,110,60,55
2024-02-10,Mini Pizza,220,54,50
2024-02-10,Sausage Bun,140,65,60
2024-02-10,Vegetable Roti,100,59,57
2024-02-11,Chicken Bun,130,79,70
2024-02-11,Chicken Pastry,180,105,93
2024-02-11,Chicken Samosa,90,85,80
2024-02-11,Cream Bun,120,52,49
2024-02-11,Egg Roll,100,58,54
2024-02-11,Fish Bun,120,70,70
2024-02-11,Fish Patty,110,61,61
2024-02-11,Mini Pizza,220,56,50
2024-02-11,Sausage Bun,140,62,59
2024-02-11,Vegetable Roti,100,62,58
2024-02-12,Chicken Bun,130,64,60
2024-02-12,Chicken Pastry,180,106,98
2024-02-12,Chicken Samosa,90,61,55
2024-02-12,Cream Bun,120,54,50
2024-02-12,Egg Roll,100,63,58
2024-02-12,Fish Bun,120,85,79
2024-02-12,Fish Patty,110,55,49
2024-02-12,Mini Pizza,220,48,44
2024-02-12,Sausage Bun,140,63,58
2024-02-12,Vegetable Roti,100,74,67
2024-02-13,Chicken Bun,130,65,62
2024-02-13,Chicken Pastry,180,79,77
2024-02-13,Chicken Samosa,90,68,63
2024-02-13,Cream Bun,120,51,47
2024-02-13,Egg Roll,100,60,54
2024-02-13,Fish Bun,120,74,68
2024-02-13,Fish Patty,110,53,49
2024-02-13,Mini Pizza,220,44,41
2024-02-13,Sausage Bun,140,49,48
2024-02-13,Vegetable Roti,100,51,48
2024-02-14,Chicken Bun,130,60,57
2024-02-14,Chicken Pastry,180,95,85
2024-02-14,Chicken Samosa,90,67,65
2024-02-14,Cream Bun,120,48,44
2024-02-14,Egg Roll,100,57,52
2024-02-14,Fish Bun,120,65,63
2024-02-14,Fish Patty,110,42,41
2024-02-14,Mini Pizza,220,41,39
2024-02-14,Sausage Bun,140,60,54
2024-02-14,Vegetable Roti,100,62,58
2024-02-15,Chicken Bun,130,63,58
2024-02-15,Chicken Pastry,180,95,88
2024-02-15,Chicken Samosa,90,71,70
2024-02-15,Cream Bun,120,52,49
2024-02-15,Egg Roll,100,63,55
2024-02-15,Fish Bun,120,78,69
2024-02-15,Fish Patty,110,54,52
2024-02-15,Mini Pizza,220,52,47
2024-02-15,Sausage Bun,140,68,61
2024-02-15,Vegetable Roti,100,55,53
2024-02-16,Chicken Bun,130,66,60
2024-02-16,Chicken Pastry,180,85,81
2024-02-16,Chicken Samosa,90,76,68
2024-02-16,Cream Bun,120,56,49
2024-02-16,Egg Roll,100,64,56
2024-02-16,Fish Bun,120,73,69
2024-02-16,Fish Patty,110,54,50
2024-02-16,Mini Pizza,220,40,37
2024-02-16,Sausage Bun,140,63,57
2024-02-16,Vegetable Roti,100,57,52
2024-02-17,Chicken Bun,130,65,59
2024-02-17,Chicken Pastry,180,108,97
2024-02-17,Chicken Samosa,90,76,69
2024-02-17,Cream Bun,120,57,55
2024-02-17,Egg Roll,100,68,64
2024-02-17,Fish Bun,120,89,79
2024-02-17,Fish Patty,110,58,58
2024-02-17,Mini Pizza,220,58,50
2024-02-17,Sausage Bun,140,67,59
2024-02-17,Vegetable Roti,100,59,59
2024-02-18,Chicken Bun,130,72,67
2024-02-18,Chicken Pastry,180,117,108
2024-02-18,Chicken Samosa,90,68,62
2024-02-18,Cream Bun,120,59,54
2024-02-18,Egg Roll,100,64,62
2024-02-18,Fish Bun,120,76,71
2024-02-18,Fish Patty,110,65,60
2024-02-18,Mini Pizza,220,60,56
2024-02-18,Sausage Bun,140,61,58
2024-02-18,Vegetable Roti,100,60,57
2024-02-19,Chicken Bun,130,75,66
2024-02-19,Chicken Pastry,180,91,89
2024-02-19,Chicken Samosa,90,71,64
2024-02-19,Cream Bun,120,60,53
2024-02-19,Egg Roll,100,65,59
2024-02-19,Fish Bun,120,79,71
2024-02-19,Fish Patty,110,54,51
2024-02-19,Mini Pizza,220,49,45
2024-02-19,Sausage Bun,140,61,56
2024-02-19,Vegetable Roti,100,52,48
2024-02-20,Chicken Bun,130,62,55
2024-02-20,Chicken Pastry,180,88,83
2024-02-20,Chicken Samosa,90,67,61
2024-02-20,Cream Bun,120,44,43
2024-02-20,Egg Roll,100,62,57
2024-02-20,Fish Bun,120,73,66
2024-02-20,Fish Patty,110,59,54
2024-02-20,Mini Pizza,220,44,41
2024-02-20,Sausage Bun,140,53,51
2024-02-20,Vegetable Roti,100,60,56
2024-02-21,Chicken Bun,130,73,67
2024-02-21,Chicken Pastry,180,95,87
2024-02-21,Chicken Samosa,90,74,67
2024-02-21,Cream Bun,120,49,45
2024-02-21,Egg Roll,100,51,48
2024-02-21,Fish Bun,120,78,71
2024-02-21,Fish Patty,110,57,51
2024-02-21,Mini Pizza,220,49,46
2024-02-21,Sausage Bun,140,58,54
2024-02-21,Vegetable Roti,100,49,45
2024-02-22,Chicken Bun,130,60,56
2024-02-22,Chicken Pastry,180,88,79
2024-02-22,Chicken Samosa,90,70,64
2024-02-22,Cream Bun,120,55,47
2024-02-22,Egg Roll,100,57,54
2024-02-22,Fish Bun,120,79,73
2024-02-22,Fish Patty,110,53,48
2024-02-22,Mini Pizza,220,47,43
2024-02-22,Sausage Bun,140,58,51
2024-02-22,Vegetable Roti,100,56,51
2024-02-23,Chicken Bun,130,70,67
2024-02-23,Chicken Pastry,180,106,94
2024-02-23,Chicken Samosa,90,75,66
2024-02-23,Cream Bun,120,53,52
2024-02-23,Egg Roll,100,64,59
2024-02-23,Fish Bun,120,83,74
2024-02-23,Fish Patty,110,67,62
2024-02-23,Mini Pizza,220,64,54
2024-02-23,Sausage Bun,140,63,58
2024-02-23,Vegetable Roti,100,58,53
2024-02-24,Chicken Bun,130,70,65
2024-02-24,Chicken Pastry,180,104,97
2024-02-24,Chicken Samosa,90,83,74
2024-02-24,Cream Bun,120,61,56
2024-02-24,Egg Roll,100,67,63
2024-02-24,Fish Bun,120,85,79
2024-02-24,Fish Patty,110,62,58
2024-02-24,Mini Pizza,220,63,57
2024-02-24,Sausage Bun,140,66,59
2024-02-24,Vegetable Roti,100,52,51
2024-02-25,Chicken Bun,130,81,76
2024-02-25,Chicken Pastry,180,115,104
2024-02-25,Chicken Samosa,90,74,71
2024-02-25,Cream Bun,120,53,49
2024-02-25,Egg Roll,100,63,57
2024-02-25,Fish Bun,120,88,80
2024-02-25,Fish Patty,110,68,61
2024-02-25,Mini Pizza,220,60,56
2024-02-25,Sausage Bun,140,68,63
2024-02-25,Vegetable Roti,100,55,52
2024-02-26,Chicken Bun,130,61,57
2024-02-26,Chicken Pastry,180,95,88
2024-02-26,Chicken Samosa,90,68,63
2024-02-26,Cream Bun,120,50,44
2024-02-26,Egg Roll,100,61,57
2024-02-26,Fish Bun,120,70,65
2024-02-26,Fish Patty,110,50,50
2024-02-26,Mini Pizza,220,45,42
2024-02-26,Sausage Bun,140,63,56
2024-02-26,Vegetable Roti,100,66,61
2024-02-27,Chicken Bun,130,69,62
2024-02-27,Chicken Pastry,180,96,96
2024-02-27,Chicken Samosa,90,54,52
2024-02-27,Cream Bun,120,50,47
2024-02-27,Egg Roll,100,64,58
2024-02-27,Fish Bun,120,63,59
2024-02-27,Fish Patty,110,62,56
2024-02-27,Mini Pizza,220,48,42
2024-02-27,Sausage Bun,140,64,59
2024-02-27,Vegetable Roti,100,59,55
2024-02-28,Chicken Bun,130,56,55
2024-02-28,Chicken Pastry,180,81,76
2024-02-28,Chicken Samosa,90,71,65
2024-02-28,Cream Bun,120,47,45
2024-02-28,Egg Roll,100,56,53
2024-02-28,Fish Bun,120,70,68
2024-02-28,Fish Patty,110,53,50
2024-02-28,Mini Pizza,220,42,39
2024-02-28,Sausage Bun,140,56,55
2024-02-28,Vegetable Roti,100,72,63
2024-02-29,Chicken Bun,130,75,67
2024-02-29,Chicken Pastry,180,83,75
2024-02-29,Chicken Samosa,90,73,70
2024-02-29,Cream Bun,120,49,44
2024-02-29,Egg Roll,100,59,57
2024-02-29,Fish Bun,120,72,65
2024-02-29,Fish Patty,110,57,53
2024-02-29,Mini Pizza,220,39,37
2024-02-29,Sausage Bun,140,74,64
2024-02-29,Vegetable Roti,100,57,52
2024-03-01,Chicken Bun,130,71,67
2024-03-01,Chicken Pastry,180,84,79
2024-03-01,Chicken Samosa,90,66,59
2024-03-01,Cream Bun,120,50,47
2024-03-01,Egg Roll,100,59,56
2024-03-01,Fish Bun,120,79,73
2024-03-01,Fish Patty,110,68,62
2024-03-01,Mini Pizza,220,38,38
2024-03-01,Sausage Bun,140,47,46
2024-03-01,Vegetable Roti,100,55,52
2024-03-02,Chicken Bun,130,69,66
2024-03-02,Chicken Pastry,180,109,97
2024-03-02,Chicken Samosa,90,84,74
2024-03-02,Cream Bun,120,54,50
2024-03-02,Egg Roll,100,65,59
2024-03-02,Fish Bun,120,90,81
2024-03-02,Fish Patty,110,65,59
2024-03-02,Mini Pizza,220,57,52
2024-03-02,Sausage Bun,140,68,65
2024-03-02,Vegetable Roti,100,66,62
2024-03-03,Chicken Bun,130,84,74
2024-03-03,Chicken Pastry,180,112,107
2024-03-03,Chicken Samosa,90,85,80
2024-03-03,Cream Bun,120,56,51
2024-03-03,Egg Roll,100,75,69
2024-03-03,Fish Bun,120,93,88
2024-03-03,Fish Patty,110,57,56
2024-03-03,Mini Pizza,220,59,55
2024-03-03,Sausage Bun,140,63,60
2024-03-03,Vegetable Roti,100,58,57
2024-03-04,Chicken Bun,130,79,70
2024-03-04,Chicken Pastry,180,102,94
2024-03-04,Chicken Samosa,90,72,67
2024-03-04,Cream Bun,120,51,47
2024-03-04,Egg Roll,100,63,59
2024-03-04,Fish Bun,120,81,76
2024-03-04,Fish Patty,110,62,56
2024-03-04,Mini Pizza,220,48,42
2024-03-04,Sausage Bun,140,59,55
2024-03-04,Vegetable Roti,100,57,52
2024-03-05,Chicken Bun,130,68,64
2024-03-05,Chicken Pastry,180,95,95
2024-03-05,Chicken Samosa,90,62,59
2024-03-05,Cream Bun,120,46,46
2024-03-05,Egg Roll,100,64,59
2024-03-05,Fish Bun,120,66,60
2024-03-05,Fish Patty,110,68,61
2024-03-05,Mini Pizza,220,40,38
2024-03-05,Sausage Bun,140,65,59
2024-03-05,Vegetable Roti,100,53,49
2024-03-06,Chicken Bun,130,63,57
2024-03-06,Chicken Pastry,180,88,87
2024-03-06,Chicken Samosa,90,64,57
2024-03-06,Cream Bun,120,49,45
2024-03-06,Egg Roll,100,57,57
2024-03-06,Fish Bun,120,82,74
2024-03-06,Fish Patty,110,45,42
2024-03-06,Mini Pizza,220,47,43
2024-03-06,Sausage Bun,140,69,60
2024-03-06,Vegetable Roti,100,56,50
2024-03-07,Chicken Bun,130,56,54
2024-03-07,Chicken Pastry,180,87,82
2024-03-07,Chicken Samosa,90,84,78
2024-03-07,Cream Bun,120,56,51
2024-03-07,Egg Roll,100,67,60
2024-03-07,Fish Bun,120,73,71
2024-03-07,Fish Patty,110,58,52
2024-03-07,Mini Pizza,220,50,45
2024-03-07,Sausage Bun,140,68,59
2024-03-07,Vegetable Roti,100,57,56
2024-03-08,Chicken Bun,130,75,68
2024-03-08,Chicken Pastry,180,100,91
2024-03-08,Chicken Samosa,90,74,69
2024-03-08,Cream Bun,120,54,49
2024-03-08,Egg Roll,100,67,58
2024-03-08,Fish Bun,120,86,81
2024-03-08,Fish Patty,110,66,61
2024-03-08,Mini Pizza,220,52,49
2024-03-08,Sausage Bun,140,79,72
2024-03-08,Vegetable Roti,100,63,60
2024-03-09,Chicken Bun,130,68,61
2024-03-09,Chicken Pastry,180,105,94
2024-03-09,Chicken Samosa,90,81,72
2024-03-09,Cream Bun,120,57,56
2024-03-09,Egg Roll,100,67,61
2024-03-09,Fish Bun,120,75,68
2024-03-09,Fish Patty,110,69,62
2024-03-09,Mini Pizza,220,59,54
2024-03-09,Sausage Bun,140,69,63
2024-03-09,Vegetable Roti,100,60,53
2024-03-10,Chicken Bun,130,74,65
2024-03-10,Chicken Pastry,180,106,106
2024-03-10,Chicken Samosa,90,76,74
2024-03-10,Cream Bun,120,57,52
2024-03-10,Egg Roll,100,60,55
2024-03-10,Fish Bun,120,82,76
2024-03-10,Fish Patty,110,61,58
2024-03-10,Mini Pizza,220,58,54
2024-03-10,Sausage Bun,140,62,54
2024-03-10,Vegetable Roti,100,67,64
2024-03-11,Chicken Bun,130,71,61
2024-03-11,Chicken Pastry,180,102,95
2024-03-11,Chicken Samosa,90,76,70
2024-03-11,Cream Bun,120,47,42
2024-03-11,Egg Roll,100,62,56
2024-03-11,Fish Bun,120,74,70
2024-03-11,Fish Patty,110,58,53
2024-03-11,Mini Pizza,220,57,51
2024-03-11,Sausage Bun,140,67,64
2024-03-11,Vegetable Roti,100,62,56
2024-03-12,Chicken Bun,130,64,61
2024-03-12,Chicken Pastry,180,91,85
2024-03-12,Chicken Samosa,90,66,59
2024-03-12,Cream Bun,120,45,44
2024-03-12,Egg Roll,100,62,59
2024-03-12,Fish Bun,120,82,73
2024-03-12,Fish Patty,110,61,55
2024-03-12,Mini Pizza,220,42,42
2024-03-12,Sausage Bun,140,64,59
2024-03-12,Vegetable Roti,100,65,58
2024-03-13,Chicken Bun,130,67,61
2024-03-13,Chicken Pastry,180,90,82
2024-03-13,Chicken Samosa,90,80,73
2024-03-13,Cream Bun,120,50,47
2024-03-13,Egg Roll,100,63,58
2024-03-13,Fish Bun,120,71,63
2024-03-13,Fish Patty,110,54,51
2024-03-13,Mini Pizza,220,54,50
2024-03-13,Sausage Bun,140,68,63
2024-03-13,Vegetable Roti,100,73,64
2024-03-14,Chicken Bun,130,71,63
2024-03-14,Chicken Pastry,180,97,92
2024-03-14,Chicken Samosa,90,71,62
2024-03-14,Cream Bun,120,47,47
2024-03-14,Egg Roll,100,67,62
2024-03-14,Fish Bun,120,72,66
2024-03-14,Fish Patty,110,48,47
2024-03-14,Mini Pizza,220,51,50
2024-03-14,Sausage Bun,140,60,56
2024-03-14,Vegetable Roti,100,51,49
2024-03-15,Chicken Bun,130,64,59
2024-03-15,Chicken Pastry,180,98,89
2024-03-15,Chicken Samosa,90,71,68
2024-03-15,Cream Bun,120,47,45
2024-03-15,Egg Roll,100,65,62
2024-03-15,Fish Bun,120,77,71
2024-03-15,Fish Patty,110,58,53
2024-03-15,Mini Pizza,220,46,44
2024-03-15,Sausage Bun,140,58,56
2024-03-15,Vegetable Roti,100,60,58
2024-03-16,Chicken Bun,130,76,69
2024-03-16,Chicken Pastry,180,98,93
2024-03-16,Chicken Samosa,90,69,68
2024-03-16,Cream Bun,120,58,57
2024-03-16,Egg Roll,100,68,62
2024-03-16,Fish Bun,120,93,85
2024-03-16,Fish Patty,110,71,65
2024-03-16,Mini Pizza,220,55,49
2024-03-16,Sausage Bun,140,60,55
2024-03-16,Vegetable Roti,100,53,49
2024-03-17,Chicken Bun,130,77,71
2024-03-17,Chicken Pastry,180,87,87
2024-03-17,Chicken Samosa,90,74,65
2024-03-17,Cream Bun,120,60,58
2024-03-17,Egg Roll,100,68,61
2024-03-17,Fish Bun,120,82,76
2024-03-17,Fish Patty,110,52,47
2024-03-17,Mini Pizza,220,56,55
2024-03-17,Sausage Bun,140,75,72
2024-03-17,Vegetable Roti,100,68,63
2024-03-18,Chicken Bun,130,58,55
2024-03-18,Chicken Pastry,180,94,85
2024-03-18,Chicken Samosa,90,73,68
2024-03-18,Cream Bun,120,48,45
2024-03-18,Egg Roll,100,69,64
2024-03-18,Fish Bun,120,77,72
2024-03-18,Fish Patty,110,60,55
2024-03-18,Mini Pizza,220,45,41
2024-03-18,Sausage Bun,140,55,52
2024-03-18,Vegetable Roti,100,49,47
2024-03-19,Chicken Bun,130,68,63
2024-03-19,Chicken Pastry,180,91,84
2024-03-19,Chicken Samosa,90,59,54
2024-03-19,Cream Bun,120,53,49
2024-03-19,Egg Roll,100,57,54
2024-03-19,Fish Bun,120,69,66
2024-03-19,Fish Patty,110,56,55
2024-03-19,Mini Pizza,220,48,43
2024-03-19,Sausage Bun,140,53,51
2024-03-19,Vegetable Roti,100,54,50
2024-03-20,Chicken Bun,130,58,56
2024-03-20,Chicken Pastry,180,101,94
2024-03-20,Chicken Samosa,90,75,72
2024-03-20,Cream Bun,120,49,46
2024-03-20,Egg Roll,100,58,57
2024-03-20,Fish Bun,120,77,73
2024-03-20,Fish Patty,110,51,48
2024-03-20,Mini Pizza,220,48,44
2024-03-20,Sausage Bun,140,65,59
2024-03-20,Vegetable Roti,100,50,45
2024-03-21,Chicken Bun,130,61,57
2024-03-21,Chicken Pastry,180,83,74
2024-03-21,Chicken Samosa,90,65,62
2024-03-21,Cream Bun,120,42,39
2024-03-21,Egg Roll,100,58,51
2024-03-21,Fish Bun,120,73,71
2024-03-21,Fish Patty,110,50,47
2024-03-21,Mini Pizza,220,41,40
2024-03-21,Sausage Bun,140,53,48
2024-03-21,Vegetable Roti,100,58,53
2024-03-22,Chicken Bun,130,54,51
2024-03-22,Chicken Pastry,180,85,79
2024-03-22,Chicken Samosa,90,65,61
2024-03-22,Cream Bun,120,43,40
2024-03-22,Egg Roll,100,60,54
2024-03-22,Fish Bun,120,77,69
2024-03-22,Fish Patty,110,56,50
2024-03-22,Mini Pizza,220,32,29
2024-03-22,Sausage Bun,140,58,52
2024-03-22,Vegetable Roti,100,48,42
2024-03-23,Chicken Bun,130,72,64
2024-03-23,Chicken Pastry,180,91,83
2024-03-23,Chicken Samosa,90,79,73
2024-03-23,Cream Bun,120,57,53
2024-03-23,Egg Roll,100,60,55
2024-03-23,Fish Bun,120,68,62
2024-03-23,Fish Patty,110,58,55
2024-03-23,Mini Pizza,220,51,50
2024-03-23,Sausage Bun,140,62,60
2024-03-23,Vegetable Roti,100,64,57
2024-03-24,Chicken Bun,130,61,60
2024-03-24,Chicken Pastry,180,99,95
2024-03-24,Chicken Samosa,90,70,65
2024-03-24,Cream Bun,120,50,46
2024-03-24,Egg Roll,100,64,61
2024-03-24,Fish Bun,120,83,73
2024-03-24,Fish Patty,110,56,53
2024-03-24,Mini Pizza,220,52,48
2024-03-24,Sausage Bun,140,54,53
2024-03-24,Vegetable Roti,100,59,55
2024-03-25,Chicken Bun,130,61,60
2024-03-25,Chicken Pastry,180,80,77
2024-03-25,Chicken Samosa,90,61,56
2024-03-25,Cream Bun,120,46,43
2024-03-25,Egg Roll,100,62,56
2024-03-25,Fish Bun,120,76,68
2024-03-25,Fish Patty,110,58,52
2024-03-25,Mini Pizza,220,49,42
2024-03-25,Sausage Bun,140,57,52
2024-03-25,Vegetable Roti,100,57,52
2024-03-26,Chicken Bun,130,58,58
2024-03-26,Chicken Pastry,180,82,77
2024-03-26,Chicken Samosa,90,69,67
2024-03-26,Cream Bun,120,52,48
2024-03-26,Egg Roll,100,67,58
2024-03-26,Fish Bun,120,70,70
2024-03-26,Fish Patty,110,59,55
2024-03-26,Mini Pizza,220,41,39
2024-03-26,Sausage Bun,140,56,52
2024-03-26,Vegetable Roti,100,57,52
2024-03-27,Chicken Bun,130,49,45
2024-03-27,Chicken Pastry,180,70,68
2024-03-27,Chicken Samosa,90,49,45
2024-03-27,Cream Bun,120,35,34
2024-03-27,Egg Roll,100,50,46
2024-03-27,Fish Bun,120,56,49
2024-03-27,Fish Patty,110,41,38
2024-03-27,Mini Pizza,220,30,28
2024-03-27,Sausage Bun,140,44,40
2024-03-27,Vegetable Roti,100,39,37
2024-03-28,Chicken Bun,130,58,55
2024-03-28,Chicken Pastry,180,88,78
2024-03-28,Chicken Samosa,90,63,58
2024-03-28,Cream Bun,120,43,41
2024-03-28,Egg Roll,100,61,58
2024-03-28,Fish Bun,120,72,70
2024-03-28,Fish Patty,110,53,48
2024-03-28,Mini Pizza,220,49,42
2024-03-28,Sausage Bun,140,64,58
2024-03-28,Vegetable Roti,100,55,50
2024-03-29,Chicken Bun,130,74,68
2024-03-29,Chicken Pastry,180,94,89
2024-03-29,Chicken Samosa,90,74,65
2024-03-29,Cream Bun,120,56,49
2024-03-29,Egg Roll,100,63,59
2024-03-29,Fish Bun,120,78,75
2024-03-29,Fish Patty,110,64,54
2024-03-29,Mini Pizza,220,50,46
2024-03-29,Sausage Bun,140,75,69
2024-03-29,Vegetable Roti,100,59,53
2024-03-30,Chicken Bun,130,64,59
2024-03-30,Chicken Pastry,180,108,100
2024-03-30,Chicken Samosa,90,71,67
2024-03-30,Cream Bun,120,57,53
2024-03-30,Egg Roll,100,73,65
2024-03-30,Fish Bun,120,65,62
2024-03-30,Fish Patty,110,64,57
2024-03-30,Mini Pizza,220,53,49
2024-03-30,Sausage Bun,140,57,53
2024-03-30,Vegetable Roti,100,64,62
2024-03-31,Chicken Bun,130,55,54
2024-03-31,Chicken Pastry,180,96,88
2024-03-31,Chicken Samosa,90,75,70
2024-03-31,Cream Bun,120,52,48
2024-03-31,Egg Roll,100,60,59
2024-03-31,Fish Bun,120,77,72
2024-03-31,Fish Patty,110,59,53
2024-03-31,Mini Pizza,220,51,46
2024-03-31,Sausage Bun,140,63,59
2024-03-31,Vegetable Roti,100,62,57
2024-04-01,Chicken Bun,130,74,68
2024-04-01,Chicken Pastry,180,82,74
2024-04-01,Chicken Samosa,90,79,75
2024-04-01,Cream Bun,120,48,44
2024-04-01,Egg Roll,100,62,56
2024-04-01,Fish Bun,120,88,80
2024-04-01,Fish Patty,110,55,51
2024-04-01,Mini Pizza,220,47,44
2024-04-01,Sausage Bun,140,66,61
2024-04-01,Vegetable Roti,100,68,60
2024-04-02,Chicken Bun,130,65,60
2024-04-02,Chicken Pastry,180,90,83
2024-04-02,Chicken Samosa,90,70,68
2024-04-02,Cream Bun,120,50,45
2024-04-02,Egg Roll,100,53,53
2024-04-02,Fish Bun,120,79,77
2024-04-02,Fish Patty,110,57,52
2024-04-02,Mini Pizza,220,46,41
2024-04-02,Sausage Bun,140,63,60
2024-04-02,Vegetable Roti,100,58,56
2024-04-03,Chicken Bun,130,71,67
2024-04-03,Chicken Pastry,180,95,91
2024-04-03,Chicken Samosa,90,76,74
2024-04-03,Cream Bun,120,47,45
2024-04-03,Egg Roll,100,66,61
2024-04-03,Fish Bun,120,89,80
2024-04-03,Fish Patty,110,57,52
2024-04-03,Mini Pizza,220,50,44
2024-04-03,Sausage Bun,140,54,53
2024-04-03,Vegetable Roti,100,61,55
2024-04-04,Chicken Bun,130,71,67
2024-04-04,Chicken Pastry,180,101,89
2024-04-04,Chicken Samosa,90,67,64
2024-04-04,Cream Bun,120,41,41
2024-04-04,Egg Roll,100,53,49
2024-04-04,Fish Bun,120,75,69
2024-04-04,Fish Patty,110,51,46
2024-04-04,Mini Pizza,220,38,35
2024-04-04,Sausage Bun,140,58,55
2024-04-04,Vegetable Roti,100,55,51
2024-04-05,Chicken Bun,130,65,59
2024-04-05,Chicken Pastry,180,92,82
2024-04-05,Chicken Samosa,90,67,65
2024-04-05,Cream Bun,120,48,48
2024-04-05,Egg Roll,100,63,61
2024-04-05,Fish Bun,120,81,75
2024-04-05,Fish Patty,110,56,51
2024-04-05,Mini Pizza,220,44,39
2024-04-05,Sausage Bun,140,62,62
2024-04-05,Vegetable Roti,100,61,56
2024-04-06,Chicken Bun,130,66,62
2024-04-06,Chicken Pastry,180,104,93
2024-04-06,Chicken Samosa,90,74,70
2024-04-06,Cream Bun,120,60,53
2024-04-06,Egg Roll,100,69,66
2024-04-06,Fish Bun,120,77,69
2024-04-06,Fish Patty,110,70,63
2024-04-06,Mini Pizza,220,56,54
2024-04-06,Sausage Bun,140,67,59
2024-04-06,Vegetable Roti,100,61,58
2024-04-07,Chicken Bun,130,78,72
2024-04-07,Chicken Pastry,180,99,91
2024-04-07,Chicken Samosa,90,76,72
2024-04-07,Cream Bun,120,51,48
2024-04-07,Egg Roll,100,65,64
2024-04-07,Fish Bun,120,73,73
2024-04-07,Fish Patty,110,63,55
2024-04-07,Mini Pizza,220,59,57
2024-04-07,Sausage Bun,140,70,67
2024-04-07,Vegetable Roti,100,60,57
2024-04-08,Chicken Bun,130,68,64
2024-04-08,Chicken Pastry,180,97,92
2024-04-08,Chicken Samosa,90,82,75
2024-04-08,Cream Bun,120,57,50
2024-04-08,Egg Roll,100,64,58
2024-04-08,Fish Bun,120,77,72
2024-04-08,Fish Patty,110,59,53
2024-04-08,Mini Pizza,220,42,39
2024-04-08,Sausage Bun,140,60,54
2024-04-08,Vegetable Roti,100,62,58
2024-04-09,Chicken Bun,130,75,68
2024-04-09,Chicken Pastry,180,98,92
2024-04-09,Chicken Samosa,90,75,65
2024-04-09,Cream Bun,120,57,51
2024-04-09,Egg Roll,100,62,58
2024-04-09,Fish Bun,120,79,74
2024-04-09,Fish Patty,110,54,52
2024-04-09,Mini Pizza,220,51,47
2024-04-09,Sausage Bun,140,67,61
2024-04-09,Vegetable Roti,100,61,58
2024-04-10,Chicken Bun,130,73,64
2024-04-10,Chicken Pastry,180,100,95
2024-04-10,Chicken Samosa,90,83,76
2024-04-10,Cream Bun,120,62,57
2024-04-10,Egg Roll,100,65,58
2024-04-10,Fish Bun,120,90,83
2024-04-10,Fish Patty,110,71,64
2024-04-10,Mini Pizza,220,52,49
2024-04-10,Sausage Bun,140,78,72
2024-04-10,Vegetable Roti,100,62,60
2024-04-11,Chicken Bun,130,55,52
2024-04-11,Chicken Pastry,180,69,66
2024-04-11,Chicken Samosa,90,53,49
2024-04-11,Cream Bun,120,41,38
2024-04-11,Egg Roll,100,41,40
2024-04-11,Fish Bun,120,59,55
2024-04-11,Fish Patty,110,44,41
2024-04-11,Mini Pizza,220,36,32
2024-04-11,Sausage Bun,140,49,44
2024-04-11,Vegetable Roti,100,44,44
2024-04-12,Chicken Bun,130,68,66
2024-04-12,Chicken Pastry,180,104,94
2024-04-12,Chicken Samosa,90,74,71
2024-04-12,Cream Bun,120,63,53
2024-04-12,Egg Roll,100,54,52
2024-04-12,Fish Bun,120,93,88
2024-04-12,Fish Patty,110,58,56
2024-04-12,Mini Pizza,220,45,44
2024-04-12,Sausage Bun,140,65,59
2024-04-12,Vegetable Roti,100,68,62
2024-04-13,Chicken Bun,130,88,85
2024-04-13,Chicken Pastry,180,123,108
2024-04-13,Chicken Samosa,90,81,77
2024-04-13,Cream Bun,120,61,57
2024-04-13,Egg Roll,100,83,77
2024-04-13,Fish Bun,120,112,102
2024-04-13,Fish Patty,110,80,75
2024-04-13,Mini Pizza,220,67,62
2024-04-13,Sausage Bun,140,82,79
2024-04-13,Vegetable Roti,100,85,79
2024-04-14,Chicken Bun,130,90,82
2024-04-14,Chicken Pastry,180,127,116
2024-04-14,Chicken Samosa,90,83,73
2024-04-14,Cream Bun,120,69,62
2024-04-14,Egg Roll,100,89,80
2024-04-14,Fish Bun,120,92,85
2024-04-14,Fish Patty,110,70,64
2024-04-14,Mini Pizza,220,65,62
2024-04-14,Sausage Bun,140,83,75
2024-04-14,Vegetable Roti,100,73,69
2024-04-15,Chicken Bun,130,95,87
2024-04-15,Chicken Pastry,180,123,121
2024-04-15,Chicken Samosa,90,97,88
2024-04-15,Cream Bun,120,77,71
2024-04-15,Egg Roll,100,81,76
2024-04-15,Fish Bun,120,100,90
2024-04-15,Fish Patty,110,72,66
2024-04-15,Mini Pizza,220,66,61
2024-04-15,Sausage Bun,140,86,80
2024-04-15,Vegetable Roti,100,82,79
2024-04-16,Chicken Bun,130,70,60
2024-04-16,Chicken Pastry,180,91,84
2024-04-16,Chicken Samosa,90,75,67
2024-04-16,Cream Bun,120,45,41
2024-04-16,Egg Roll,100,62,57
2024-04-16,Fish Bun,120,71,66
2024-04-16,Fish Patty,110,59,53
2024-04-16,Mini Pizza,220,41,37
2024-04-16,Sausage Bun,140,54,51
2024-04-16,Vegetable Roti,100,67,63
2024-04-17,Chicken Bun,130,72,65
2024-04-17,Chicken Pastry,180,95,89
2024-04-17,Chicken Samosa,90,75,71
2024-04-17,Cream Bun,120,47,45
2024-04-17,Egg Roll,100,61,58
2024-04-17,Fish Bun,120,97,89
2024-04-17,Fish Patty,110,57,53
2024-04-17,Mini Pizza,220,47,45
2024-04-17,Sausage Bun,140,67,61
2024-04-17,Vegetable Roti,100,59,53
2024-04-18,Chicken Bun,130,61,59
2024-04-18,Chicken Pastry,180,86,82
2024-04-18,Chicken Samosa,90,74,69
2024-04-18,Cream Bun,120,47,45
2024-04-18,Egg Roll,100,70,62
2024-04-18,Fish Bun,120,87,79
2024-04-18,Fish Patty,110,53,50
2024-04-18,Mini Pizza,220,46,42
2024-04-18,Sausage Bun,140,64,59
2024-04-18,Vegetable Roti,100,68,67
2024-04-19,Chicken Bun,130,70,67
2024-04-19,Chicken Pastry,180,109,100
2024-04-19,Chicken Samosa,90,69,66
2024-04-19,Cream Bun,120,46,43
2024-04-19,Egg Roll,100,56,52
2024-04-19,Fish Bun,120,65,62
2024-04-19,Fish Patty,110,68,62
2024-04-19,Mini Pizza,220,44,41
2024-04-19,Sausage Bun,140,60,59
2024-04-19,Vegetable Roti,100,58,55
2024-04-20,Chicken Bun,130,85,76
2024-04-20,Chicken Pastry,180,104,97
2024-04-20,Chicken Samosa,90,72,70
2024-04-20,Cream Bun,120,70,61
2024-04-20,Egg Roll,100,76,71
2024-04-20,Fish Bun,120,90,82
2024-04-20,Fish Patty,110,66,62
2024-04-20,Mini Pizza,220,57,53
2024-04-20,Sausage Bun,140,66,61
2024-04-20,Vegetable Roti,100,65,59
2024-04-21,Chicken Bun,130,76,73
2024-04-21,Chicken Pastry,180,105,100
2024-04-21,Chicken Samosa,90,73,68
2024-04-21,Cream Bun,120,56,49
2024-04-21,Egg Roll,100,65,60
2024-04-21,Fish Bun,120,85,81
2024-04-21,Fish Patty,110,74,68
2024-04-21,Mini Pizza,220,56,52
2024-04-21,Sausage Bun,140,63,60
2024-04-21,Vegetable Roti,100,67,61
2024-04-22,Chicken Bun,130,64,59
2024-04-22,Chicken Pastry,180,101,96
2024-04-22,Chicken Samosa,90,79,72
2024-04-22,Cream Bun,120,50,50
2024-04-22,Egg Roll,100,66,62
2024-04-22,Fish Bun,120,72,65
2024-04-22,Fish Patty,110,61,54
2024-04-22,Mini Pizza,220,48,44
2024-04-22,Sausage Bun,140,65,63
2024-04-22,Vegetable Roti,100,53,50
2024-04-23,Chicken Bun,130,78,75
2024-04-23,Chicken Pastry,180,88,84
2024-04-23,Chicken Samosa,90,72,71
2024-04-23,Cream Bun,120,67,60
2024-04-23,Egg Roll,100,76,69
2024-04-23,Fish Bun,120,89,83
2024-04-23,Fish Patty,110,55,52
2024-04-23,Mini Pizza,220,55,48
2024-04-23,Sausage Bun,140,67,67
2024-04-23,Vegetable Roti,100,69,64
2024-04-24,Chicken Bun,130,74,66
2024-04-24,Chicken Pastry,180,105,97
2024-04-24,Chicken Samosa,90,68,64
2024-04-24,Cream Bun,120,55,52
2024-04-24,Egg Roll,100,68,62
2024-04-24,Fish Bun,120,86,79
2024-04-24,Fish Patty,110,59,58
2024-04-24,Mini Pizza,220,55,52
2024-04-24,Sausage Bun,140,71,64
2024-04-24,Vegetable Roti,100,68,59
2024-04-25,Chicken Bun,130,75,69
2024-04-25,Chicken Pastry,180,91,87
2024-04-25,Chicken Samosa,90,85,79
2024-04-25,Cream Bun,120,60,55
2024-04-25,Egg Roll,100,67,63
2024-04-25,Fish Bun,120,63,59
2024-04-25,Fish Patty,110,65,60
2024-04-25,Mini Pizza,220,48,44
2024-04-25,Sausage Bun,140,68,62
2024-04-25,Vegetable Roti,100,70,65
2024-04-26,Chicken Bun,130,63,61
2024-04-26,Chicken Pastry,180,105,93
2024-04-26,Chicken Samosa,90,81,73
2024-04-26,Cream Bun,120,54,50
2024-04-26,Egg Roll,100,55,50
2024-04-26,Fish Bun,120,86,80
2024-04-26,Fish Patty,110,61,55
2024-04-26,Mini Pizza,220,60,54
2024-04-26,Sausage Bun,140,63,58
2024-04-26,Vegetable Roti,100,53,47
2024-04-27,Chicken Bun,130,68,62
2024-04-27,Chicken Pastry,180,93,87
2024-04-27,Chicken Samosa,90,83,73
2024-04-27,Cream Bun,120,45,41
2024-04-27,Egg Roll,100,62,59
2024-04-27,Fish Bun,120,64,60
2024-04-27,Fish Patty,110,63,57
2024-04-27,Mini Pizza,220,44,40
2024-04-27,Sausage Bun,140,48,48
2024-04-27,Vegetable Roti,100,56,53
2024-04-28,Chicken Bun,130,66,62
2024-04-28,Chicken Pastry,180,109,104
2024-04-28,Chicken Samosa,90,76,71
2024-04-28,Cream Bun,120,57,50
2024-04-28,Egg Roll,100,84,74
2024-04-28,Fish Bun,120,82,75
2024-04-28,Fish Patty,110,59,53
2024-04-28,Mini Pizza,220,51,48
2024-04-28,Sausage Bun,140,60,60
2024-04-28,Vegetable Roti,100,67,63
2024-04-29,Chicken Bun,130,53,48
2024-04-29,Chicken Pastry,180,80,72
2024-04-29,Chicken Samosa,90,66,60
2024-04-29,Cream Bun,120,36,33
2024-04-29,Egg Roll,100,59,56
2024-04-29,Fish Bun,120,63,59
2024-04-29,Fish Patty,110,57,53
2024-04-29,Mini Pizza,220,34,32
2024-04-29,Sausage Bun,140,49,47
2024-04-29,Vegetable Roti,100,51,46
2024-04-30,Chicken Bun,130,66,58
2024-04-30,Chicken Pastry,180,92,83
2024-04-30,Chicken Samosa,90,69,69
2024-04-30,Cream Bun,120,41,40
2024-04-30,Egg Roll,100,56,55
2024-04-30,Fish Bun,120,77,73
2024-04-30,Fish Patty,110,47,44
2024-04-30,Mini Pizza,220,40,38
2024-04-30,Sausage Bun,140,70,62
2024-04-30,Vegetable Roti,100,61,57
2024-05-01,Chicken Bun,130,64,57
2024-05-01,Chicken Pastry,180,80,75
2024-05-01,Chicken Samosa,90,79,73
2024-05-01,Cream Bun,120,48,44
2024-05-01,Egg Roll,100,67,60
2024-05-01,Fish Bun,120,88,83
2024-05-01,Fish Patty,110,62,54
2024-05-01,Mini Pizza,220,41,38
2024-05-01,Sausage Bun,140,60,57
2024-05-01,Vegetable Roti,100,69,65
2024-05-02,Chicken Bun,130,64,60
2024-05-02,Chicken Pastry,180,97,88
2024-05-02,Chicken Samosa,90,57,56
2024-05-02,Cream Bun,120,53,50
2024-05-02,Egg Roll,100,74,63
2024-05-02,Fish Bun,120,73,66
2024-05-02,Fish Patty,110,62,56
2024-05-02,Mini Pizza,220,50,47
2024-05-02,Sausage Bun,140,61,56
2024-05-02,Vegetable Roti,100,56,53
2024-05-03,Chicken Bun,130,63,59
2024-05-03,Chicken Pastry,180,79,76
2024-05-03,Chicken Samosa,90,73,68
2024-05-03,Cream Bun,120,51,46
2024-05-03,Egg Roll,100,57,54
2024-05-03,Fish Bun,120,72,69
2024-05-03,Fish Patty,110,58,54
2024-05-03,Mini Pizza,220,37,34
2024-05-03,Sausage Bun,140,56,52
2024-05-03,Vegetable Roti,100,59,52
2024-05-04,Chicken Bun,130,76,72
2024-05-04,Chicken Pastry,180,114,109
2024-05-04,Chicken Samosa,90,76,68
2024-05-04,Cream Bun,120,59,56
2024-05-04,Egg Roll,100,67,62
2024-05-04,Fish Bun,120,85,79
2024-05-04,Fish Patty,110,67,62
2024-05-04,Mini Pizza,220,50,50
2024-05-04,Sausage Bun,140,79,68
2024-05-04,Vegetable Roti,100,65,59
2024-05-05,Chicken Bun,130,73,64
2024-05-05,Chicken Pastry,180,106,97
2024-05-05,Chicken Samosa,90,73,72
2024-05-05,Cream Bun,120,58,52
2024-05-05,Egg Roll,100,75,67
2024-05-05,Fish Bun,120,90,82
2024-05-05,Fish Patty,110,63,59
2024-05-05,Mini Pizza,220,54,48
2024-05-05,Sausage Bun,140,66,62
2024-05-05,Vegetable Roti,100,70,64
2024-05-06,Chicken Bun,130,71,65
2024-05-06,Chicken Pastry,180,93,81
2024-05-06,Chicken Samosa,90,74,67
2024-05-06,Cream Bun,120,49,45
2024-05-06,Egg Roll,100,72,65
2024-05-06,Fish Bun,120,69,68
2024-05-06,Fish Patty,110,58,55
2024-05-06,Mini Pizza,220,38,37
2024-05-06,Sausage Bun,140,60,54
2024-05-06,Vegetable Roti,100,57,53
2024-05-07,Chicken Bun,130,56,52
2024-05-07,Chicken Pastry,180,93,85
2024-05-07,Chicken Samosa,90,79,70
2024-05-07,Cream Bun,120,42,42
2024-05-07,Egg Roll,100,60,56
2024-05-07,Fish Bun,120,74,67
2024-05-07,Fish Patty,110,48,44
2024-05-07,Mini Pizza,220,36,32
2024-05-07,Sausage Bun,140,60,56
2024-05-07,Vegetable Roti,100,60,52
2024-05-08,Chicken Bun,130,60,54
2024-05-08,Chicken Pastry,180,70,65
2024-05-08,Chicken Samosa,90,59,52
2024-05-08,Cream Bun,120,42,39
2024-05-08,Egg Roll,100,49,47
2024-05-08,Fish Bun,120,65,57
2024-05-08,Fish Patty,110,36,33
2024-05-08,Mini Pizza,220,31,30
2024-05-08,Sausage Bun,140,46,42
2024-05-08,Vegetable Roti,100,45,41
2024-05-09,Chicken Bun,130,50,43
2024-05-09,Chicken Pastry,180,66,59
2024-05-09,Chicken Samosa,90,54,48
2024-05-09,Cream Bun,120,40,36
2024-05-09,Egg Roll,100,51,46
2024-05-09,Fish Bun,120,62,57
2024-05-09,Fish Patty,110,46,42
2024-05-09,Mini Pizza,220,38,35
2024-05-09,Sausage Bun,140,39,37
2024-05-09,Vegetable Roti,100,52,46
2024-05-10,Chicken Bun,130,44,40
2024-05-10,Chicken Pastry,180,69,61
2024-05-10,Chicken Samosa,90,56,49
2024-05-10,Cream Bun,120,35,33
2024-05-10,Egg Roll,100,49,47
2024-05-10,Fish Bun,120,57,52
2024-05-10,Fish Patty,110,42,41
2024-05-10,Mini Pizza,220,36,32
2024-05-10,Sausage Bun,140,38,36
2024-05-10,Vegetable Roti,100,41,38
2024-05-11,Chicken Bun,130,53,51
2024-05-11,Chicken Pastry,180,72,68
2024-05-11,Chicken Samosa,90,58,55
2024-05-11,Cream Bun,120,43,40
2024-05-11,Egg Roll,100,48,45
2024-05-11,Fish Bun,120,70,64
2024-05-11,Fish Patty,110,42,39
2024-05-11,Mini Pizza,220,40,37
2024-05-11,Sausage Bun,140,57,51
2024-05-11,Vegetable Roti,100,53,47
2024-05-12,Chicken Bun,130,48,47
2024-05-12,Chicken Pastry,180,81,75
2024-05-12,Chicken Samosa,90,59,54
2024-05-12,Cream Bun,120,46,44
2024-05-12,Egg Roll,100,56,52
2024-05-12,Fish Bun,120,55,53
2024-05-12,Fish Patty,110,50,43
2024-05-12,Mini Pizza,220,41,39
2024-05-12,Sausage Bun,140,50,47
2024-05-12,Vegetable Roti,100,52,49
2024-05-13,Chicken Bun,130,55,49
2024-05-13,Chicken Pastry,180,62,59
2024-05-13,Chicken Samosa,90,53,48
2024-05-13,Cream Bun,120,37,34
2024-05-13,Egg Roll,100,47,43
2024-05-13,Fish Bun,120,58,56
2024-05-13,Fish Patty,110,43,41
2024-05-13,Mini Pizza,220,40,36
2024-05-13,Sausage Bun,140,46,42
2024-05-13,Vegetable Roti,100,47,44
2024-05-14,Chicken Bun,130,44,42
2024-05-14,Chicken Pastry,180,75,70
2024-05-14,Chicken Samosa,90,52,50
2024-05-14,Cream Bun,120,37,35
2024-05-14,Egg Roll,100,41,38
2024-05-14,Fish Bun,120,59,56
2024-05-14,Fish Patty,110,44,43
2024-05-14,Mini Pizza,220,36,33
2024-05-14,Sausage Bun,140,52,47
2024-05-14,Vegetable Roti,100,38,35
2024-05-15,Chicken Bun,130,51,46
2024-05-15,Chicken Pastry,180,71,68
2024-05-15,Chicken Samosa,90,56,54
2024-05-15,Cream Bun,120,36,35
2024-05-15,Egg Roll,100,47,44
2024-05-15,Fish Bun,120,62,55
2024-05-15,Fish Patty,110,43,40
2024-05-15,Mini Pizza,220,35,32
2024-05-15,Sausage Bun,140,45,42
2024-05-15,Vegetable Roti,100,41,41
2024-05-16,Chicken Bun,130,43,42
2024-05-16,Chicken Pastry,180,73,65
2024-05-16,Chicken Samosa,90,67,59
2024-05-16,Cream Bun,120,43,40
2024-05-16,Egg Roll,100,45,42
2024-05-16,Fish Bun,120,50,46
2024-05-16,Fish Patty,110,46,44
2024-05-16,Mini Pizza,220,32,30
2024-05-16,Sausage Bun,140,46,43
2024-05-16,Vegetable Roti,100,41,38
2024-05-17,Chicken Bun,130,68,64
2024-05-17,Chicken Pastry,180,88,80
2024-05-17,Chicken Samosa,90,77,69
2024-05-17,Cream Bun,120,43,40
2024-05-17,Egg Roll,100,71,63
2024-05-17,Fish Bun,120,67,66
2024-05-17,Fish Patty,110,58,52
2024-05-17,Mini Pizza,220,47,43
2024-05-17,Sausage Bun,140,63,61
2024-05-17,Vegetable Roti,100,63,59
2024-05-18,Chicken Bun,130,61,55
2024-05-18,Chicken Pastry,180,70,68
2024-05-18,Chicken Samosa,90,65,62
2024-05-18,Cream Bun,120,42,39
2024-05-18,Egg Roll,100,48,45
2024-05-18,Fish Bun,120,66,59
2024-05-18,Fish Patty,110,51,46
2024-05-18,Mini Pizza,220,43,40
2024-05-18,Sausage Bun,140,53,45
2024-05-18,Vegetable Roti,100,47,41
2024-05-19,Chicken Bun,130,61,57
2024-05-19,Chicken Pastry,180,85,80
2024-05-19,Chicken Samosa,90,65,61
2024-05-19,Cream Bun,120,40,38
2024-05-19,Egg Roll,100,52,48
2024-05-19,Fish Bun,120,68,61
2024-05-19,Fish Patty,110,43,40
2024-05-19,Mini Pizza,220,43,40
2024-05-19,Sausage Bun,140,56,51
2024-05-19,Vegetable Roti,100,50,46
2024-05-20,Chicken Bun,130,48,45
2024-05-20,Chicken Pastry,180,71,64
2024-05-20,Chicken Samosa,90,57,51
2024-05-20,Cream Bun,120,36,34
2024-05-20,Egg Roll,100,44,41
2024-05-20,Fish Bun,120,59,56
2024-05-20,Fish Patty,110,41,40
2024-05-20,Mini Pizza,220,32,29
2024-05-20,Sausage Bun,140,46,43
2024-05-20,Vegetable Roti,100,47,46
2024-05-21,Chicken Bun,130,52,47
2024-05-21,Chicken Pastry,180,63,58
2024-05-21,Chicken Samosa,90,69,64
2024-05-21,Cream Bun,120,40,38
2024-05-21,Egg Roll,100,53,49
2024-05-21,Fish Bun,120,68,65
2024-05-21,Fish Patty,110,46,39
2024-05-21,Mini Pizza,220,37,34
2024-05-21,Sausage Bun,140,51,47
2024-05-21,Vegetable Roti,100,63,55
2024-05-22,Chicken Bun,130,52,46
2024-05-22,Chicken Pastry,180,72,64
2024-05-22,Chicken Samosa,90,52,50
2024-05-22,Cream Bun,120,42,39
2024-05-22,Egg Roll,100,43,41
2024-05-22,Fish Bun,120,61,55
2024-05-22,Fish Patty,110,46,41
2024-05-22,Mini Pizza,220,35,32
2024-05-22,Sausage Bun,140,45,40
2024-05-22,Vegetable Roti,100,41,39
2024-05-23,Chicken Bun,130,48,45
2024-05-23,Chicken Pastry,180,72,65
2024-05-23,Chicken Samosa,90,55,50
2024-05-23,Cream Bun,120,39,38
2024-05-23,Egg Roll,100,46,44
2024-05-23,Fish Bun,120,65,55
2024-05-23,Fish Patty,110,47,43
2024-05-23,Mini Pizza,220,36,34
2024-05-23,Sausage Bun,140,48,48
2024-05-23,Vegetable Roti,100,51,45
2024-05-24,Chicken Bun,130,54,49
2024-05-24,Chicken Pastry,180,83,75
2024-05-24,Chicken Samosa,90,61,55
2024-05-24,Cream Bun,120,43,41
2024-05-24,Egg Roll,100,51,47
2024-05-24,Fish Bun,120,71,63
2024-05-24,Fish Patty,110,45,42
2024-05-24,Mini Pizza,220,44,41
2024-05-24,Sausage Bun,140,47,45
2024-05-24,Vegetable Roti,100,52,48
2024-05-25,Chicken Bun,130,56,49
2024-05-25,Chicken Pastry,180,71,69
2024-05-25,Chicken Samosa,90,53,48
2024-05-25,Cream Bun,120,40,40
2024-05-25,Egg Roll,100,50,46
2024-05-25,Fish Bun,120,66,62
2024-05-25,Fish Patty,110,42,38
2024-05-25,Mini Pizza,220,49,43
2024-05-25,Sausage Bun,140,55,48
2024-05-25,Vegetable Roti,100,51,47
2024-05-26,Chicken Bun,130,53,48
2024-05-26,Chicken Pastry,180,74,68
2024-05-26,Chicken Samosa,90,60,57
2024-05-26,Cream Bun,120,49,44
2024-05-26,Egg Roll,100,50,45
2024-05-26,Fish Bun,120,57,54
2024-05-26,Fish Patty,110,41,38
2024-05-26,Mini Pizza,220,38,34
2024-05-26,Sausage Bun,140,44,44
2024-05-26,Vegetable Roti,100,53,49
2024-05-27,Chicken Bun,130,46,42
2024-05-27,Chicken Pastry,180,81,72
2024-05-27,Chicken Samosa,90,64,56
2024-05-27,Cream Bun,120,34,34
2024-05-27,Egg Roll,100,47,43
2024-05-27,Fish Bun,120,61,57
2024-05-27,Fish Patty,110,48,43
2024-05-27,Mini Pizza,220,36,33
2024-05-27,Sausage Bun,140,38,36
2024-05-27,Vegetable Roti,100,55,50
2024-05-28,Chicken Bun,130,54,50
2024-05-28,Chicken Pastry,180,63,58
2024-05-28,Chicken Samosa,90,58,50
2024-05-28,Cream Bun,120,37,35
2024-05-28,Egg Roll,100,45,44
2024-05-28,Fish Bun,120,57,54
2024-05-28,Fish Patty,110,49,45
2024-05-28,Mini Pizza,220,32,30
2024-05-28,Sausage Bun,140,47,43
2024-05-28,Vegetable Roti,100,49,46
2024-05-29,Chicken Bun,130,69,61
2024-05-29,Chicken Pastry,180,90,79
2024-05-29,Chicken Samosa,90,72,67
2024-05-29,Cream Bun,120,49,42
2024-05-29,Egg Roll,100,53,50
2024-05-29,Fish Bun,120,73,67
2024-05-29,Fish Patty,110,58,51
2024-05-29,Mini Pizza,220,38,33
2024-05-29,Sausage Bun,140,55,52
2024-05-29,Vegetable Roti,100,61,54
2024-05-30,Chicken Bun,130,59,55
2024-05-30,Chicken Pastry,180,77,70
2024-05-30,Chicken Samosa,90,49,49
2024-05-30,Cream Bun,120,37,34
2024-05-30,Egg Roll,100,46,43
2024-05-30,Fish Bun,120,62,60
2024-05-30,Fish Patty,110,42,38
2024-05-30,Mini Pizza,220,35,31
2024-05-30,Sausage Bun,140,49,46
2024-05-30,Vegetable Roti,100,38,34
2024-05-31,Chicken Bun,130,67,61
2024-05-31,Chicken Pastry,180,87,77
2024-05-31,Chicken Samosa,90,66,61
2024-05-31,Cream Bun,120,46,42
2024-05-31,Egg Roll,100,62,57
2024-05-31,Fish Bun,120,77,73
2024-05-31,Fish Patty,110,53,49
2024-05-31,Mini Pizza,220,44,41
2024-05-31,Sausage Bun,140,67,61
2024-05-31,Vegetable Roti,100,60,58
2024-06-01,Chicken Bun,130,56,53
2024-06-01,Chicken Pastry,180,82,76
2024-06-01,Chicken Samosa,90,51,48
2024-06-01,Cream Bun,120,39,36
2024-06-01,Egg Roll,100,49,46
2024-06-01,Fish Bun,120,55,52
2024-06-01,Fish Patty,110,49,43
2024-06-01,Mini Pizza,220,38,36
2024-06-01,Sausage Bun,140,45,43
2024-06-01,Vegetable Roti,100,47,43
2024-06-02,Chicken Bun,130,57,52
2024-06-02,Chicken Pastry,180,82,75
2024-06-02,Chicken Samosa,90,56,50
2024-06-02,Cream Bun,120,38,34
2024-06-02,Egg Roll,100,48,44
2024-06-02,Fish Bun,120,73,67
2024-06-02,Fish Patty,110,49,47
2024-06-02,Mini Pizza,220,38,37
2024-06-02,Sausage Bun,140,51,49
2024-06-02,Vegetable Roti,100,49,45
2024-06-03,Chicken Bun,130,69,65
2024-06-03,Chicken Pastry,180,81,78
2024-06-03,Chicken Samosa,90,79,72
2024-06-03,Cream Bun,120,48,46
2024-06-03,Egg Roll,100,60,54
2024-06-03,Fish Bun,120,73,69
2024-06-03,Fish Patty,110,57,51
2024-06-03,Mini Pizza,220,44,42
2024-06-03,Sausage Bun,140,64,62
2024-06-03,Vegetable Roti,100,50,48
2024-06-04,Chicken Bun,130,70,62
2024-06-04,Chicken Pastry,180,82,77
2024-06-04,Chicken Samosa,90,61,59
2024-06-04,Cream Bun,120,56,51
2024-06-04,Egg Roll,100,61,56
2024-06-04,Fish Bun,120,82,73
2024-06-04,Fish Patty,110,48,46
2024-06-04,Mini Pizza,220,42,39
2024-06-04,Sausage Bun,140,63,57
2024-06-04,Vegetable Roti,100,61,56
2024-06-05,Chicken Bun,130,68,64
2024-06-05,Chicken Pastry,180,95,87
2024-06-05,Chicken Samosa,90,76,66
2024-06-05,Cream Bun,120,49,46
2024-06-05,Egg Roll,100,64,58
2024-06-05,Fish Bun,120,80,73
2024-06-05,Fish Patty,110,54,49
2024-06-05,Mini Pizza,220,51,46
2024-06-05,Sausage Bun,140,56,54
2024-06-05,Vegetable Roti,100,58,53
2024-06-06,Chicken Bun,130,59,56
2024-06-06,Chicken Pastry,180,85,72
2024-06-06,Chicken Samosa,90,56,53
2024-06-06,Cream Bun,120,42,39
2024-06-06,Egg Roll,100,55,50
2024-06-06,Fish Bun,120,69,63
2024-06-06,Fish Patty,110,58,53
2024-06-06,Mini Pizza,220,41,38
2024-06-06,Sausage Bun,140,49,47
2024-06-06,Vegetable Roti,100,57,53
2024-06-07,Chicken Bun,130,72,65
2024-06-07,Chicken Pastry,180,91,83
2024-06-07,Chicken Samosa,90,72,66
2024-06-07,Cream Bun,120,53,49
2024-06-07,Egg Roll,100,59,54
2024-06-07,Fish Bun,120,79,72
2024-06-07,Fish Patty,110,50,48
2024-06-07,Mini Pizza,220,48,44
2024-06-07,Sausage Bun,140,60,59
2024-06-07,Vegetable Roti,100,53,50
2024-06-08,Chicken Bun,130,64,61
2024-06-08,Chicken Pastry,180,91,89
2024-06-08,Chicken Samosa,90,80,75
2024-06-08,Cream Bun,120,56,54
2024-06-08,Egg Roll,100,68,66
2024-06-08,Fish Bun,120,80,73
2024-06-08,Fish Patty,110,57,55
2024-06-08,Mini Pizza,220,50,47
2024-06-08,Sausage Bun,140,69,62
2024-06-08,Vegetable Roti,100,57,54
2024-06-09,Chicken Bun,130,71,66
2024-06-09,Chicken Pastry,180,99,88
2024-06-09,Chicken Samosa,90,89,80
2024-06-09,Cream Bun,120,55,53
2024-06-09,Egg Roll,100,67,63
2024-06-09,Fish Bun,120,82,73
2024-06-09,Fish Patty,110,63,59
2024-06-09,Mini Pizza,220,48,43
2024-06-09,Sausage Bun,140,71,65
2024-06-09,Vegetable Roti,100,64,59
2024-06-10,Chicken Bun,130,65,57
2024-06-10,Chicken Pastry,180,96,89
2024-06-10,Chicken Samosa,90,69,66
2024-06-10,Cream Bun,120,44,40
2024-06-10,Egg Roll,100,59,56
2024-06-10,Fish Bun,120,60,59
2024-06-10,Fish Patty,110,54,52
2024-06-10,Mini Pizza,220,45,41
2024-06-10,Sausage Bun,140,57,52
2024-06-10,Vegetable Roti,100,53,49
2024-06-11,Chicken Bun,130,71,66
2024-06-11,Chicken Pastry,180,95,90
2024-06-11,Chicken Samosa,90,63,59
2024-06-11,Cream Bun,120,45,40
2024-06-11,Egg Roll,100,64,59
2024-06-11,Fish Bun,120,76,70
2024-06-11,Fish Patty,110,59,54
2024-06-11,Mini Pizza,220,44,39
2024-06-11,Sausage Bun,140,59,54
2024-06-11,Vegetable Roti,100,52,50
2024-06-12,Chicken Bun,130,69,65
2024-06-12,Chicken Pastry,180,86,83
2024-06-12,Chicken Samosa,90,63,59
2024-06-12,Cream Bun,120,47,44
2024-06-12,Egg Roll,100,59,54
2024-06-12,Fish Bun,120,80,70
2024-06-12,Fish Patty,110,52,49
2024-06-12,Mini Pizza,220,43,43
2024-06-12,Sausage Bun,140,49,47
2024-06-12,Vegetable Roti,100,45,42
2024-06-13,Chicken Bun,130,64,59
2024-06-13,Chicken Pastry,180,104,94
2024-06-13,Chicken Samosa,90,66,61
2024-06-13,Cream Bun,120,47,43
2024-06-13,Egg Roll,100,59,53
2024-06-13,Fish Bun,120,74,66
2024-06-13,Fish Patty,110,51,49
2024-06-13,Mini Pizza,220,45,42
2024-06-13,Sausage Bun,140,58,53
2024-06-13,Vegetable Roti,100,54,48
2024-06-14,Chicken Bun,130,65,59
2024-06-14,Chicken Pastry,180,103,89
2024-06-14,Chicken Samosa,90,76,69
2024-06-14,Cream Bun,120,50,46
2024-06-14,Egg Roll,100,78,71
2024-06-14,Fish Bun,120,84,75
2024-06-14,Fish Patty,110,51,48
2024-06-14,Mini Pizza,220,44,42
2024-06-14,Sausage Bun,140,68,61
2024-06-14,Vegetable Roti,100,62,56
2024-06-15,Chicken Bun,130,71,66
2024-06-15,Chicken Pastry,180,87,81
2024-06-15,Chicken Samosa,90,64,63
2024-06-15,Cream Bun,120,46,43
2024-06-15,Egg Roll,100,71,65
2024-06-15,Fish Bun,120,84,76
2024-06-15,Fish Patty,110,56,52
2024-06-15,Mini Pizza,220,52,47
2024-06-15,Sausage Bun,140,65,61
2024-06-15,Vegetable Roti,100,64,59
2024-06-16,Chicken Bun,130,74,68
2024-06-16,Chicken Pastry,180,102,92
2024-06-16,Chicken Samosa,90,69,64
2024-06-16,Cream Bun,120,59,56
2024-06-16,Egg Roll,100,59,55
2024-06-16,Fish Bun,120,95,86
2024-06-16,Fish Patty,110,61,58
2024-06-16,Mini Pizza,220,51,48
2024-06-16,Sausage Bun,140,60,60
2024-06-16,Vegetable Roti,100,63,58
2024-06-17,Chicken Bun,130,68,66
2024-06-17,Chicken Pastry,180,93,93
2024-06-17,Chicken Samosa,90,68,64
2024-06-17,Cream Bun,120,49,46
2024-06-17,Egg Roll,100,66,64
2024-06-17,Fish Bun,120,81,77
2024-06-17,Fish Patty,110,62,57
2024-06-17,Mini Pizza,220,54,50
2024-06-17,Sausage Bun,140,65,61
2024-06-17,Vegetable Roti,100,61,57
2024-06-18,Chicken Bun,130,56,55
2024-06-18,Chicken Pastry,180,92,84
2024-06-18,Chicken Samosa,90,57,54
2024-06-18,Cream Bun,120,44,42
2024-06-18,Egg Roll,100,61,56
2024-06-18,Fish Bun,120,82,78
2024-06-18,Fish Patty,110,48,45
2024-06-18,Mini Pizza,220,41,38
2024-06-18,Sausage Bun,140,64,58
2024-06-18,Vegetable Roti,100,56,53
2024-06-19,Chicken Bun,130,50,50
2024-06-19,Chicken Pastry,180,94,85
2024-06-19,Chicken Samosa,90,72,64
2024-06-19,Cream Bun,120,48,45
2024-06-19,Egg Roll,100,52,50
2024-06-19,Fish Bun,120,73,65
2024-06-19,Fish Patty,110,57,53
2024-06-19,Mini Pizza,220,46,41
2024-06-19,Sausage Bun,140,55,51
2024-06-19,Vegetable Roti,100,64,56
2024-06-20,Chicken Bun,130,59,52
2024-06-20,Chicken Pastry,180,88,82
2024-06-20,Chicken Samosa,90,70,61
2024-06-20,Cream Bun,120,47,43
2024-06-20,Egg Roll,100,74,68
2024-06-20,Fish Bun,120,76,73
2024-06-20,Fish Patty,110,63,57
2024-06-20,Mini Pizza,220,40,37
2024-06-20,Sausage Bun,140,54,49
2024-06-20,Vegetable Roti,100,59,54
2024-06-21,Chicken Bun,130,55,50
2024-06-21,Chicken Pastry,180,94,87
2024-06-21,Chicken Samosa,90,70,63
2024-06-21,Cream Bun,120,50,45
2024-06-21,Egg Roll,100,62,58
2024-06-21,Fish Bun,120,73,68
2024-06-21,Fish Patty,110,51,47
2024-06-21,Mini Pizza,220,39,37
2024-06-21,Sausage Bun,140,60,57
2024-06-21,Vegetable Roti,100,56,50
2024-06-22,Chicken Bun,130,50,47
2024-06-22,Chicken Pastry,180,72,70
2024-06-22,Chicken Samosa,90,72,67
2024-06-22,Cream Bun,120,46,42
2024-06-22,Egg Roll,100,60,52
2024-06-22,Fish Bun,120,61,59
2024-06-22,Fish Patty,110,57,51
2024-06-22,Mini Pizza,220,33,31
2024-06-22,Sausage Bun,140,47,43
2024-06-22,Vegetable Roti,100,56,55
2024-06-23,Chicken Bun,130,47,45
2024-06-23,Chicken Pastry,180,74,67
2024-06-23,Chicken Samosa,90,65,59
2024-06-23,Cream Bun,120,41,38
2024-06-23,Egg Roll,100,57,51
2024-06-23,Fish Bun,120,75,67
2024-06-23,Fish Patty,110,48,45
2024-06-23,Mini Pizza,220,45,40
2024-06-23,Sausage Bun,140,54,50
2024-06-23,Vegetable Roti,100,56,51
2024-06-24,Chicken Bun,130,55,53
2024-06-24,Chicken Pastry,180,74,66
2024-06-24,Chicken Samosa,90,64,58
2024-06-24,Cream Bun,120,36,32
2024-06-24,Egg Roll,100,56,49
2024-06-24,Fish Bun,120,66,64
2024-06-24,Fish Patty,110,49,47
2024-06-24,Mini Pizza,220,34,32
2024-06-24,Sausage Bun,140,50,47
2024-06-24,Vegetable Roti,100,51,47
2024-06-25,Chicken Bun,130,54,50
2024-06-25,Chicken Pastry,180,64,59
2024-06-25,Chicken Samosa,90,59,56
2024-06-25,Cream Bun,120,40,37
2024-06-25,Egg Roll,100,44,39
2024-06-25,Fish Bun,120,53,52
2024-06-25,Fish Patty,110,37,34
2024-06-25,Mini Pizza,220,35,33
2024-06-25,Sausage Bun,140,44,43
2024-06-25,Vegetable Roti,100,44,43
2024-06-26,Chicken Bun,130,47,45
2024-06-26,Chicken Pastry,180,69,63
2024-06-26,Chicken Samosa,90,62,59
2024-06-26,Cream Bun,120,38,37
2024-06-26,Egg Roll,100,48,45
2024-06-26,Fish Bun,120,63,58
2024-06-26,Fish Patty,110,44,40
2024-06-26,Mini Pizza,220,34,31
2024-06-26,Sausage Bun,140,48,45
2024-06-26,Vegetable Roti,100,57,51
2024-06-27,Chicken Bun,130,66,60
2024-06-27,Chicken Pastry,180,89,82
2024-06-27,Chicken Samosa,90,66,64
2024-06-27,Cream Bun,120,45,42
2024-06-27,Egg Roll,100,67,59
2024-06-27,Fish Bun,120,64,60
2024-06-27,Fish Patty,110,57,51
2024-06-27,Mini Pizza,220,39,36
2024-06-27,Sausage Bun,140,51,50
2024-06-27,Vegetable Roti,100,56,54
2024-06-28,Chicken Bun,130,69,61
2024-06-28,Chicken Pastry,180,101,88
2024-06-28,Chicken Samosa,90,62,55
2024-06-28,Cream Bun,120,57,52
2024-06-28,Egg Roll,100,68,59
2024-06-28,Fish Bun,120,75,70
2024-06-28,Fish Patty,110,51,48
2024-06-28,Mini Pizza,220,42,40
2024-06-28,Sausage Bun,140,63,54
2024-06-28,Vegetable Roti,100,53,49
2024-06-29,Chicken Bun,130,75,71
2024-06-29,Chicken Pastry,180,119,102
2024-06-29,Chicken Samosa,90,76,71
2024-06-29,Cream Bun,120,54,51
2024-06-29,Egg Roll,100,70,63
2024-06-29,Fish Bun,120,78,69
2024-06-29,Fish Patty,110,64,59
2024-06-29,Mini Pizza,220,58,55
2024-06-29,Sausage Bun,140,60,54
2024-06-29,Vegetable Roti,100,57,50
2024-06-30,Chicken Bun,130,76,68
2024-06-30,Chicken Pastry,180,98,93
2024-06-30,Chicken Samosa,90,71,69
2024-06-30,Cream Bun,120,51,47
2024-06-30,Egg Roll,100,69,60
2024-06-30,Fish Bun,120,77,69
2024-06-30,Fish Patty,110,65,59
2024-06-30,Mini Pizza,220,51,45
2024-06-30,Sausage Bun,140,61,59
2024-06-30,Vegetable Roti,100,59,56
2024-07-01,Chicken Bun,130,73,67
2024-07-01,Chicken Pastry,180,83,73
2024-07-01,Chicken Samosa,90,64,59
2024-07-01,Cream Bun,120,52,47
2024-07-01,Egg Roll,100,58,56
2024-07-01,Fish Bun,120,73,69
2024-07-01,Fish Patty,110,61,56
2024-07-01,Mini Pizza,220,45,39
2024-07-01,Sausage Bun,140,63,58
2024-07-01,Vegetable Roti,100,63,59
2024-07-02,Chicken Bun,130,68,62
2024-07-02,Chicken Pastry,180,90,82
2024-07-02,Chicken Samosa,90,65,60
2024-07-02,Cream Bun,120,47,46
2024-07-02,Egg Roll,100,57,56
2024-07-02,Fish Bun,120,73,67
2024-07-02,Fish Patty,110,48,44
2024-07-02,Mini Pizza,220,40,36
2024-07-02,Sausage Bun,140,56,49
2024-07-02,Vegetable Roti,100,55,53
2024-07-03,Chicken Bun,130,69,64
2024-07-03,Chicken Pastry,180,88,80
2024-07-03,Chicken Samosa,90,61,59
2024-07-03,Cream Bun,120,39,38
2024-07-03,Egg Roll,100,58,53
2024-07-03,Fish Bun,120,75,70
2024-07-03,Fish Patty,110,70,62
2024-07-03,Mini Pizza,220,41,38
2024-07-03,Sausage Bun,140,64,61
2024-07-03,Vegetable Roti,100,54,49
2024-07-04,Chicken Bun,130,63,57
2024-07-04,Chicken Pastry,180,76,72
2024-07-04,Chicken Samosa,90,69,63
2024-07-04,Cream Bun,120,40,37
2024-07-04,Egg Roll,100,58,54
2024-07-04,Fish Bun,120,64,61
2024-07-04,Fish Patty,110,50,47
2024-07-04,Mini Pizza,220,36,33
2024-07-04,Sausage Bun,140,49,47
2024-07-04,Vegetable Roti,100,55,50
2024-07-05,Chicken Bun,130,47,43
2024-07-05,Chicken Pastry,180,71,64
2024-07-05,Chicken Samosa,90,56,53
2024-07-05,Cream Bun,120,45,42
2024-07-05,Egg Roll,100,50,44
2024-07-05,Fish Bun,120,69,62
2024-07-05,Fish Patty,110,47,43
2024-07-05,Mini Pizza,220,35,31
2024-07-05,Sausage Bun,140,45,42
2024-07-05,Vegetable Roti,100,51,46
2024-07-06,Chicken Bun,130,69,65
2024-07-06,Chicken Pastry,180,86,82
2024-07-06,Chicken Samosa,90,73,72
2024-07-06,Cream Bun,120,55,50
2024-07-06,Egg Roll,100,79,74
2024-07-06,Fish Bun,120,73,66
2024-07-06,Fish Patty,110,59,52
2024-07-06,Mini Pizza,220,49,47
2024-07-06,Sausage Bun,140,64,60
2024-07-06,Vegetable Roti,100,56,50
2024-07-07,Chicken Bun,130,64,62
2024-07-07,Chicken Pastry,180,95,86
2024-07-07,Chicken Samosa,90,69,68
2024-07-07,Cream Bun,120,54,49
2024-07-07,Egg Roll,100,66,59
2024-07-07,Fish Bun,120,84,76
2024-07-07,Fish Patty,110,64,58
2024-07-07,Mini Pizza,220,45,41
2024-07-07,Sausage Bun,140,66,63
2024-07-07,Vegetable Roti,100,66,60
2024-07-08,Chicken Bun,130,59,52
2024-07-08,Chicken Pastry,180,74,73
2024-07-08,Chicken Samosa,90,69,64
2024-07-08,Cream Bun,120,39,35
2024-07-08,Egg Roll,100,60,58
2024-07-08,Fish Bun,120,67,59
2024-07-08,Fish Patty,110,56,53
2024-07-08,Mini Pizza,220,29,28
2024-07-08,Sausage Bun,140,47,44
2024-07-08,Vegetable Roti,100,53,49
2024-07-09,Chicken Bun,130,66,62
2024-07-09,Chicken Pastry,180,85,81
2024-07-09,Chicken Samosa,90,76,71
2024-07-09,Cream Bun,120,46,43
2024-07-09,Egg Roll,100,61,61
2024-07-09,Fish Bun,120,74,68
2024-07-09,Fish Patty,110,56,51
2024-07-09,Mini Pizza,220,43,40
2024-07-09,Sausage Bun,140,63,60
2024-07-09,Vegetable Roti,100,54,50
2024-07-10,Chicken Bun,130,67,58
2024-07-10,Chicken Pastry,180,104,93
2024-07-10,Chicken Samosa,90,68,63
2024-07-10,Cream Bun,120,48,46
2024-07-10,Egg Roll,100,61,57
2024-07-10,Fish Bun,120,76,71
2024-07-10,Fish Patty,110,56,54
2024-07-10,Mini Pizza,220,47,44
2024-07-10,Sausage Bun,140,70,64
2024-07-10,Vegetable Roti,100,63,58
2024-07-11,Chicken Bun,130,65,62
2024-07-11,Chicken Pastry,180,79,73
2024-07-11,Chicken Samosa,90,67,61
2024-07-11,Cream Bun,120,42,39
2024-07-11,Egg Roll,100,57,57
2024-07-11,Fish Bun,120,80,70
2024-07-11,Fish Patty,110,57,54
2024-07-11,Mini Pizza,220,38,35
2024-07-11,Sausage Bun,140,56,55
2024-07-11,Vegetable Roti,100,62,53
2024-07-12,Chicken Bun,130,62,59
2024-07-12,Chicken Pastry,180,82,74
2024-07-12,Chicken Samosa,90,62,57
2024-07-12,Cream Bun,120,44,42
2024-07-12,Egg Roll,100,51,49
2024-07-12,Fish Bun,120,71,62
2024-07-12,Fish Patty,110,57,52
2024-07-12,Mini Pizza,220,38,35
2024-07-12,Sausage Bun,140,54,49
2024-07-12,Vegetable Roti,100,63,55
2024-07-13,Chicken Bun,130,47,46
2024-07-13,Chicken Pastry,180,78,69
2024-07-13,Chicken Samosa,90,58,53
2024-07-13,Cream Bun,120,34,33
2024-07-13,Egg Roll,100,48,44
2024-07-13,Fish Bun,120,65,58
2024-07-13,Fish Patty,110,43,41
2024-07-13,Mini Pizza,220,39,34
2024-07-13,Sausage Bun,140,50,49
2024-07-13,Vegetable Roti,100,43,40
2024-07-14,Chicken Bun,130,82,70
2024-07-14,Chicken Pastry,180,101,92
2024-07-14,Chicken Samosa,90,75,69
2024-07-14,Cream Bun,120,47,45
2024-07-14,Egg Roll,100,61,52
2024-07-14,Fish Bun,120,70,65
2024-07-14,Fish Patty,110,50,49
2024-07-14,Mini Pizza,220,44,42
2024-07-14,Sausage Bun,140,51,48
2024-07-14,Vegetable Roti,100,51,49
2024-07-15,Chicken Bun,130,46,42
2024-07-15,Chicken Pastry,180,69,65
2024-07-15,Chicken Samosa,90,57,50
2024-07-15,Cream Bun,120,40,36
2024-07-15,Egg Roll,100,48,43
2024-07-15,Fish Bun,120,52,47
2024-07-15,Fish Patty,110,36,34
2024-07-15,Mini Pizza,220,38,35
2024-07-15,Sausage Bun,140,47,43
2024-07-15,Vegetable Roti,100,43,42
2024-07-16,Chicken Bun,130,57,49
2024-07-16,Chicken Pastry,180,74,69
2024-07-16,Chicken Samosa,90,59,56
2024-07-16,Cream Bun,120,36,34
2024-07-16,Egg Roll,100,59,55
2024-07-16,Fish Bun,120,65,59
2024-07-16,Fish Patty,110,50,46
2024-07-16,Mini Pizza,220,33,30
2024-07-16,Sausage Bun,140,47,47
2024-07-16,Vegetable Roti,100,55,54
2024-07-17,Chicken Bun,130,47,43
2024-07-17,Chicken Pastry,180,79,70
2024-07-17,Chicken Samosa,90,68,61
2024-07-17,Cream Bun,120,40,35
2024-07-17,Egg Roll,100,48,46
2024-07-17,Fish Bun,120,66,62
2024-07-17,Fish Patty,110,44,42
2024-07-17,Mini Pizza,220,34,32
2024-07-17,Sausage Bun,140,46,42
2024-07-17,Vegetable Roti,100,46,44
2024-07-18,Chicken Bun,130,49,47
2024-07-18,Chicken Pastry,180,70,65
2024-07-18,Chicken Samosa,90,49,47
2024-07-18,Cream Bun,120,36,34
2024-07-18,Egg Roll,100,42,40
2024-07-18,Fish Bun,120,52,50
2024-07-18,Fish Patty,110,44,42
2024-07-18,Mini Pizza,220,36,34
2024-07-18,Sausage Bun,140,46,44
2024-07-18,Vegetable Roti,100,39,36
2024-07-19,Chicken Bun,130,66,61
2024-07-19,Chicken Pastry,180,91,82
2024-07-19,Chicken Samosa,90,66,61
2024-07-19,Cream Bun,120,51,45
2024-07-19,Egg Roll,100,66,62
2024-07-19,Fish Bun,120,80,69
2024-07-19,Fish Patty,110,53,47
2024-07-19,Mini Pizza,220,47,42
2024-07-19,Sausage Bun,140,59,55
2024-07-19,Vegetable Roti,100,57,52
2024-07-20,Chicken Bun,130,74,70
2024-07-20,Chicken Pastry,180,121,111
2024-07-20,Chicken Samosa,90,78,73
2024-07-20,Cream Bun,120,72,65
2024-07-20,Egg Roll,100,67,64
2024-07-20,Fish Bun,120,79,77
2024-07-20,Fish Patty,110,66,61
2024-07-20,Mini Pizza,220,76,70
2024-07-20,Sausage Bun,140,72,66
2024-07-20,Vegetable Roti,100,66,60
2024-07-21,Chicken Bun,130,80,74
2024-07-21,Chicken Pastry,180,106,99
2024-07-21,Chicken Samosa,90,80,74
2024-07-21,Cream Bun,120,59,56
2024-07-21,Egg Roll,100,63,59
2024-07-21,Fish Bun,120,80,78
2024-07-21,Fish Patty,110,61,56
2024-07-21,Mini Pizza,220,62,56
2024-07-21,Sausage Bun,140,72,66
2024-07-21,Vegetable Roti,100,61,58
2024-07-22,Chicken Bun,130,57,53
2024-07-22,Chicken Pastry,180,80,72
2024-07-22,Chicken Samosa,90,62,58
2024-07-22,Cream Bun,120,41,36
2024-07-22,Egg Roll,100,57,52
2024-07-22,Fish Bun,120,65,61
2024-07-22,Fish Patty,110,46,46
2024-07-22,Mini Pizza,220,27,25
2024-07-22,Sausage Bun,140,46,44
2024-07-22,Vegetable Roti,100,51,47
2024-07-23,Chicken Bun,130,78,72
2024-07-23,Chicken Pastry,180,102,92
2024-07-23,Chicken Samosa,90,71,66
2024-07-23,Cream Bun,120,45,43
2024-07-23,Egg Roll,100,67,62
2024-07-23,Fish Bun,120,75,70
2024-07-23,Fish Patty,110,55,50
2024-07-23,Mini Pizza,220,48,43
2024-07-23,Sausage Bun,140,60,59
2024-07-23,Vegetable Roti,100,52,51
2024-07-24,Chicken Bun,130,73,66
2024-07-24,Chicken Pastry,180,99,91
2024-07-24,Chicken Samosa,90,65,62
2024-07-24,Cream Bun,120,49,45
2024-07-24,Egg Roll,100,63,57
2024-07-24,Fish Bun,120,77,67
2024-07-24,Fish Patty,110,64,59
2024-07-24,Mini Pizza,220,52,47
2024-07-24,Sausage Bun,140,57,54
2024-07-24,Vegetable Roti,100,51,45
2024-07-25,Chicken Bun,130,66,63
2024-07-25,Chicken Pastry,180,84,76
2024-07-25,Chicken Samosa,90,63,58
2024-07-25,Cream Bun,120,47,44
2024-07-25,Egg Roll,100,64,59
2024-07-25,Fish Bun,120,69,63
2024-07-25,Fish Patty,110,51,49
2024-07-25,Mini Pizza,220,45,41
2024-07-25,Sausage Bun,140,53,50
2024-07-25,Vegetable Roti,100,61,57
2024-07-26,Chicken Bun,130,68,60
2024-07-26,Chicken Pastry,180,101,84
2024-07-26,Chicken Samosa,90,76,69
2024-07-26,Cream Bun,120,49,47
2024-07-26,Egg Roll,100,65,64
2024-07-26,Fish Bun,120,76,71
2024-07-26,Fish Patty,110,52,51
2024-07-26,Mini Pizza,220,47,42
2024-07-26,Sausage Bun,140,56,53
2024-07-26,Vegetable Roti,100,62,54
2024-07-27,Chicken Bun,130,81,74
2024-07-27,Chicken Pastry,180,90,87
2024-07-27,Chicken Samosa,90,62,59
2024-07-27,Cream Bun,120,57,54
2024-07-27,Egg Roll,100,68,62
2024-07-27,Fish Bun,120,84,81
2024-07-27,Fish Patty,110,61,56
2024-07-27,Mini Pizza,220,58,53
2024-07-27,Sausage Bun,140,62,58
2024-07-27,Vegetable Roti,100,55,53
2024-07-28,Chicken Bun,130,70,63
2024-07-28,Chicken Pastry,180,92,85
2024-07-28,Chicken Samosa,90,60,55
2024-07-28,Cream Bun,120,44,42
2024-07-28,Egg Roll,100,60,55
2024-07-28,Fish Bun,120,72,62
2024-07-28,Fish Patty,110,54,47
2024-07-28,Mini Pizza,220,40,39
2024-07-28,Sausage Bun,140,61,58
2024-07-28,Vegetable Roti,100,58,54
2024-07-29,Chicken Bun,130,50,46
2024-07-29,Chicken Pastry,180,60,59
2024-07-29,Chicken Samosa,90,64,60
2024-07-29,Cream Bun,120,39,36
2024-07-29,Egg Roll,100,50,47
2024-07-29,Fish Bun,120,65,56
2024-07-29,Fish Patty,110,45,42
2024-07-29,Mini Pizza,220,38,35
2024-07-29,Sausage Bun,140,47,42
2024-07-29,Vegetable Roti,100,48,43
2024-07-30,Chicken Bun,130,72,65
2024-07-30,Chicken Pastry,180,100,91
2024-07-30,Chicken Samosa,90,69,63
2024-07-30,Cream Bun,120,45,40
2024-07-30,Egg Roll,100,58,53
2024-07-30,Fish Bun,120,88,85
2024-07-30,Fish Patty,110,53,48
2024-07-30,Mini Pizza,220,42,39
2024-07-30,Sausage Bun,140,66,60
2024-07-30,Vegetable Roti,100,63,55
2024-07-31,Chicken Bun,130,60,56
2024-07-31,Chicken Pastry,180,82,78
2024-07-31,Chicken Samosa,90,74,69
2024-07-31,Cream Bun,120,43,42
2024-07-31,Egg Roll,100,59,55
2024-07-31,Fish Bun,120,65,62
2024-07-31,Fish Patty,110,53,47
2024-07-31,Mini Pizza,220,35,31
2024-07-31,Sausage Bun,140,55,49
2024-07-31,Vegetable Roti,100,58,53
2024-08-01,Chicken Bun,130,56,54
2024-08-01,Chicken Pastry,180,94,84
2024-08-01,Chicken Samosa,90,64,61
2024-08-01,Cream Bun,120,53,46
2024-08-01,Egg Roll,100,57,54
2024-08-01,Fish Bun,120,73,66
2024-08-01,Fish Patty,110,59,55
2024-08-01,Mini Pizza,220,45,42
2024-08-01,Sausage Bun,140,61,57
2024-08-01,Vegetable Roti,100,55,50
2024-08-02,Chicken Bun,130,58,57
2024-08-02,Chicken Pastry,180,89,89
2024-08-02,Chicken Samosa,90,76,71
2024-08-02,Cream Bun,120,45,40
2024-08-02,Egg Roll,100,62,54
2024-08-02,Fish Bun,120,77,72
2024-08-02,Fish Patty,110,55,50
2024-08-02,Mini Pizza,220,39,37
2024-08-02,Sausage Bun,140,59,54
2024-08-02,Vegetable Roti,100,53,50
2024-08-03,Chicken Bun,130,74,68
2024-08-03,Chicken Pastry,180,100,89
2024-08-03,Chicken Samosa,90,76,64
2024-08-03,Cream Bun,120,56,51
2024-08-03,Egg Roll,100,66,61
2024-08-03,Fish Bun,120,75,71
2024-08-03,Fish Patty,110,56,56
2024-08-03,Mini Pizza,220,53,50
2024-08-03,Sausage Bun,140,65,60
2024-08-03,Vegetable Roti,100,67,58
2024-08-04,Chicken Bun,130,79,76
2024-08-04,Chicken Pastry,180,96,89
2024-08-04,Chicken Samosa,90,75,70
2024-08-04,Cream Bun,120,65,58
2024-08-04,Egg Roll,100,61,57
2024-08-04,Fish Bun,120,74,68
2024-08-04,Fish Patty,110,59,58
2024-08-04,Mini Pizza,220,53,50
2024-08-04,Sausage Bun,140,67,64
2024-08-04,Vegetable Roti,100,68,62
2024-08-05,Chicken Bun,130,62,60
2024-08-05,Chicken Pastry,180,81,72
2024-08-05,Chicken Samosa,90,71,62
2024-08-05,Cream Bun,120,47,46
2024-08-05,Egg Roll,100,60,55
2024-08-05,Fish Bun,120,73,69
2024-08-05,Fish Patty,110,58,53
2024-08-05,Mini Pizza,220,47,44
2024-08-05,Sausage Bun,140,55,52
2024-08-05,Vegetable Roti,100,50,50
2024-08-06,Chicken Bun,130,58,55
2024-08-06,Chicken Pastry,180,96,88
2024-08-06,Chicken Samosa,90,64,62
2024-08-06,Cream Bun,120,49,43
2024-08-06,Egg Roll,100,55,49
2024-08-06,Fish Bun,120,72,68
2024-08-06,Fish Patty,110,57,52
2024-08-06,Mini Pizza,220,41,38
2024-08-06,Sausage Bun,140,61,61
2024-08-06,Vegetable Roti,100,60,56
2024-08-07,Chicken Bun,130,70,62
2024-08-07,Chicken Pastry,180,107,98
2024-08-07,Chicken Samosa,90,61,59
2024-08-07,Cream Bun,120,45,43
2024-08-07,Egg Roll,100,65,61
2024-08-07,Fish Bun,120,76,72
2024-08-07,Fish Patty,110,51,45
2024-08-07,Mini Pizza,220,45,42
2024-08-07,Sausage Bun,140,57,52
2024-08-07,Vegetable Roti,100,58,53
2024-08-08,Chicken Bun,130,54,50
2024-08-08,Chicken Pastry,180,67,63
2024-08-08,Chicken Samosa,90,63,56
2024-08-08,Cream Bun,120,38,36
2024-08-08,Egg Roll,100,47,42
2024-08-08,Fish Bun,120,59,52
2024-08-08,Fish Patty,110,41,40
2024-08-08,Mini Pizza,220,37,34
2024-08-08,Sausage Bun,140,43,41
2024-08-08,Vegetable Roti,100,46,42
2024-08-09,Chicken Bun,130,63,62
2024-08-09,Chicken Pastry,180,104,94
2024-08-09,Chicken Samosa,90,61,58
2024-08-09,Cream Bun,120,54,49
2024-08-09,Egg Roll,100,60,54
2024-08-09,Fish Bun,120,67,63
2024-08-09,Fish Patty,110,52,51
2024-08-09,Mini Pizza,220,45,41
2024-08-09,Sausage Bun,140,72,65
2024-08-09,Vegetable Roti,100,57,55
2024-08-10,Chicken Bun,130,54,50
2024-08-10,Chicken Pastry,180,72,72
2024-08-10,Chicken Samosa,90,65,60
2024-08-10,Cream Bun,120,38,35
2024-08-10,Egg Roll,100,53,51
2024-08-10,Fish Bun,120,68,65
2024-08-10,Fish Patty,110,56,52
2024-08-10,Mini Pizza,220,39,36
2024-08-10,Sausage Bun,140,58,50
2024-08-10,Vegetable Roti,100,56,52
2024-08-11,Chicken Bun,130,63,60
2024-08-11,Chicken Pastry,180,88,82
2024-08-11,Chicken Samosa,90,75,69
2024-08-11,Cream Bun,120,52,47
2024-08-11,Egg Roll,100,65,59
2024-08-11,Fish Bun,120,80,76
2024-08-11,Fish Patty,110,63,60
2024-08-11,Mini Pizza,220,40,38
2024-08-11,Sausage Bun,140,56,51
2024-08-11,Vegetable Roti,100,57,53
2024-08-12,Chicken Bun,130,53,51
2024-08-12,Chicken Pastry,180,69,64
2024-08-12,Chicken Samosa,90,51,48
2024-08-12,Cream Bun,120,33,32
2024-08-12,Egg Roll,100,44,42
2024-08-12,Fish Bun,120,58,53
2024-08-12,Fish Patty,110,42,39
2024-08-12,Mini Pizza,220,30,30
2024-08-12,Sausage Bun,140,44,43
2024-08-12,Vegetable Roti,100,46,44
2024-08-13,Chicken Bun,130,62,58
2024-08-13,Chicken Pastry,180,79,71
2024-08-13,Chicken Samosa,90,62,61
2024-08-13,Cream Bun,120,50,47
2024-08-13,Egg Roll,100,60,53
2024-08-13,Fish Bun,120,68,61
2024-08-13,Fish Patty,110,52,47
2024-08-13,Mini Pizza,220,43,40
2024-08-13,Sausage Bun,140,60,54
2024-08-13,Vegetable Roti,100,57,55
2024-08-14,Chicken Bun,130,71,65
2024-08-14,Chicken Pastry,180,84,77
2024-08-14,Chicken Samosa,90,64,58
2024-08-14,Cream Bun,120,52,51
2024-08-14,Egg Roll,100,63,61
2024-08-14,Fish Bun,120,74,68
2024-08-14,Fish Patty,110,55,49
2024-08-14,Mini Pizza,220,40,37
2024-08-14,Sausage Bun,140,61,56
2024-08-14,Vegetable Roti,100,58,53
2024-08-15,Chicken Bun,130,62,59
2024-08-15,Chicken Pastry,180,86,79
2024-08-15,Chicken Samosa,90,66,64
2024-08-15,Cream Bun,120,39,36
2024-08-15,Egg Roll,100,58,54
2024-08-15,Fish Bun,120,59,56
2024-08-15,Fish Patty,110,50,48
2024-08-15,Mini Pizza,220,35,32
2024-08-15,Sausage Bun,140,64,56
2024-08-15,Vegetable Roti,100,45,40
2024-08-16,Chicken Bun,130,51,45
2024-08-16,Chicken Pastry,180,70,66
2024-08-16,Chicken Samosa,90,55,50
2024-08-16,Cream Bun,120,38,35
2024-08-16,Egg Roll,100,48,44
2024-08-16,Fish Bun,120,57,53
2024-08-16,Fish Patty,110,44,40
2024-08-16,Mini Pizza,220,29,29
2024-08-16,Sausage Bun,140,49,45
2024-08-16,Vegetable Roti,100,36,33
2024-08-17,Chicken Bun,130,60,53
2024-08-17,Chicken Pastry,180,76,69
2024-08-17,Chicken Samosa,90,69,60
2024-08-17,Cream Bun,120,43,40
2024-08-17,Egg Roll,100,49,45
2024-08-17,Fish Bun,120,64,57
2024-08-17,Fish Patty,110,38,36
2024-08-17,Mini Pizza,220,40,37
2024-08-17,Sausage Bun,140,53,48
2024-08-17,Vegetable Roti,100,51,45
2024-08-18,Chicken Bun,130,76,66
2024-08-18,Chicken Pastry,180,104,96
2024-08-18,Chicken Samosa,90,91,83
2024-08-18,Cream Bun,120,51,48
2024-08-18,Egg Roll,100,65,60
2024-08-18,Fish Bun,120,82,75
2024-08-18,Fish Patty,110,53,50
2024-08-18,Mini Pizza,220,39,37
2024-08-18,Sausage Bun,140,65,57
2024-08-18,Vegetable Roti,100,59,52
2024-08-19,Chicken Bun,130,51,50
2024-08-19,Chicken Pastry,180,75,70
2024-08-19,Chicken Samosa,90,66,62
2024-08-19,Cream Bun,120,38,37
2024-08-19,Egg Roll,100,67,61
2024-08-19,Fish Bun,120,77,69
2024-08-19,Fish Patty,110,49,47
2024-08-19,Mini Pizza,220,31,30
2024-08-19,Sausage Bun,140,55,53
2024-08-19,Vegetable Roti,100,55,50
2024-08-20,Chicken Bun,130,62,56
2024-08-20,Chicken Pastry,180,97,92
2024-08-20,Chicken Samosa,90,63,60
2024-08-20,Cream Bun,120,49,46
2024-08-20,Egg Roll,100,59,56
2024-08-20,Fish Bun,120,79,73
2024-08-20,Fish Patty,110,56,52
2024-08-20,Mini Pizza,220,40,37
2024-08-20,Sausage Bun,140,60,56
2024-08-20,Vegetable Roti,100,56,53
2024-08-21,Chicken Bun,130,40,38
2024-08-21,Chicken Pastry,180,59,55
2024-08-21,Chicken Samosa,90,55,53
2024-08-21,Cream Bun,120,39,36
2024-08-21,Egg Roll,100,61,55
2024-08-21,Fish Bun,120,64,61
2024-08-21,Fish Patty,110,51,48
2024-08-21,Mini Pizza,220,35,32
2024-08-21,Sausage Bun,140,48,43
2024-08-21,Vegetable Roti,100,56,51
2024-08-22,Chicken Bun,130,73,67
2024-08-22,Chicken Pastry,180,104,96
2024-08-22,Chicken Samosa,90,76,70
2024-08-22,Cream Bun,120,51,48
2024-08-22,Egg Roll,100,58,55
2024-08-22,Fish Bun,120,71,67
2024-08-22,Fish Patty,110,54,51
2024-08-22,Mini Pizza,220,48,45
2024-08-22,Sausage Bun,140,61,56
2024-08-22,Vegetable Roti,100,50,49
2024-08-23,Chicken Bun,130,67,63
2024-08-23,Chicken Pastry,180,94,88
2024-08-23,Chicken Samosa,90,71,65
2024-08-23,Cream Bun,120,51,49
2024-08-23,Egg Roll,100,66,60
2024-08-23,Fish Bun,120,65,60
2024-08-23,Fish Patty,110,53,48
2024-08-23,Mini Pizza,220,46,43
2024-08-23,Sausage Bun,140,60,53
2024-08-23,Vegetable Roti,100,59,55
2024-08-24,Chicken Bun,130,72,67
2024-08-24,Chicken Pastry,180,81,77
2024-08-24,Chicken Samosa,90,80,74
2024-08-24,Cream Bun,120,62,62
2024-08-24,Egg Roll,100,72,64
2024-08-24,Fish Bun,120,82,77
2024-08-24,Fish Patty,110,62,58
2024-08-24,Mini Pizza,220,52,47
2024-08-24,Sausage Bun,140,66,61
2024-08-24,Vegetable Roti,100,59,57
2024-08-25,Chicken Bun,130,76,70
2024-08-25,Chicken Pastry,180,97,90
2024-08-25,Chicken Samosa,90,68,64
2024-08-25,Cream Bun,120,54,52
2024-08-25,Egg Roll,100,65,60
2024-08-25,Fish Bun,120,81,75
2024-08-25,Fish Patty,110,51,50
2024-08-25,Mini Pizza,220,52,47
2024-08-25,Sausage Bun,140,72,68
2024-08-25,Vegetable Roti,100,62,60
2024-08-26,Chicken Bun,130,64,64
2024-08-26,Chicken Pastry,180,104,88
2024-08-26,Chicken Samosa,90,69,64
2024-08-26,Cream Bun,120,51,46
2024-08-26,Egg Roll,100,70,64
2024-08-26,Fish Bun,120,82,72
2024-08-26,Fish Patty,110,53,47
2024-08-26,Mini Pizza,220,42,41
2024-08-26,Sausage Bun,140,63,57
2024-08-26,Vegetable Roti,100,57,51
2024-08-27,Chicken Bun,130,55,55
2024-08-27,Chicken Pastry,180,95,85
2024-08-27,Chicken Samosa,90,67,63
2024-08-27,Cream Bun,120,54,50
2024-08-27,Egg Roll,100,61,59
2024-08-27,Fish Bun,120,72,66
2024-08-27,Fish Patty,110,67,61
2024-08-27,Mini Pizza,220,50,45
2024-08-27,Sausage Bun,140,66,63
2024-08-27,Vegetable Roti,100,53,49
2024-08-28,Chicken Bun,130,67,63
2024-08-28,Chicken Pastry,180,96,87
2024-08-28,Chicken Samosa,90,69,67
2024-08-28,Cream Bun,120,51,47
2024-08-28,Egg Roll,100,58,56
2024-08-28,Fish Bun,120,79,71
2024-08-28,Fish Patty,110,54,50
2024-08-28,Mini Pizza,220,53,49
2024-08-28,Sausage Bun,140,58,58
2024-08-28,Vegetable Roti,100,67,63
2024-08-29,Chicken Bun,130,53,52
2024-08-29,Chicken Pastry,180,80,76
2024-08-29,Chicken Samosa,90,74,68
2024-08-29,Cream Bun,120,40,38
2024-08-29,Egg Roll,100,61,58
2024-08-29,Fish Bun,120,78,74
2024-08-29,Fish Patty,110,55,54
2024-08-29,Mini Pizza,220,32,31
2024-08-29,Sausage Bun,140,50,47
2024-08-29,Vegetable Roti,100,54,50
2024-08-30,Chicken Bun,130,59,55
2024-08-30,Chicken Pastry,180,82,78
2024-08-30,Chicken Samosa,90,63,59
2024-08-30,Cream Bun,120,47,46
2024-08-30,Egg Roll,100,60,54
2024-08-30,Fish Bun,120,60,58
2024-08-30,Fish Patty,110,50,46
2024-08-30,Mini Pizza,220,33,31
2024-08-30,Sausage Bun,140,57,51
2024-08-30,Vegetable Roti,100,61,55
2024-08-31,Chicken Bun,130,60,55
2024-08-31,Chicken Pastry,180,79,72
2024-08-31,Chicken Samosa,90,71,68
2024-08-31,Cream Bun,120,39,38
2024-08-31,Egg Roll,100,56,52
2024-08-31,Fish Bun,120,81,74
2024-08-31,Fish Patty,110,64,59
2024-08-31,Mini Pizza,220,44,40
2024-08-31,Sausage Bun,140,53,50
2024-08-31,Vegetable Roti,100,53,50
2024-09-01,Chicken Bun,130,58,56
2024-09-01,Chicken Pastry,180,74,68
2024-09-01,Chicken Samosa,90,67,63
2024-09-01,Cream Bun,120,38,36
2024-09-01,Egg Roll,100,57,53
2024-09-01,Fish Bun,120,66,62
2024-09-01,Fish Patty,110,52,46
2024-09-01,Mini Pizza,220,44,39
2024-09-01,Sausage Bun,140,48,45
2024-09-01,Vegetable Roti,100,58,51
2024-09-02,Chicken Bun,130,46,42
2024-09-02,Chicken Pastry,180,56,52
2024-09-02,Chicken Samosa,90,61,55
2024-09-02,Cream Bun,120,36,35
2024-09-02,Egg Roll,100,55,49
2024-09-02,Fish Bun,120,60,55
2024-09-02,Fish Patty,110,41,38
2024-09-02,Mini Pizza,220,29,27
2024-09-02,Sausage Bun,140,49,45
2024-09-02,Vegetable Roti,100,48,46
2024-09-03,Chicken Bun,130,65,62
2024-09-03,Chicken Pastry,180,87,78
2024-09-03,Chicken Samosa,90,69,66
2024-09-03,Cream Bun,120,53,48
2024-09-03,Egg Roll,100,55,49
2024-09-03,Fish Bun,120,70,68
2024-09-03,Fish Patty,110,61,55
2024-09-03,Mini Pizza,220,39,38
2024-09-03,Sausage Bun,140,55,52
2024-09-03,Vegetable Roti,100,62,57
2024-09-04,Chicken Bun,130,51,49
2024-09-04,Chicken Pastry,180,68,64
2024-09-04,Chicken Samosa,90,60,57
2024-09-04,Cream Bun,120,35,34
2024-09-04,Egg Roll,100,49,43
2024-09-04,Fish Bun,120,58,55
2024-09-04,Fish Patty,110,45,41
2024-09-04,Mini Pizza,220,31,31
2024-09-04,Sausage Bun,140,52,45
2024-09-04,Vegetable Roti,100,54,49
2024-09-05,Chicken Bun,130,58,56
2024-09-05,Chicken Pastry,180,80,73
2024-09-05,Chicken Samosa,90,70,66
2024-09-05,Cream Bun,120,44,44
2024-09-05,Egg Roll,100,55,51
2024-09-05,Fish Bun,120,71,67
2024-09-05,Fish Patty,110,51,47
2024-09-05,Mini Pizza,220,38,35
2024-09-05,Sausage Bun,140,53,50
2024-09-05,Vegetable Roti,100,52,50
2024-09-06,Chicken Bun,130,52,48
2024-09-06,Chicken Pastry,180,83,76
2024-09-06,Chicken Samosa,90,63,60
2024-09-06,Cream Bun,120,38,36
2024-09-06,Egg Roll,100,50,46
2024-09-06,Fish Bun,120,64,56
2024-09-06,Fish Patty,110,50,45
2024-09-06,Mini Pizza,220,33,30
2024-09-06,Sausage Bun,140,57,51
2024-09-06,Vegetable Roti,100,56,51
2024-09-07,Chicken Bun,130,69,67
2024-09-07,Chicken Pastry,180,92,86
2024-09-07,Chicken Samosa,90,68,61
2024-09-07,Cream Bun,120,48,42
2024-09-07,Egg Roll,100,61,60
2024-09-07,Fish Bun,120,76,69
2024-09-07,Fish Patty,110,55,50
2024-09-07,Mini Pizza,220,44,41
2024-09-07,Sausage Bun,140,64,60
2024-09-07,Vegetable Roti,100,53,48
2024-09-08,Chicken Bun,130,74,67
2024-09-08,Chicken Pastry,180,89,80
2024-09-08,Chicken Samosa,90,60,58
2024-09-08,Cream Bun,120,54,50
2024-09-08,Egg Roll,100,56,56
2024-09-08,Fish Bun,120,73,70
2024-09-08,Fish Patty,110,56,55
2024-09-08,Mini Pizza,220,45,43
2024-09-08,Sausage Bun,140,63,61
2024-09-08,Vegetable Roti,100,58,54
2024-09-09,Chicken Bun,130,67,62
2024-09-09,Chicken Pastry,180,86,82
2024-09-09,Chicken Samosa,90,68,63
2024-09-09,Cream Bun,120,51,48
2024-09-09,Egg Roll,100,53,47
2024-09-09,Fish Bun,120,71,70
2024-09-09,Fish Patty,110,57,51
2024-09-09,Mini Pizza,220,42,39
2024-09-09,Sausage Bun,140,59,55
2024-09-09,Vegetable Roti,100,58,56
2024-09-10,Chicken Bun,130,59,55
2024-09-10,Chicken Pastry,180,79,71
2024-09-10,Chicken Samosa,90,69,65
2024-09-10,Cream Bun,120,50,47
2024-09-10,Egg Roll,100,58,53
2024-09-10,Fish Bun,120,65,61
2024-09-10,Fish Patty,110,52,46
2024-09-10,Mini Pizza,220,40,37
2024-09-10,Sausage Bun,140,62,57
2024-09-10,Vegetable Roti,100,48,43
2024-09-11,Chicken Bun,130,67,61
2024-09-11,Chicken Pastry,180,80,76
2024-09-11,Chicken Samosa,90,61,58
2024-09-11,Cream Bun,120,43,40
2024-09-11,Egg Roll,100,66,59
2024-09-11,Fish Bun,120,74,69
2024-09-11,Fish Patty,110,52,45
2024-09-11,Mini Pizza,220,50,43
2024-09-11,Sausage Bun,140,61,57
2024-09-11,Vegetable Roti,100,52,49
2024-09-12,Chicken Bun,130,64,60
2024-09-12,Chicken Pastry,180,90,79
2024-09-12,Chicken Samosa,90,66,60
2024-09-12,Cream Bun,120,51,46
2024-09-12,Egg Roll,100,60,57
2024-09-12,Fish Bun,120,81,75
2024-09-12,Fish Patty,110,55,50
2024-09-12,Mini Pizza,220,47,44
2024-09-12,Sausage Bun,140,69,63
2024-09-12,Vegetable Roti,100,61,57
2024-09-13,Chicken Bun,130,59,55
2024-09-13,Chicken Pastry,180,84,82
2024-09-13,Chicken Samosa,90,66,60
2024-09-13,Cream Bun,120,44,43
2024-09-13,Egg Roll,100,60,53
2024-09-13,Fish Bun,120,71,66
2024-09-13,Fish Patty,110,55,51
2024-09-13,Mini Pizza,220,44,40
2024-09-13,Sausage Bun,140,56,52
2024-09-13,Vegetable Roti,100,61,54
2024-09-14,Chicken Bun,130,78,72
2024-09-14,Chicken Pastry,180,87,87
2024-09-14,Chicken Samosa,90,64,64
2024-09-14,Cream Bun,120,54,48
2024-09-14,Egg Roll,100,56,52
2024-09-14,Fish Bun,120,79,71
2024-09-14,Fish Patty,110,55,53
2024-09-14,Mini Pizza,220,46,42
2024-09-14,Sausage Bun,140,64,61
2024-09-14,Vegetable Roti,100,65,62
2024-09-15,Chicken Bun,130,70,65
2024-09-15,Chicken Pastry,180,86,84
2024-09-15,Chicken Samosa,90,60,57
2024-09-15,Cream Bun,120,45,43
2024-09-15,Egg Roll,100,56,53
2024-09-15,Fish Bun,120,87,80
2024-09-15,Fish Patty,110,65,56
2024-09-15,Mini Pizza,220,53,47
2024-09-15,Sausage Bun,140,69,64
2024-09-15,Vegetable Roti,100,48,46
2024-09-16,Chicken Bun,130,70,64
2024-09-16,Chicken Pastry,180,88,82
2024-09-16,Chicken Samosa,90,69,64
2024-09-16,Cream Bun,120,53,48
2024-09-16,Egg Roll,100,59,54
2024-09-16,Fish Bun,120,86,73
2024-09-16,Fish Patty,110,56,54
2024-09-16,Mini Pizza,220,44,42
2024-09-16,Sausage Bun,140,71,64
2024-09-16,Vegetable Roti,100,63,58
2024-09-17,Chicken Bun,130,70,63
2024-09-17,Chicken Pastry,180,89,84
2024-09-17,Chicken Samosa,90,77,70
2024-09-17,Cream Bun,120,45,42
2024-09-17,Egg Roll,100,53,49
2024-09-17,Fish Bun,120,69,66
2024-09-17,Fish Patty,110,52,50
2024-09-17,Mini Pizza,220,39,35
2024-09-17,Sausage Bun,140,60,57
2024-09-17,Vegetable Roti,100,50,48
2024-09-18,Chicken Bun,130,65,63
2024-09-18,Chicken Pastry,180,88,87
2024-09-18,Chicken Samosa,90,63,59
2024-09-18,Cream Bun,120,48,42
2024-09-18,Egg Roll,100,66,60
2024-09-18,Fish Bun,120,82,75
2024-09-18,Fish Patty,110,56,52
2024-09-18,Mini Pizza,220,40,37
2024-09-18,Sausage Bun,140,56,52
2024-09-18,Vegetable Roti,100,57,53
2024-09-19,Chicken Bun,130,66,58
2024-09-19,Chicken Pastry,180,89,84
2024-09-19,Chicken Samosa,90,60,55
2024-09-19,Cream Bun,120,54,48
2024-09-19,Egg Roll,100,64,59
2024-09-19,Fish Bun,120,79,71
2024-09-19,Fish Patty,110,54,51
2024-09-19,Mini Pizza,220,40,39
2024-09-19,Sausage Bun,140,58,56
2024-09-19,Vegetable Roti,100,73,65
2024-09-20,Chicken Bun,130,72,64
2024-09-20,Chicken Pastry,180,94,85
2024-09-20,Chicken Samosa,90,70,61
2024-09-20,Cream Bun,120,46,42
2024-09-20,Egg Roll,100,56,52
2024-09-20,Fish Bun,120,78,71
2024-09-20,Fish Patty,110,56,53
2024-09-20,Mini Pizza,220,43,40
2024-09-20,Sausage Bun,140,53,52
2024-09-20,Vegetable Roti,100,47,47
2024-09-21,Chicken Bun,130,69,66
2024-09-21,Chicken Pastry,180,86,79
2024-09-21,Chicken Samosa,90,78,71
2024-09-21,Cream Bun,120,57,49
2024-09-21,Egg Roll,100,66,60
2024-09-21,Fish Bun,120,76,68
2024-09-21,Fish Patty,110,65,57
2024-09-21,Mini Pizza,220,45,42
2024-09-21,Sausage Bun,140,67,59
2024-09-21,Vegetable Roti,100,55,52
2024-09-22,Chicken Bun,130,64,61
2024-09-22,Chicken Pastry,180,91,87
2024-09-22,Chicken Samosa,90,64,59
2024-09-22,Cream Bun,120,57,53
2024-09-22,Egg Roll,100,78,68
2024-09-22,Fish Bun,120,91,81
2024-09-22,Fish Patty,110,66,60
2024-09-22,Mini Pizza,220,57,51
2024-09-22,Sausage Bun,140,68,61
2024-09-22,Vegetable Roti,100,61,57
2024-09-23,Chicken Bun,130,69,63
2024-09-23,Chicken Pastry,180,92,90
2024-09-23,Chicken Samosa,90,73,65
2024-09-23,Cream Bun,120,55,48
2024-09-23,Egg Roll,100,66,58
2024-09-23,Fish Bun,120,69,66
2024-09-23,Fish Patty,110,59,54
2024-09-23,Mini Pizza,220,50,45
2024-09-23,Sausage Bun,140,64,61
2024-09-23,Vegetable Roti,100,65,62
2024-09-24,Chicken Bun,130,62,57
2024-09-24,Chicken Pastry,180,89,82
2024-09-24,Chicken Samosa,90,65,60
2024-09-24,Cream Bun,120,49,47
2024-09-24,Egg Roll,100,58,55
2024-09-24,Fish Bun,120,69,68
2024-09-24,Fish Patty,110,56,52
2024-09-24,Mini Pizza,220,36,33
2024-09-24,Sausage Bun,140,60,54
2024-09-24,Vegetable Roti,100,54,48
2024-09-25,Chicken Bun,130,67,61
2024-09-25,Chicken Pastry,180,82,76
2024-09-25,Chicken Samosa,90,68,61
2024-09-25,Cream Bun,120,44,42
2024-09-25,Egg Roll,100,64,56
2024-09-25,Fish Bun,120,81,76
2024-09-25,Fish Patty,110,56,49
2024-09-25,Mini Pizza,220,40,37
2024-09-25,Sausage Bun,140,59,53
2024-09-25,Vegetable Roti,100,57,50
2024-09-26,Chicken Bun,130,68,66
2024-09-26,Chicken Pastry,180,93,88
2024-09-26,Chicken Samosa,90,61,54
2024-09-26,Cream Bun,120,40,38
2024-09-26,Egg Roll,100,69,62
2024-09-26,Fish Bun,120,70,64
2024-09-26,Fish Patty,110,49,46
2024-09-26,Mini Pizza,220,45,40
2024-09-26,Sausage Bun,140,61,55
2024-09-26,Vegetable Roti,100,50,47
2024-09-27,Chicken Bun,130,69,61
2024-09-27,Chicken Pastry,180,84,76
2024-09-27,Chicken Samosa,90,62,60
2024-09-27,Cream Bun,120,44,40
2024-09-27,Egg Roll,100,62,55
2024-09-27,Fish Bun,120,65,60
2024-09-27,Fish Patty,110,49,45
2024-09-27,Mini Pizza,220,42,38
2024-09-27,Sausage Bun,140,59,58
2024-09-27,Vegetable Roti,100,49,45
2024-09-28,Chicken Bun,130,48,44
2024-09-28,Chicken Pastry,180,77,74
2024-09-28,Chicken Samosa,90,58,53
2024-09-28,Cream Bun,120,39,35
2024-09-28,Egg Roll,100,51,48
2024-09-28,Fish Bun,120,59,55
2024-09-28,Fish Patty,110,51,44
2024-09-28,Mini Pizza,220,39,36
2024-09-28,Sausage Bun,140,44,42
2024-09-28,Vegetable Roti,100,42,39
2024-09-29,Chicken Bun,130,65,62
2024-09-29,Chicken Pastry,180,90,87
2024-09-29,Chicken Samosa,90,78,70
2024-09-29,Cream Bun,120,56,54
2024-09-29,Egg Roll,100,68,64
2024-09-29,Fish Bun,120,83,77
2024-09-29,Fish Patty,110,63,58
2024-09-29,Mini Pizza,220,42,37
2024-09-29,Sausage Bun,140,60,55
2024-09-29,Vegetable Roti,100,52,48
2024-09-30,Chicken Bun,130,62,58
2024-09-30,Chicken Pastry,180,90,84
2024-09-30,Chicken Samosa,90,70,67
2024-09-30,Cream Bun,120,48,45
2024-09-30,Egg Roll,100,56,51
2024-09-30,Fish Bun,120,67,62
2024-09-30,Fish Patty,110,57,51
2024-09-30,Mini Pizza,220,40,36
2024-09-30,Sausage Bun,140,57,55
2024-09-30,Vegetable Roti,100,63,56
2024-10-01,Chicken Bun,130,49,49
2024-10-01,Chicken Pastry,180,72,68
2024-10-01,Chicken Samosa,90,64,61
2024-10-01,Cream Bun,120,36,34
2024-10-01,Egg Roll,100,57,51
2024-10-01,Fish Bun,120,69,61
2024-10-01,Fish Patty,110,43,41
2024-10-01,Mini Pizza,220,33,30
2024-10-01,Sausage Bun,140,52,48
2024-10-01,Vegetable Roti,100,58,55
2024-10-02,Chicken Bun,130,64,59
2024-10-02,Chicken Pastry,180,75,75
2024-10-02,Chicken Samosa,90,69,66
2024-10-02,Cream Bun,120,38,36
2024-10-02,Egg Roll,100,58,55
2024-10-02,Fish Bun,120,65,62
2024-10-02,Fish Patty,110,55,50
2024-10-02,Mini Pizza,220,40,35
2024-10-02,Sausage Bun,140,54,51
2024-10-02,Vegetable Roti,100,52,50
2024-10-03,Chicken Bun,130,66,60
2024-10-03,Chicken Pastry,180,101,92
2024-10-03,Chicken Samosa,90,71,68
2024-10-03,Cream Bun,120,51,47
2024-10-03,Egg Roll,100,61,59
2024-10-03,Fish Bun,120,74,67
2024-10-03,Fish Patty,110,56,52
2024-10-03,Mini Pizza,220,40,40
2024-10-03,Sausage Bun,140,62,60
2024-10-03,Vegetable Roti,100,62,57
2024-10-04,Chicken Bun,130,72,67
2024-10-04,Chicken Pastry,180,98,90
2024-10-04,Chicken Samosa,90,65,63
2024-10-04,Cream Bun,120,54,51
2024-10-04,Egg Roll,100,68,60
2024-10-04,Fish Bun,120,79,76
2024-10-04,Fish Patty,110,57,55
2024-10-04,Mini Pizza,220,49,45
2024-10-04,Sausage Bun,140,63,58
2024-10-04,Vegetable Roti,100,70,63
2024-10-05,Chicken Bun,130,68,64
2024-10-05,Chicken Pastry,180,107,92
2024-10-05,Chicken Samosa,90,69,62
2024-10-05,Cream Bun,120,42,38
2024-10-05,Egg Roll,100,58,53
2024-10-05,Fish Bun,120,76,74
2024-10-05,Fish Patty,110,55,51
2024-10-05,Mini Pizza,220,43,40
2024-10-05,Sausage Bun,140,65,60
2024-10-05,Vegetable Roti,100,62,60
2024-10-06,Chicken Bun,130,64,59
2024-10-06,Chicken Pastry,180,89,81
2024-10-06,Chicken Samosa,90,72,67
2024-10-06,Cream Bun,120,47,43
2024-10-06,Egg Roll,100,58,53
2024-10-06,Fish Bun,120,81,78
2024-10-06,Fish Patty,110,52,50
2024-10-06,Mini Pizza,220,40,38
2024-10-06,Sausage Bun,140,60,55
2024-10-06,Vegetable Roti,100,56,51
2024-10-07,Chicken Bun,130,53,50
2024-10-07,Chicken Pastry,180,82,73
2024-10-07,Chicken Samosa,90,63,57
2024-10-07,Cream Bun,120,37,33
2024-10-07,Egg Roll,100,47,45
2024-10-07,Fish Bun,120,67,61
2024-10-07,Fish Patty,110,47,43
2024-10-07,Mini Pizza,220,34,32
2024-10-07,Sausage Bun,140,48,45
2024-10-07,Vegetable Roti,100,49,45
2024-10-08,Chicken Bun,130,57,50
2024-10-08,Chicken Pastry,180,102,94
2024-10-08,Chicken Samosa,90,72,65
2024-10-08,Cream Bun,120,37,33
2024-10-08,Egg Roll,100,60,53
2024-10-08,Fish Bun,120,72,71
2024-10-08,Fish Patty,110,61,53
2024-10-08,Mini Pizza,220,41,37
2024-10-08,Sausage Bun,140,53,53
2024-10-08,Vegetable Roti,100,54,54
2024-10-09,Chicken Bun,130,65,63
2024-10-09,Chicken Pastry,180,82,81
2024-10-09,Chicken Samosa,90,71,65
2024-10-09,Cream Bun,120,53,48
2024-10-09,Egg Roll,100,64,63
2024-10-09,Fish Bun,120,84,74
2024-10-09,Fish Patty,110,50,46
2024-10-09,Mini Pizza,220,36,34
2024-10-09,Sausage Bun,140,58,54
2024-10-09,Vegetable Roti,100,50,48
2024-10-10,Chicken Bun,130,51,47
2024-10-10,Chicken Pastry,180,72,66
2024-10-10,Chicken Samosa,90,65,59
2024-10-10,Cream Bun,120,37,35
2024-10-10,Egg Roll,100,55,51
2024-10-10,Fish Bun,120,64,59
2024-10-10,Fish Patty,110,46,42
2024-10-10,Mini Pizza,220,31,28
2024-10-10,Sausage Bun,140,46,43
2024-10-10,Vegetable Roti,100,53,49
2024-10-11,Chicken Bun,130,57,53
2024-10-11,Chicken Pastry,180,71,62
2024-10-11,Chicken Samosa,90,47,46
2024-10-11,Cream Bun,120,40,35
2024-10-11,Egg Roll,100,41,40
2024-10-11,Fish Bun,120,54,51
2024-10-11,Fish Patty,110,43,41
2024-10-11,Mini Pizza,220,35,33
2024-10-11,Sausage Bun,140,52,45
2024-10-11,Vegetable Roti,100,51,45
2024-10-12,Chicken Bun,130,61,61
2024-10-12,Chicken Pastry,180,83,74
2024-10-12,Chicken Samosa,90,77,70
2024-10-12,Cream Bun,120,48,41
2024-10-12,Egg Roll,100,54,50
2024-10-12,Fish Bun,120,78,72
2024-10-12,Fish Patty,110,53,50
2024-10-12,Mini Pizza,220,41,39
2024-10-12,Sausage Bun,140,49,46
2024-10-12,Vegetable Roti,100,62,57
2024-10-13,Chicken Bun,130,46,43
2024-10-13,Chicken Pastry,180,81,73
2024-10-13,Chicken Samosa,90,50,45
2024-10-13,Cream Bun,120,48,44
2024-10-13,Egg Roll,100,52,48
2024-10-13,Fish Bun,120,69,58
2024-10-13,Fish Patty,110,48,46
2024-10-13,Mini Pizza,220,44,40
2024-10-13,Sausage Bun,140,47,46
2024-10-13,Vegetable Roti,100,40,38
2024-10-14,Chicken Bun,130,52,48
2024-10-14,Chicken Pastry,180,76,68
2024-10-14,Chicken Samosa,90,56,56
2024-10-14,Cream Bun,120,43,38
2024-10-14,Egg Roll,100,50,45
2024-10-14,Fish Bun,120,63,57
2024-10-14,Fish Patty,110,40,37
2024-10-14,Mini Pizza,220,32,30
2024-10-14,Sausage Bun,140,44,40
2024-10-14,Vegetable Roti,100,39,38
2024-10-15,Chicken Bun,130,64,58
2024-10-15,Chicken Pastry,180,91,83
2024-10-15,Chicken Samosa,90,71,67
2024-10-15,Cream Bun,120,39,35
2024-10-15,Egg Roll,100,54,50
2024-10-15,Fish Bun,120,70,61
2024-10-15,Fish Patty,110,51,47
2024-10-15,Mini Pizza,220,36,33
2024-10-15,Sausage Bun,140,63,58
2024-10-15,Vegetable Roti,100,55,48
2024-10-16,Chicken Bun,130,64,59
2024-10-16,Chicken Pastry,180,73,71
2024-10-16,Chicken Samosa,90,62,57
2024-10-16,Cream Bun,120,40,36
2024-10-16,Egg Roll,100,59,52
2024-10-16,Fish Bun,120,63,59
2024-10-16,Fish Patty,110,51,45
2024-10-16,Mini Pizza,220,41,38
2024-10-16,Sausage Bun,140,50,46
2024-10-16,Vegetable Roti,100,56,53
2024-10-17,Chicken Bun,130,86,78
2024-10-17,Chicken Pastry,180,94,91
2024-10-17,Chicken Samosa,90,80,73
2024-10-17,Cream Bun,120,60,54
2024-10-17,Egg Roll,100,65,61
2024-10-17,Fish Bun,120,91,81
2024-10-17,Fish Patty,110,56,54
2024-10-17,Mini Pizza,220,51,48
2024-10-17,Sausage Bun,140,69,65
2024-10-17,Vegetable Roti,100,58,54
2024-10-18,Chicken Bun,130,63,58
2024-10-18,Chicken Pastry,180,89,86
2024-10-18,Chicken Samosa,90,68,66
2024-10-18,Cream Bun,120,52,49
2024-10-18,Egg Roll,100,56,51
2024-10-18,Fish Bun,120,78,73
2024-10-18,Fish Patty,110,55,52
2024-10-18,Mini Pizza,220,49,47
2024-10-18,Sausage Bun,140,59,58
2024-10-18,Vegetable Roti,100,70,60
2024-10-19,Chicken Bun,130,82,73
2024-10-19,Chicken Pastry,180,97,91
2024-10-19,Chicken Samosa,90,87,77
2024-10-19,Cream Bun,120,56,54
2024-10-19,Egg Roll,100,76,69
2024-10-19,Fish Bun,120,86,78
2024-10-19,Fish Patty,110,64,59
2024-10-19,Mini Pizza,220,56,52
2024-10-19,Sausage Bun,140,62,58
2024-10-19,Vegetable Roti,100,71,63
2024-10-20,Chicken Bun,130,85,73
2024-10-20,Chicken Pastry,180,122,109
2024-10-20,Chicken Samosa,90,93,83
2024-10-20,Cream Bun,120,59,55
2024-10-20,Egg Roll,100,64,63
2024-10-20,Fish Bun,120,83,76
2024-10-20,Fish Patty,110,71,62
2024-10-20,Mini Pizza,220,52,49
2024-10-20,Sausage Bun,140,67,60
2024-10-20,Vegetable Roti,100,69,61
2024-10-21,Chicken Bun,130,70,61
2024-10-21,Chicken Pastry,180,90,84
2024-10-21,Chicken Samosa,90,71,65
2024-10-21,Cream Bun,120,52,46
2024-10-21,Egg Roll,100,66,58
2024-10-21,Fish Bun,120,72,67
2024-10-21,Fish Patty,110,57,53
2024-10-21,Mini Pizza,220,41,36
2024-10-21,Sausage Bun,140,56,52
2024-10-21,Vegetable Roti,100,62,54
2024-10-22,Chicken Bun,130,74,68
2024-10-22,Chicken Pastry,180,88,82
2024-10-22,Chicken Samosa,90,71,66
2024-10-22,Cream Bun,120,49,46
2024-10-22,Egg Roll,100,69,64
2024-10-22,Fish Bun,120,75,69
2024-10-22,Fish Patty,110,61,54
2024-10-22,Mini Pizza,220,42,39
2024-10-22,Sausage Bun,140,62,57
2024-10-22,Vegetable Roti,100,57,54
2024-10-23,Chicken Bun,130,51,48
2024-10-23,Chicken Pastry,180,72,63
2024-10-23,Chicken Samosa,90,62,56
2024-10-23,Cream Bun,120,38,35
2024-10-23,Egg Roll,100,41,39
2024-10-23,Fish Bun,120,71,68
2024-10-23,Fish Patty,110,47,43
2024-10-23,Mini Pizza,220,32,29
2024-10-23,Sausage Bun,140,39,38
2024-10-23,Vegetable Roti,100,50,45
2024-10-24,Chicken Bun,130,57,52
2024-10-24,Chicken Pastry,180,76,74
2024-10-24,Chicken Samosa,90,65,58
2024-10-24,Cream Bun,120,44,40
2024-10-24,Egg Roll,100,65,64
2024-10-24,Fish Bun,120,74,74
2024-10-24,Fish Patty,110,68,57
2024-10-24,Mini Pizza,220,43,39
2024-10-24,Sausage Bun,140,61,56
2024-10-24,Vegetable Roti,100,61,58
2024-10-25,Chicken Bun,130,68,63
2024-10-25,Chicken Pastry,180,82,80
2024-10-25,Chicken Samosa,90,64,62
2024-10-25,Cream Bun,120,47,44
2024-10-25,Egg Roll,100,73,65
2024-10-25,Fish Bun,120,84,78
2024-10-25,Fish Patty,110,59,52
2024-10-25,Mini Pizza,220,40,38
2024-10-25,Sausage Bun,140,66,61
2024-10-25,Vegetable Roti,100,55,51
2024-10-26,Chicken Bun,130,50,45
2024-10-26,Chicken Pastry,180,77,68
2024-10-26,Chicken Samosa,90,66,64
2024-10-26,Cream Bun,120,44,41
2024-10-26,Egg Roll,100,45,41
2024-10-26,Fish Bun,120,72,65
2024-10-26,Fish Patty,110,51,48
2024-10-26,Mini Pizza,220,44,39
2024-10-26,Sausage Bun,140,46,45
2024-10-26,Vegetable Roti,100,53,50
2024-10-27,Chicken Bun,130,55,50
2024-10-27,Chicken Pastry,180,84,78
2024-10-27,Chicken Samosa,90,75,70
2024-10-27,Cream Bun,120,45,42
2024-10-27,Egg Roll,100,47,43
2024-10-27,Fish Bun,120,81,74
2024-10-27,Fish Patty,110,54,49
2024-10-27,Mini Pizza,220,43,42
2024-10-27,Sausage Bun,140,51,49
2024-10-27,Vegetable Roti,100,50,49
2024-10-28,Chicken Bun,130,67,59
2024-10-28,Chicken Pastry,180,79,77
2024-10-28,Chicken Samosa,90,65,59
2024-10-28,Cream Bun,120,49,45
2024-10-28,Egg Roll,100,54,49
2024-10-28,Fish Bun,120,73,66
2024-10-28,Fish Patty,110,53,53
2024-10-28,Mini Pizza,220,37,34
2024-10-28,Sausage Bun,140,54,51
2024-10-28,Vegetable Roti,100,56,53
2024-10-29,Chicken Bun,130,59,55
2024-10-29,Chicken Pastry,180,98,91
2024-10-29,Chicken Samosa,90,69,62
2024-10-29,Cream Bun,120,43,37
2024-10-29,Egg Roll,100,63,58
2024-10-29,Fish Bun,120,63,61
2024-10-29,Fish Patty,110,57,53
2024-10-29,Mini Pizza,220,35,34
2024-10-29,Sausage Bun,140,58,53
2024-10-29,Vegetable Roti,100,59,56
2024-10-30,Chicken Bun,130,54,52
2024-10-30,Chicken Pastry,180,77,73
2024-10-30,Chicken Samosa,90,74,72
2024-10-30,Cream Bun,120,46,42
2024-10-30,Egg Roll,100,66,60
2024-10-30,Fish Bun,120,74,67
2024-10-30,Fish Patty,110,47,45
2024-10-30,Mini Pizza,220,40,38
2024-10-30,Sausage Bun,140,52,52
2024-10-30,Vegetable Roti,100,60,54
2024-10-31,Chicken Bun,130,71,69
2024-10-31,Chicken Pastry,180,86,86
2024-10-31,Chicken Samosa,90,85,79
2024-10-31,Cream Bun,120,51,48
2024-10-31,Egg Roll,100,60,58
2024-10-31,Fish Bun,120,84,81
2024-10-31,Fish Patty,110,70,66
2024-10-31,Mini Pizza,220,47,45
2024-10-31,Sausage Bun,140,71,64
2024-10-31,Vegetable Roti,100,71,64
2024-11-01,Chicken Bun,130,49,46
2024-11-01,Chicken Pastry,180,68,64
2024-11-01,Chicken Samosa,90,53,50
2024-11-01,Cream Bun,120,38,36
2024-11-01,Egg Roll,100,49,45
2024-11-01,Fish Bun,120,58,51
2024-11-01,Fish Patty,110,46,44
2024-11-01,Mini Pizza,220,31,30
2024-11-01,Sausage Bun,140,51,45
2024-11-01,Vegetable Roti,100,47,40
2024-11-02,Chicken Bun,130,55,51
2024-11-02,Chicken Pastry,180,94,84
2024-11-02,Chicken Samosa,90,60,53
2024-11-02,Cream Bun,120,45,44
2024-11-02,Egg Roll,100,48,47
2024-11-02,Fish Bun,120,67,63
2024-11-02,Fish Patty,110,50,47
2024-11-02,Mini Pizza,220,36,36
2024-11-02,Sausage Bun,140,54,50
2024-11-02,Vegetable Roti,100,52,47
2024-11-03,Chicken Bun,130,53,50
2024-11-03,Chicken Pastry,180,91,83
2024-11-03,Chicken Samosa,90,60,54
2024-11-03,Cream Bun,120,40,37
2024-11-03,Egg Roll,100,54,51
2024-11-03,Fish Bun,120,73,68
2024-11-03,Fish Patty,110,41,36
2024-11-03,Mini Pizza,220,37,35
2024-11-03,Sausage Bun,140,62,54
2024-11-03,Vegetable Roti,100,48,45
2024-11-04,Chicken Bun,130,53,52
2024-11-04,Chicken Pastry,180,71,67
2024-11-04,Chicken Samosa,90,41,39
2024-11-04,Cream Bun,120,36,35
2024-11-04,Egg Roll,100,55,50
2024-11-04,Fish Bun,120,57,54
2024-11-04,Fish Patty,110,46,40
2024-11-04,Mini Pizza,220,34,31
2024-11-04,Sausage Bun,140,53,49
2024-11-04,Vegetable Roti,100,43,43
2024-11-05,Chicken Bun,130,52,47
2024-11-05,Chicken Pastry,180,73,66
2024-11-05,Chicken Samosa,90,54,50
2024-11-05,Cream Bun,120,34,32
2024-11-05,Egg Roll,100,49,48
2024-11-05,Fish Bun,120,49,46
2024-11-05,Fish Patty,110,48,45
2024-11-05,Mini Pizza,220,38,35
2024-11-05,Sausage Bun,140,45,42
2024-11-05,Vegetable Roti,100,47,43
2024-11-06,Chicken Bun,130,70,62
2024-11-06,Chicken Pastry,180,106,101
2024-11-06,Chicken Samosa,90,76,72
2024-11-06,Cream Bun,120,58,53
2024-11-06,Egg Roll,100,62,61
2024-11-06,Fish Bun,120,79,74
2024-11-06,Fish Patty,110,62,59
2024-11-06,Mini Pizza,220,48,45
2024-11-06,Sausage Bun,140,67,63
2024-11-06,Vegetable Roti,100,66,63
2024-11-07,Chicken Bun,130,67,60
2024-11-07,Chicken Pastry,180,96,90
2024-11-07,Chicken Samosa,90,63,59
2024-11-07,Cream Bun,120,48,42
2024-11-07,Egg Roll,100,61,57
2024-11-07,Fish Bun,120,76,69
2024-11-07,Fish Patty,110,53,49
2024-11-07,Mini Pizza,220,37,36
2024-11-07,Sausage Bun,140,58,54
2024-11-07,Vegetable Roti,100,60,54
2024-11-08,Chicken Bun,130,51,46
2024-11-08,Chicken Pastry,180,77,71
2024-11-08,Chicken Samosa,90,47,45
2024-11-08,Cream Bun,120,41,39
2024-11-08,Egg Roll,100,56,50
2024-11-08,Fish Bun,120,58,52
2024-11-08,Fish Patty,110,49,45
2024-11-08,Mini Pizza,220,32,30
2024-11-08,Sausage Bun,140,49,44
2024-11-08,Vegetable Roti,100,41,39
2024-11-09,Chicken Bun,130,72,71
2024-11-09,Chicken Pastry,180,102,93
2024-11-09,Chicken Samosa,90,77,77
2024-11-09,Cream Bun,120,65,55
2024-11-09,Egg Roll,100,67,64
2024-11-09,Fish Bun,120,81,77
2024-11-09,Fish Patty,110,61,57
2024-11-09,Mini Pizza,220,60,53
2024-11-09,Sausage Bun,140,68,63
2024-11-09,Vegetable Roti,100,68,61
2024-11-10,Chicken Bun,130,76,67
2024-11-10,Chicken Pastry,180,119,102
2024-11-10,Chicken Samosa,90,83,78
2024-11-10,Cream Bun,120,57,54
2024-11-10,Egg Roll,100,67,65
2024-11-10,Fish Bun,120,86,83
2024-11-10,Fish Patty,110,61,58
2024-11-10,Mini Pizza,220,50,46
2024-11-10,Sausage Bun,140,59,58
2024-11-10,Vegetable Roti,100,68,65
2024-11-11,Chicken Bun,130,76,68
2024-11-11,Chicken Pastry,180,107,101
2024-11-11,Chicken Samosa,90,70,63
2024-11-11,Cream Bun,120,55,50
2024-11-11,Egg Roll,100,75,65
2024-11-11,Fish Bun,120,75,72
2024-11-11,Fish Patty,110,62,60
2024-11-11,Mini Pizza,220,48,45
2024-11-11,Sausage Bun,140,78,68
2024-11-11,Vegetable Roti,100,52,49
2024-11-12,Chicken Bun,130,77,71
2024-11-12,Chicken Pastry,180,85,79
2024-11-12,Chicken Samosa,90,79,73
2024-11-12,Cream Bun,120,48,47
2024-11-12,Egg Roll,100,71,61
2024-11-12,Fish Bun,120,78,73
2024-11-12,Fish Patty,110,63,58
2024-11-12,Mini Pizza,220,45,44
2024-11-12,Sausage Bun,140,52,51
2024-11-12,Vegetable Roti,100,60,56
2024-11-13,Chicken Bun,130,52,49
2024-11-13,Chicken Pastry,180,67,64
2024-11-13,Chicken Samosa,90,61,58
2024-11-13,Cream Bun,120,43,41
2024-11-13,Egg Roll,100,46,41
2024-11-13,Fish Bun,120,59,56
2024-11-13,Fish Patty,110,44,41
2024-11-13,Mini Pizza,220,39,35
2024-11-13,Sausage Bun,140,52,48
2024-11-13,Vegetable Roti,100,46,43
2024-11-14,Chicken Bun,130,69,60
2024-11-14,Chicken Pastry,180,95,83
2024-11-14,Chicken Samosa,90,70,65
2024-11-14,Cream Bun,120,41,38
2024-11-14,Egg Roll,100,56,52
2024-11-14,Fish Bun,120,71,66
2024-11-14,Fish Patty,110,52,46
2024-11-14,Mini Pizza,220,32,29
2024-11-14,Sausage Bun,140,54,50
2024-11-14,Vegetable Roti,100,62,59
2024-11-15,Chicken Bun,130,55,53
2024-11-15,Chicken Pastry,180,76,72
2024-11-15,Chicken Samosa,90,60,54
2024-11-15,Cream Bun,120,46,43
2024-11-15,Egg Roll,100,58,50
2024-11-15,Fish Bun,120,65,63
2024-11-15,Fish Patty,110,46,42
2024-11-15,Mini Pizza,220,43,42
2024-11-15,Sausage Bun,140,59,55
2024-11-15,Vegetable Roti,100,52,51
2024-11-16,Chicken Bun,130,83,77
2024-11-16,Chicken Pastry,180,108,103
2024-11-16,Chicken Samosa,90,88,82
2024-11-16,Cream Bun,120,51,48
2024-11-16,Egg Roll,100,69,62
2024-11-16,Fish Bun,120,81,79
2024-11-16,Fish Patty,110,55,52
2024-11-16,Mini Pizza,220,58,54
2024-11-16,Sausage Bun,140,57,55
2024-11-16,Vegetable Roti,100,61,57
2024-11-17,Chicken Bun,130,71,65
2024-11-17,Chicken Pastry,180,108,98
2024-11-17,Chicken Samosa,90,87,77
2024-11-17,Cream Bun,120,61,54
2024-11-17,Egg Roll,100,72,64
2024-11-17,Fish Bun,120,70,64
2024-11-17,Fish Patty,110,67,63
2024-11-17,Mini Pizza,220,62,55
2024-11-17,Sausage Bun,140,72,66
2024-11-17,Vegetable Roti,100,67,64
2024-11-18,Chicken Bun,130,69,63
2024-11-18,Chicken Pastry,180,90,83
2024-11-18,Chicken Samosa,90,69,62
2024-11-18,Cream Bun,120,45,41
2024-11-18,Egg Roll,100,64,56
2024-11-18,Fish Bun,120,81,75
2024-11-18,Fish Patty,110,55,49
2024-11-18,Mini Pizza,220,39,36
2024-11-18,Sausage Bun,140,57,54
2024-11-18,Vegetable Roti,100,65,60
2024-11-19,Chicken Bun,130,54,50
2024-11-19,Chicken Pastry,180,80,72
2024-11-19,Chicken Samosa,90,50,47
2024-11-19,Cream Bun,120,38,36
2024-11-19,Egg Roll,100,46,44
2024-11-19,Fish Bun,120,58,52
2024-11-19,Fish Patty,110,53,47
2024-11-19,Mini Pizza,220,33,33
2024-11-19,Sausage Bun,140,40,38
2024-11-19,Vegetable Roti,100,47,43
2024-11-20,Chicken Bun,130,54,51
2024-11-20,Chicken Pastry,180,68,64
2024-11-20,Chicken Samosa,90,60,52
2024-11-20,Cream Bun,120,36,33
2024-11-20,Egg Roll,100,49,46
2024-11-20,Fish Bun,120,59,52
2024-11-20,Fish Patty,110,39,37
2024-11-20,Mini Pizza,220,37,33
2024-11-20,Sausage Bun,140,44,44
2024-11-20,Vegetable Roti,100,44,41
2024-11-21,Chicken Bun,130,48,45
2024-11-21,Chicken Pastry,180,81,72
2024-11-21,Chicken Samosa,90,58,53
2024-11-21,Cream Bun,120,40,37
2024-11-21,Egg Roll,100,50,45
2024-11-21,Fish Bun,120,72,65
2024-11-21,Fish Patty,110,42,38
2024-11-21,Mini Pizza,220,31,30
2024-11-21,Sausage Bun,140,38,37
2024-11-21,Vegetable Roti,100,42,39
2024-11-22,Chicken Bun,130,49,46
2024-11-22,Chicken Pastry,180,79,71
2024-11-22,Chicken Samosa,90,51,48
2024-11-22,Cream Bun,120,44,39
2024-11-22,Egg Roll,100,50,45
2024-11-22,Fish Bun,120,64,58
2024-11-22,Fish Patty,110,43,43
2024-11-22,Mini Pizza,220,31,30
2024-11-22,Sausage Bun,140,44,39
2024-11-22,Vegetable Roti,100,48,44
2024-11-23,Chicken Bun,130,72,69
2024-11-23,Chicken Pastry,180,94,85
2024-11-23,Chicken Samosa,90,74,69
2024-11-23,Cream Bun,120,56,52
2024-11-23,Egg Roll,100,67,62
2024-11-23,Fish Bun,120,93,83
2024-11-23,Fish Patty,110,48,46
2024-11-23,Mini Pizza,220,56,52
2024-11-23,Sausage Bun,140,65,60
2024-11-23,Vegetable Roti,100,67,59
2024-11-24,Chicken Bun,130,55,49
2024-11-24,Chicken Pastry,180,75,74
2024-11-24,Chicken Samosa,90,56,51
2024-11-24,Cream Bun,120,48,46
2024-11-24,Egg Roll,100,57,52
2024-11-24,Fish Bun,120,65,61
2024-11-24,Fish Patty,110,44,42
2024-11-24,Mini Pizza,220,42,41
2024-11-24,Sausage Bun,140,50,46
2024-11-24,Vegetable Roti,100,52,50
2024-11-25,Chicken Bun,130,56,49
2024-11-25,Chicken Pastry,180,60,56
2024-11-25,Chicken Samosa,90,51,45
2024-11-25,Cream Bun,120,43,38
2024-11-25,Egg Roll,100,47,44
2024-11-25,Fish Bun,120,59,54
2024-11-25,Fish Patty,110,41,38
2024-11-25,Mini Pizza,220,34,32
2024-11-25,Sausage Bun,140,45,42
2024-11-25,Vegetable Roti,100,48,44
2024-11-26,Chicken Bun,130,41,39
2024-11-26,Chicken Pastry,180,75,70
2024-11-26,Chicken Samosa,90,56,53
2024-11-26,Cream Bun,120,39,36
2024-11-26,Egg Roll,100,49,47
2024-11-26,Fish Bun,120,61,56
2024-11-26,Fish Patty,110,44,42
2024-11-26,Mini Pizza,220,36,33
2024-11-26,Sausage Bun,140,54,49
2024-11-26,Vegetable Roti,100,44,41
2024-11-27,Chicken Bun,130,52,49
2024-11-27,Chicken Pastry,180,68,65
2024-11-27,Chicken Samosa,90,57,52
2024-11-27,Cream Bun,120,36,35
2024-11-27,Egg Roll,100,45,42
2024-11-27,Fish Bun,120,66,60
2024-11-27,Fish Patty,110,40,38
2024-11-27,Mini Pizza,220,35,32
2024-11-27,Sausage Bun,140,47,44
2024-11-27,Vegetable Roti,100,46,43
2024-11-28,Chicken Bun,130,54,51
2024-11-28,Chicken Pastry,180,74,69
2024-11-28,Chicken Samosa,90,54,53
2024-11-28,Cream Bun,120,35,34
2024-11-28,Egg Roll,100,46,43
2024-11-28,Fish Bun,120,54,52
2024-11-28,Fish Patty,110,38,37
2024-11-28,Mini Pizza,220,34,32
2024-11-28,Sausage Bun,140,51,45
2024-11-28,Vegetable Roti,100,42,39
2024-11-29,Chicken Bun,130,52,47
2024-11-29,Chicken Pastry,180,89,76
2024-11-29,Chicken Samosa,90,58,51
2024-11-29,Cream Bun,120,34,33
2024-11-29,Egg Roll,100,45,42
2024-11-29,Fish Bun,120,46,43
2024-11-29,Fish Patty,110,42,40
2024-11-29,Mini Pizza,220,35,33
2024-11-29,Sausage Bun,140,53,50
2024-11-29,Vegetable Roti,100,44,40
2024-11-30,Chicken Bun,130,69,63
2024-11-30,Chicken Pastry,180,94,92
2024-11-30,Chicken Samosa,90,76,68
2024-11-30,Cream Bun,120,46,42
2024-11-30,Egg Roll,100,60,59
2024-11-30,Fish Bun,120,71,67
2024-11-30,Fish Patty,110,69,60
2024-11-30,Mini Pizza,220,44,41
2024-11-30,Sausage Bun,140,58,56
2024-11-30,Vegetable Roti,100,63,60
2024-12-01,Chicken Bun,130,87,82
2024-12-01,Chicken Pastry,180,114,100
2024-12-01,Chicken Samosa,90,72,67
2024-12-01,Cream Bun,120,63,60
2024-12-01,Egg Roll,100,69,64
2024-12-01,Fish Bun,120,88,77
2024-12-01,Fish Patty,110,75,66
2024-12-01,Mini Pizza,220,59,54
2024-12-01,Sausage Bun,140,67,64
2024-12-01,Vegetable Roti,100,66,62
2024-12-02,Chicken Bun,130,80,74
2024-12-02,Chicken Pastry,180,120,107
2024-12-02,Chicken Samosa,90,72,69
2024-12-02,Cream Bun,120,53,51
2024-12-02,Egg Roll,100,67,67
2024-12-02,Fish Bun,120,77,75
2024-12-02,Fish Patty,110,67,66
2024-12-02,Mini Pizza,220,60,54
2024-12-02,Sausage Bun,140,74,67
2024-12-02,Vegetable Roti,100,71,66
2024-12-03,Chicken Bun,130,80,74
2024-12-03,Chicken Pastry,180,98,87
2024-12-03,Chicken Samosa,90,93,82
2024-12-03,Cream Bun,120,55,50
2024-12-03,Egg Roll,100,74,68
2024-12-03,Fish Bun,120,84,74
2024-12-03,Fish Patty,110,63,59
2024-12-03,Mini Pizza,220,49,47
2024-12-03,Sausage Bun,140,70,64
2024-12-03,Vegetable Roti,100,66,60
2024-12-04,Chicken Bun,130,82,71
2024-12-04,Chicken Pastry,180,108,101
2024-12-04,Chicken Samosa,90,74,65
2024-12-04,Cream Bun,120,56,52
2024-12-04,Egg Roll,100,67,63
2024-12-04,Fish Bun,120,86,76
2024-12-04,Fish Patty,110,67,65
2024-12-04,Mini Pizza,220,47,44
2024-12-04,Sausage Bun,140,65,58
2024-12-04,Vegetable Roti,100,74,69
2024-12-05,Chicken Bun,130,78,73
2024-12-05,Chicken Pastry,180,113,105
2024-12-05,Chicken Samosa,90,71,63
2024-12-05,Cream Bun,120,57,54
2024-12-05,Egg Roll,100,66,63
2024-12-05,Fish Bun,120,82,72
2024-12-05,Fish Patty,110,55,52
2024-12-05,Mini Pizza,220,51,47
2024-12-05,Sausage Bun,140,73,64
2024-12-05,Vegetable Roti,100,56,53
2024-12-06,Chicken Bun,130,74,70
2024-12-06,Chicken Pastry,180,102,91
2024-12-06,Chicken Samosa,90,76,72
2024-12-06,Cream Bun,120,54,52
2024-12-06,Egg Roll,100,71,67
2024-12-06,Fish Bun,120,85,77
2024-12-06,Fish Patty,110,65,61
2024-12-06,Mini Pizza,220,49,45
2024-12-06,Sausage Bun,140,69,64
2024-12-06,Vegetable Roti,100,68,65
2024-12-07,Chicken Bun,130,82,75
2024-12-07,Chicken Pastry,180,112,107
2024-12-07,Chicken Samosa,90,94,87
2024-12-07,Cream Bun,120,67,64
2024-12-07,Egg Roll,100,81,72
2024-12-07,Fish Bun,120,114,102
2024-12-07,Fish Patty,110,63,61
2024-12-07,Mini Pizza,220,64,60
2024-12-07,Sausage Bun,140,79,73
2024-12-07,Vegetable Roti,100,55,55
2024-12-08,Chicken Bun,130,95,83
2024-12-08,Chicken Pastry,180,128,122
2024-12-08,Chicken Samosa,90,100,91
2024-12-08,Cream Bun,120,61,59
2024-12-08,Egg Roll,100,75,68
2024-12-08,Fish Bun,120,98,91
2024-12-08,Fish Patty,110,56,50
2024-12-08,Mini Pizza,220,60,53
2024-12-08,Sausage Bun,140,73,68
2024-12-08,Vegetable Roti,100,63,63
2024-12-09,Chicken Bun,130,77,69
2024-12-09,Chicken Pastry,180,99,96
2024-12-09,Chicken Samosa,90,78,72
2024-12-09,Cream Bun,120,56,52
2024-12-09,Egg Roll,100,69,63
2024-12-09,Fish Bun,120,95,88
2024-12-09,Fish Patty,110,58,52
2024-12-09,Mini Pizza,220,48,45
2024-12-09,Sausage Bun,140,64,58
2024-12-09,Vegetable Roti,100,63,58
2024-12-10,Chicken Bun,130,67,63
2024-12-10,Chicken Pastry,180,89,83
2024-12-10,Chicken Samosa,90,68,66
2024-12-10,Cream Bun,120,51,46
2024-12-10,Egg Roll,100,68,63
2024-12-10,Fish Bun,120,89,83
2024-12-10,Fish Patty,110,65,58
2024-12-10,Mini Pizza,220,49,47
2024-12-10,Sausage Bun,140,66,63
2024-12-10,Vegetable Roti,100,63,60
2024-12-11,Chicken Bun,130,67,63
2024-12-11,Chicken Pastry,180,83,74
2024-12-11,Chicken Samosa,90,67,65
2024-12-11,Cream Bun,120,51,44
2024-12-11,Egg Roll,100,60,54
2024-12-11,Fish Bun,120,73,67
2024-12-11,Fish Patty,110,62,53
2024-12-11,Mini Pizza,220,36,34
2024-12-11,Sausage Bun,140,50,48
2024-12-11,Vegetable Roti,100,55,51
2024-12-12,Chicken Bun,130,57,51
2024-12-12,Chicken Pastry,180,84,82
2024-12-12,Chicken Samosa,90,69,64
2024-12-12,Cream Bun,120,42,39
2024-12-12,Egg Roll,100,56,54
2024-12-12,Fish Bun,120,75,67
2024-12-12,Fish Patty,110,51,47
2024-12-12,Mini Pizza,220,35,33
2024-12-12,Sausage Bun,140,61,57
2024-12-12,Vegetable Roti,100,51,48
2024-12-13,Chicken Bun,130,65,57
2024-12-13,Chicken Pastry,180,67,66
2024-12-13,Chicken Samosa,90,54,50
2024-12-13,Cream Bun,120,45,41
2024-12-13,Egg Roll,100,54,48
2024-12-13,Fish Bun,120,60,55
2024-12-13,Fish Patty,110,52,47
2024-12-13,Mini Pizza,220,37,34
2024-12-13,Sausage Bun,140,50,46
2024-12-13,Vegetable Roti,100,55,50
2024-12-14,Chicken Bun,130,71,63
2024-12-14,Chicken Pastry,180,83,73
2024-12-14,Chicken Samosa,90,80,78
2024-12-14,Cream Bun,120,49,46
2024-12-14,Egg Roll,100,68,62
2024-12-14,Fish Bun,120,75,68
2024-12-14,Fish Patty,110,66,59
2024-12-14,Mini Pizza,220,57,52
2024-12-14,Sausage Bun,140,64,63
2024-12-14,Vegetable Roti,100,60,58
2024-12-15,Chicken Bun,130,80,73
2024-12-15,Chicken Pastry,180,128,121
2024-12-15,Chicken Samosa,90,87,79
2024-12-15,Cream Bun,120,64,59
2024-12-15,Egg Roll,100,71,65
2024-12-15,Fish Bun,120,86,83
2024-12-15,Fish Patty,110,62,60
2024-12-15,Mini Pizza,220,59,57
2024-12-15,Sausage Bun,140,83,74
2024-12-15,Vegetable Roti,100,65,59
2024-12-16,Chicken Bun,130,48,45
2024-12-16,Chicken Pastry,180,66,63
2024-12-16,Chicken Samosa,90,53,49
2024-12-16,Cream Bun,120,39,37
2024-12-16,Egg Roll,100,50,45
2024-12-16,Fish Bun,120,58,54
2024-12-16,Fish Patty,110,44,41
2024-12-16,Mini Pizza,220,43,39
2024-12-16,Sausage Bun,140,50,47
2024-12-16,Vegetable Roti,100,40,39
2024-12-17,Chicken Bun,130,64,56
2024-12-17,Chicken Pastry,180,83,74
2024-12-17,Chicken Samosa,90,72,70
2024-12-17,Cream Bun,120,42,39
2024-12-17,Egg Roll,100,61,54
2024-12-17,Fish Bun,120,72,65
2024-12-17,Fish Patty,110,54,49
2024-12-17,Mini Pizza,220,39,37
2024-12-17,Sausage Bun,140,51,49
2024-12-17,Vegetable Roti,100,64,59
2024-12-18,Chicken Bun,130,65,57
2024-12-18,Chicken Pastry,180,80,71
2024-12-18,Chicken Samosa,90,77,71
2024-12-18,Cream Bun,120,46,40
2024-12-18,Egg Roll,100,55,51
2024-12-18,Fish Bun,120,64,56
2024-12-18,Fish Patty,110,55,49
2024-12-18,Mini Pizza,220,45,42
2024-12-18,Sausage Bun,140,53,52
2024-12-18,Vegetable Roti,100,61,55
2024-12-19,Chicken Bun,130,69,62
2024-12-19,Chicken Pastry,180,94,89
2024-12-19,Chicken Samosa,90,69,63
2024-12-19,Cream Bun,120,44,41
2024-12-19,Egg Roll,100,71,65
2024-12-19,Fish Bun,120,81,76
2024-12-19,Fish Patty,110,58,53
2024-12-19,Mini Pizza,220,40,37
2024-12-19,Sausage Bun,140,61,61
2024-12-19,Vegetable Roti,100,60,60
2024-12-20,Chicken Bun,130,59,58
2024-12-20,Chicken Pastry,180,100,90
2024-12-20,Chicken Samosa,90,77,70
2024-12-20,Cream Bun,120,47,44
2024-12-20,Egg Roll,100,69,64
2024-12-20,Fish Bun,120,82,74
2024-12-20,Fish Patty,110,63,58
2024-12-20,Mini Pizza,220,37,34
2024-12-20,Sausage Bun,140,65,58
2024-12-20,Vegetable Roti,100,59,56
2024-12-21,Chicken Bun,130,79,71
2024-12-21,Chicken Pastry,180,119,115
2024-12-21,Chicken Samosa,90,81,79
2024-12-21,Cream Bun,120,67,62
2024-12-21,Egg Roll,100,75,70
2024-12-21,Fish Bun,120,103,92
2024-12-21,Fish Patty,110,74,67
2024-12-21,Mini Pizza,220,54,52
2024-12-21,Sausage Bun,140,67,62
2024-12-21,Vegetable Roti,100,75,69
2024-12-22,Chicken Bun,130,86,79
2024-12-22,Chicken Pastry,180,125,115
2024-12-22,Chicken Samosa,90,113,103
2024-12-22,Cream Bun,120,63,59
2024-12-22,Egg Roll,100,80,73
2024-12-22,Fish Bun,120,86,79
2024-12-22,Fish Patty,110,66,62
2024-12-22,Mini Pizza,220,56,53
2024-12-22,Sausage Bun,140,82,70
2024-12-22,Vegetable Roti,100,69,66
2024-12-23,Chicken Bun,130,80,73
2024-12-23,Chicken Pastry,180,104,94
2024-12-23,Chicken Samosa,90,82,79
2024-12-23,Cream Bun,120,68,63
2024-12-23,Egg Roll,100,75,70
2024-12-23,Fish Bun,120,89,80
2024-12-23,Fish Patty,110,74,68
2024-12-23,Mini Pizza,220,58,53
2024-12-23,Sausage Bun,140,88,79
2024-12-23,Vegetable Roti,100,81,74
2024-12-24,Chicken Bun,130,81,75
2024-12-24,Chicken Pastry,180,114,105
2024-12-24,Chicken Samosa,90,89,82
2024-12-24,Cream Bun,120,60,56
2024-12-24,Egg Roll,100,79,71
2024-12-24,Fish Bun,120,91,83
2024-12-24,Fish Patty,110,65,57
2024-12-24,Mini Pizza,220,58,54
2024-12-24,Sausage Bun,140,88,78
2024-12-24,Vegetable Roti,100,75,69
2024-12-25,Chicken Bun,130,85,82
2024-12-25,Chicken Pastry,180,128,117
2024-12-25,Chicken Samosa,90,89,80
2024-12-25,Cream Bun,120,75,72
2024-12-25,Egg Roll,100,87,79
2024-12-25,Fish Bun,120,100,92
2024-12-25,Fish Patty,110,69,65
2024-12-25,Mini Pizza,220,64,60
2024-12-25,Sausage Bun,140,83,74
2024-12-25,Vegetable Roti,100,75,68
2024-12-26,Chicken Bun,130,77,74
2024-12-26,Chicken Pastry,180,124,112
2024-12-26,Chicken Samosa,90,82,78
2024-12-26,Cream Bun,120,62,58
2024-12-26,Egg Roll,100,72,68
2024-12-26,Fish Bun,120,96,89
2024-12-26,Fish Patty,110,65,60
2024-12-26,Mini Pizza,220,49,46
2024-12-26,Sausage Bun,140,67,65
2024-12-26,Vegetable Roti,100,80,72
2024-12-27,Chicken Bun,130,63,56
2024-12-27,Chicken Pastry,180,86,80
2024-12-27,Chicken Samosa,90,83,78
2024-12-27,Cream Bun,120,40,38
2024-12-27,Egg Roll,100,56,52
2024-12-27,Fish Bun,120,79,74
2024-12-27,Fish Patty,110,53,48
2024-12-27,Mini Pizza,220,47,43
2024-12-27,Sausage Bun,140,59,53
2024-12-27,Vegetable Roti,100,56,51
2024-12-28,Chicken Bun,130,81,76
2024-12-28,Chicken Pastry,180,132,126
2024-12-28,Chicken Samosa,90,97,93
2024-12-28,Cream Bun,120,65,60
2024-12-28,Egg Roll,100,76,69
2024-12-28,Fish Bun,120,96,96
2024-12-28,Fish Patty,110,76,72
2024-12-28,Mini Pizza,220,74,70
2024-12-28,Sausage Bun,140,81,76
2024-12-28,Vegetable Roti,100,69,63
2024-12-29,Chicken Bun,130,70,63
2024-12-29,Chicken Pastry,180,95,85
2024-12-29,Chicken Samosa,90,76,68
2024-12-29,Cream Bun,120,46,42
2024-12-29,Egg Roll,100,65,59
2024-12-29,Fish Bun,120,86,81
2024-12-29,Fish Patty,110,66,60
2024-12-29,Mini Pizza,220,57,53
2024-12-29,Sausage Bun,140,54,51
2024-12-29,Vegetable Roti,100,61,55
2024-12-30,Chicken Bun,130,86,82
2024-12-30,Chicken Pastry,180,98,92
2024-12-30,Chicken Samosa,90,82,76
2024-12-30,Cream Bun,120,57,52
2024-12-30,Egg Roll,100,66,60
2024-12-30,Fish Bun,120,97,90
2024-12-30,Fish Patty,110,65,58
2024-12-30,Mini Pizza,220,50,47
2024-12-30,Sausage Bun,140,68,62
2024-12-30,Vegetable Roti,100,70,62
2024-12-31,Chicken Bun,130,74,65
2024-12-31,Chicken Pastry,180,102,96
2024-12-31,Chicken Samosa,90,74,69
2024-12-31,Cream Bun,120,54,50
2024-12-31,Egg Roll,100,70,66
2024-12-31,Fish Bun,120,83,77
2024-12-31,Fish Patty,110,60,56
2024-12-31,Mini Pizza,220,43,40
2024-12-31,Sausage Bun,140,66,61
2024-12-31,Vegetable Roti,100,65,64
2025-01-01,Chicken Bun,130,55,47
2025-01-01,Chicken Pastry,180,54,52
2025-01-01,Chicken Samosa,90,56,54
2025-01-01,Cream Bun,120,39,34
2025-01-01,Egg Roll,100,55,49
2025-01-01,Fish Bun,120,71,64
2025-01-01,Fish Patty,110,43,38
2025-01-01,Mini Pizza,220,38,36
2025-01-01,Sausage Bun,140,47,42
2025-01-01,Vegetable Roti,100,51,48
2025-01-02,Chicken Bun,130,76,71
2025-01-02,Chicken Pastry,180,89,81
2025-01-02,Chicken Samosa,90,66,60
2025-01-02,Cream Bun,120,44,41
2025-01-02,Egg Roll,100,64,63
2025-01-02,Fish Bun,120,78,72
2025-01-02,Fish Patty,110,62,56
2025-01-02,Mini Pizza,220,48,45
2025-01-02,Sausage Bun,140,63,60
2025-01-02,Vegetable Roti,100,66,62
2025-01-03,Chicken Bun,130,75,68
2025-01-03,Chicken Pastry,180,92,86
2025-01-03,Chicken Samosa,90,64,60
2025-01-03,Cream Bun,120,46,44
2025-01-03,Egg Roll,100,65,60
2025-01-03,Fish Bun,120,79,70
2025-01-03,Fish Patty,110,65,59
2025-01-03,Mini Pizza,220,42,41
2025-01-03,Sausage Bun,140,61,58
2025-01-03,Vegetable Roti,100,59,54
2025-01-04,Chicken Bun,130,68,63
2025-01-04,Chicken Pastry,180,103,98
2025-01-04,Chicken Samosa,90,73,68
2025-01-04,Cream Bun,120,56,51
2025-01-04,Egg Roll,100,74,69
2025-01-04,Fish Bun,120,85,80
2025-01-04,Fish Patty,110,56,52
2025-01-04,Mini Pizza,220,60,54
2025-01-04,Sausage Bun,140,63,58
2025-01-04,Vegetable Roti,100,68,63
2025-01-05,Chicken Bun,130,78,74
2025-01-05,Chicken Pastry,180,112,99
2025-01-05,Chicken Samosa,90,73,70
2025-01-05,Cream Bun,120,58,52
2025-01-05,Egg Roll,100,82,77
2025-01-05,Fish Bun,120,73,70
2025-01-05,Fish Patty,110,50,46
2025-01-05,Mini Pizza,220,54,51
2025-01-05,Sausage Bun,140,57,55
2025-01-05,Vegetable Roti,100,54,51
2025-01-06,Chicken Bun,130,69,61
2025-01-06,Chicken Pastry,180,98,91
2025-01-06,Chicken Samosa,90,71,63
2025-01-06,Cream Bun,120,60,54
2025-01-06,Egg Roll,100,63,61
2025-01-06,Fish Bun,120,83,76
2025-01-06,Fish Patty,110,59,53
2025-01-06,Mini Pizza,220,52,48
2025-01-06,Sausage Bun,140,55,55
2025-01-06,Vegetable Roti,100,62,58
2025-01-07,Chicken Bun,130,55,53
2025-01-07,Chicken Pastry,180,89,84
2025-01-07,Chicken Samosa,90,68,63
2025-01-07,Cream Bun,120,53,52
2025-01-07,Egg Roll,100,67,60
2025-01-07,Fish Bun,120,79,76
2025-01-07,Fish Patty,110,64,59
2025-01-07,Mini Pizza,220,53,50
2025-01-07,Sausage Bun,140,63,58
2025-01-07,Vegetable Roti,100,64,57
2025-01-08,Chicken Bun,130,70,64
2025-01-08,Chicken Pastry,180,97,90
2025-01-08,Chicken Samosa,90,57,54
2025-01-08,Cream Bun,120,49,46
2025-01-08,Egg Roll,100,66,60
2025-01-08,Fish Bun,120,82,78
2025-01-08,Fish Patty,110,60,54
2025-01-08,Mini Pizza,220,43,40
2025-01-08,Sausage Bun,140,71,64
2025-01-08,Vegetable Roti,100,60,54
2025-01-09,Chicken Bun,130,60,56
2025-01-09,Chicken Pastry,180,99,92
2025-01-09,Chicken Samosa,90,64,63
2025-01-09,Cream Bun,120,43,42
2025-01-09,Egg Roll,100,62,57
2025-01-09,Fish Bun,120,72,72
2025-01-09,Fish Patty,110,56,52
2025-01-09,Mini Pizza,220,45,41
2025-01-09,Sausage Bun,140,60,53
2025-01-09,Vegetable Roti,100,63,57
2025-01-10,Chicken Bun,130,67,65
2025-01-10,Chicken Pastry,180,89,89
2025-01-10,Chicken Samosa,90,68,66
2025-01-10,Cream Bun,120,49,45
2025-01-10,Egg Roll,100,61,58
2025-01-10,Fish Bun,120,72,67
2025-01-10,Fish Patty,110,51,48
2025-01-10,Mini Pizza,220,45,42
2025-01-10,Sausage Bun,140,63,59
2025-01-10,Vegetable Roti,100,48,46
2025-01-11,Chicken Bun,130,53,50
2025-01-11,Chicken Pastry,180,63,58
2025-01-11,Chicken Samosa,90,50,47
2025-01-11,Cream Bun,120,41,36
2025-01-11,Egg Roll,100,51,45
2025-01-11,Fish Bun,120,66,60
2025-01-11,Fish Patty,110,50,44
2025-01-11,Mini Pizza,220,52,48
2025-01-11,Sausage Bun,140,54,49
2025-01-11,Vegetable Roti,100,46,42
2025-01-12,Chicken Bun,130,57,52
2025-01-12,Chicken Pastry,180,71,67
2025-01-12,Chicken Samosa,90,55,50
2025-01-12,Cream Bun,120,45,41
2025-01-12,Egg Roll,100,48,42
2025-01-12,Fish Bun,120,59,56
2025-01-12,Fish Patty,110,49,45
2025-01-12,Mini Pizza,220,43,38
2025-01-12,Sausage Bun,140,54,50
2025-01-12,Vegetable Roti,100,47,44
2025-01-13,Chicken Bun,130,63,57
2025-01-13,Chicken Pastry,180,109,103
2025-01-13,Chicken Samosa,90,86,80
2025-01-13,Cream Bun,120,58,53
2025-01-13,Egg Roll,100,65,63
2025-01-13,Fish Bun,120,80,75
2025-01-13,Fish Patty,110,70,64
2025-01-13,Mini Pizza,220,55,51
2025-01-13,Sausage Bun,140,70,65
2025-01-13,Vegetable Roti,100,62,57
2025-01-14,Chicken Bun,130,54,48
2025-01-14,Chicken Pastry,180,88,79
2025-01-14,Chicken Samosa,90,57,51
2025-01-14,Cream Bun,120,44,41
2025-01-14,Egg Roll,100,54,51
2025-01-14,Fish Bun,120,62,61
2025-01-14,Fish Patty,110,45,39
2025-01-14,Mini Pizza,220,40,38
2025-01-14,Sausage Bun,140,49,47
2025-01-14,Vegetable Roti,100,48,46
2025-01-15,Chicken Bun,130,59,55
2025-01-15,Chicken Pastry,180,78,76
2025-01-15,Chicken Samosa,90,69,61
2025-01-15,Cream Bun,120,45,42
2025-01-15,Egg Roll,100,56,51
2025-01-15,Fish Bun,120,76,70
2025-01-15,Fish Patty,110,59,55
2025-01-15,Mini Pizza,220,39,35
2025-01-15,Sausage Bun,140,48,45
2025-01-15,Vegetable Roti,100,53,51
2025-01-16,Chicken Bun,130,64,63
2025-01-16,Chicken Pastry,180,90,84
2025-01-16,Chicken Samosa,90,67,62
2025-01-16,Cream Bun,120,44,41
2025-01-16,Egg Roll,100,56,52
2025-01-16,Fish Bun,120,73,67
2025-01-16,Fish Patty,110,53,50
2025-01-16,Mini Pizza,220,45,41
2025-01-16,Sausage Bun,140,63,58
2025-01-16,Vegetable Roti,100,55,54
2025-01-17,Chicken Bun,130,52,51
2025-01-17,Chicken Pastry,180,95,86
2025-01-17,Chicken Samosa,90,72,66
2025-01-17,Cream Bun,120,52,48
2025-01-17,Egg Roll,100,70,62
2025-01-17,Fish Bun,120,68,65
2025-01-17,Fish Patty,110,54,53
2025-01-17,Mini Pizza,220,44,41
2025-01-17,Sausage Bun,140,66,62
2025-01-17,Vegetable Roti,100,53,47
2025-01-18,Chicken Bun,130,58,52
2025-01-18,Chicken Pastry,180,76,68
2025-01-18,Chicken Samosa,90,59,56
2025-01-18,Cream Bun,120,46,43
2025-01-18,Egg Roll,100,50,45
2025-01-18,Fish Bun,120,58,55
2025-01-18,Fish Patty,110,52,45
2025-01-18,Mini Pizza,220,40,38
2025-01-18,Sausage Bun,140,49,47
2025-01-18,Vegetable Roti,100,48,45
2025-01-19,Chicken Bun,130,56,53
2025-01-19,Chicken Pastry,180,78,71
2025-01-19,Chicken Samosa,90,56,51
2025-01-19,Cream Bun,120,41,37
2025-01-19,Egg Roll,100,46,45
2025-01-19,Fish Bun,120,59,58
2025-01-19,Fish Patty,110,45,43
2025-01-19,Mini Pizza,220,41,37
2025-01-19,Sausage Bun,140,56,50
2025-01-19,Vegetable Roti,100,48,44
2025-01-20,Chicken Bun,130,68,61
2025-01-20,Chicken Pastry,180,90,84
2025-01-20,Chicken Samosa,90,67,65
2025-01-20,Cream Bun,120,56,53
2025-01-20,Egg Roll,100,64,60
2025-01-20,Fish Bun,120,63,59
2025-01-20,Fish Patty,110,53,51
2025-01-20,Mini Pizza,220,54,48
2025-01-20,Sausage Bun,140,57,55
2025-01-20,Vegetable Roti,100,65,63
2025-01-21,Chicken Bun,130,60,56
2025-01-21,Chicken Pastry,180,75,69
2025-01-21,Chicken Samosa,90,68,62
2025-01-21,Cream Bun,120,39,37
2025-01-21,Egg Roll,100,60,53
2025-01-21,Fish Bun,120,71,70
2025-01-21,Fish Patty,110,54,52
2025-01-21,Mini Pizza,220,39,37
2025-01-21,Sausage Bun,140,61,58
2025-01-21,Vegetable Roti,100,58,51
2025-01-22,Chicken Bun,130,48,44
2025-01-22,Chicken Pastry,180,68,62
2025-01-22,Chicken Samosa,90,54,53
2025-01-22,Cream Bun,120,32,30
2025-01-22,Egg Roll,100,39,36
2025-01-22,Fish Bun,120,53,48
2025-01-22,Fish Patty,110,38,37
2025-01-22,Mini Pizza,220,36,33
2025-01-22,Sausage Bun,140,47,44
2025-01-22,Vegetable Roti,100,53,48
2025-01-23,Chicken Bun,130,72,68
2025-01-23,Chicken Pastry,180,91,87
2025-01-23,Chicken Samosa,90,71,65
2025-01-23,Cream Bun,120,51,46
2025-01-23,Egg Roll,100,70,65
2025-01-23,Fish Bun,120,75,68
2025-01-23,Fish Patty,110,58,54
2025-01-23,Mini Pizza,220,52,50
2025-01-23,Sausage Bun,140,59,57
2025-01-23,Vegetable Roti,100,59,57
2025-01-24,Chicken Bun,130,53,52
2025-01-24,Chicken Pastry,180,78,73
2025-01-24,Chicken Samosa,90,70,67
2025-01-24,Cream Bun,120,38,36
2025-01-24,Egg Roll,100,54,47
2025-01-24,Fish Bun,120,69,64
2025-01-24,Fish Patty,110,49,46
2025-01-24,Mini Pizza,220,33,31
2025-01-24,Sausage Bun,140,56,54
2025-01-24,Vegetable Roti,100,55,50
2025-01-25,Chicken Bun,130,62,59
2025-01-25,Chicken Pastry,180,87,78
2025-01-25,Chicken Samosa,90,76,67
2025-01-25,Cream Bun,120,41,37
2025-01-25,Egg Roll,100,53,48
2025-01-25,Fish Bun,120,70,68
2025-01-25,Fish Patty,110,55,50
2025-01-25,Mini Pizza,220,42,40
2025-01-25,Sausage Bun,140,49,49
2025-01-25,Vegetable Roti,100,51,47
2025-01-26,Chicken Bun,130,93,81
2025-01-26,Chicken Pastry,180,110,99
2025-01-26,Chicken Samosa,90,78,73
2025-01-26,Cream Bun,120,62,56
2025-01-26,Egg Roll,100,64,59
2025-01-26,Fish Bun,120,91,80
2025-01-26,Fish Patty,110,67,63
2025-01-26,Mini Pizza,220,53,47
2025-01-26,Sausage Bun,140,73,70
2025-01-26,Vegetable Roti,100,67,62
2025-01-27,Chicken Bun,130,76,68
2025-01-27,Chicken Pastry,180,90,90
2025-01-27,Chicken Samosa,90,74,66
2025-01-27,Cream Bun,120,58,57
2025-01-27,Egg Roll,100,72,65
2025-01-27,Fish Bun,120,76,72
2025-01-27,Fish Patty,110,53,48
2025-01-27,Mini Pizza,220,49,45
2025-01-27,Sausage Bun,140,61,58
2025-01-27,Vegetable Roti,100,65,59
2025-01-28,Chicken Bun,130,71,66
2025-01-28,Chicken Pastry,180,79,76
2025-01-28,Chicken Samosa,90,68,61
2025-01-28,Cream Bun,120,47,44
2025-01-28,Egg Roll,100,56,52
2025-01-28,Fish Bun,120,68,64
2025-01-28,Fish Patty,110,59,55
2025-01-28,Mini Pizza,220,42,38
2025-01-28,Sausage Bun,140,62,56
2025-01-28,Vegetable Roti,100,56,53
2025-01-29,Chicken Bun,130,67,63
2025-01-29,Chicken Pastry,180,92,83
2025-01-29,Chicken Samosa,90,74,64
2025-01-29,Cream Bun,120,48,45
2025-01-29,Egg Roll,100,56,54
2025-01-29,Fish Bun,120,82,72
2025-01-29,Fish Patty,110,52,47
2025-01-29,Mini Pizza,220,42,38
2025-01-29,Sausage Bun,140,69,65
2025-01-29,Vegetable Roti,100,55,53
2025-01-30,Chicken Bun,130,71,66
2025-01-30,Chicken Pastry,180,93,84
2025-01-30,Chicken Samosa,90,79,68
2025-01-30,Cream Bun,120,48,47
2025-01-30,Egg Roll,100,62,56
2025-01-30,Fish Bun,120,82,77
2025-01-30,Fish Patty,110,49,49
2025-01-30,Mini Pizza,220,44,41
2025-01-30,Sausage Bun,140,56,53
2025-01-30,Vegetable Roti,100,60,58
2025-01-31,Chicken Bun,130,62,61
2025-01-31,Chicken Pastry,180,97,87
2025-01-31,Chicken Samosa,90,76,69
2025-01-31,Cream Bun,120,54,51
2025-01-31,Egg Roll,100,59,58
2025-01-31,Fish Bun,120,68,67
2025-01-31,Fish Patty,110,51,45
2025-01-31,Mini Pizza,220,45,41
2025-01-31,Sausage Bun,140,66,63
2025-01-31,Vegetable Roti,100,58,55
2025-02-01,Chicken Bun,130,69,61
2025-02-01,Chicken Pastry,180,104,95
2025-02-01,Chicken Samosa,90,78,73
2025-02-01,Cream Bun,120,58,53
2025-02-01,Egg Roll,100,64,62
2025-02-01,Fish Bun,120,88,81
2025-02-01,Fish Patty,110,61,54
2025-02-01,Mini Pizza,220,56,51
2025-02-01,Sausage Bun,140,62,61
2025-02-01,Vegetable Roti,100,65,60
2025-02-02,Chicken Bun,130,76,69
2025-02-02,Chicken Pastry,180,83,81
2025-02-02,Chicken Samosa,90,81,74
2025-02-02,Cream Bun,120,58,53
2025-02-02,Egg Roll,100,73,70
2025-02-02,Fish Bun,120,93,89
2025-02-02,Fish Patty,110,60,53
2025-02-02,Mini Pizza,220,62,59
2025-02-02,Sausage Bun,140,75,70
2025-02-02,Vegetable Roti,100,63,57
2025-02-03,Chicken Bun,130,67,63
2025-02-03,Chicken Pastry,180,87,80
2025-02-03,Chicken Samosa,90,73,67
2025-02-03,Cream Bun,120,59,57
2025-02-03,Egg Roll,100,65,60
2025-02-03,Fish Bun,120,75,71
2025-02-03,Fish Patty,110,55,52
2025-02-03,Mini Pizza,220,52,50
2025-02-03,Sausage Bun,140,58,55
2025-02-03,Vegetable Roti,100,58,54
2025-02-04,Chicken Bun,130,73,72
2025-02-04,Chicken Pastry,180,113,101
2025-02-04,Chicken Samosa,90,84,80
2025-02-04,Cream Bun,120,58,56
2025-02-04,Egg Roll,100,66,65
2025-02-04,Fish Bun,120,92,86
2025-02-04,Fish Patty,110,58,57
2025-02-04,Mini Pizza,220,60,54
2025-02-04,Sausage Bun,140,67,60
2025-02-04,Vegetable Roti,100,62,59
2025-02-05,Chicken Bun,130,71,65
2025-02-05,Chicken Pastry,180,99,96
2025-02-05,Chicken Samosa,90,75,66
2025-02-05,Cream Bun,120,53,49
2025-02-05,Egg Roll,100,59,54
2025-02-05,Fish Bun,120,79,74
2025-02-05,Fish Patty,110,57,53
2025-02-05,Mini Pizza,220,44,43
2025-02-05,Sausage Bun,140,62,61
2025-02-05,Vegetable Roti,100,64,58
2025-02-06,Chicken Bun,130,71,64
2025-02-06,Chicken Pastry,180,90,83
2025-02-06,Chicken Samosa,90,80,71
2025-02-06,Cream Bun,120,53,48
2025-02-06,Egg Roll,100,61,56
2025-02-06,Fish Bun,120,75,74
2025-02-06,Fish Patty,110,62,56
2025-02-06,Mini Pizza,220,46,41
2025-02-06,Sausage Bun,140,61,56
2025-02-06,Vegetable Roti,100,45,43
2025-02-07,Chicken Bun,130,77,70
2025-02-07,Chicken Pastry,180,88,84
2025-02-07,Chicken Samosa,90,78,67
2025-02-07,Cream Bun,120,46,42
2025-02-07,Egg Roll,100,63,60
2025-02-07,Fish Bun,120,85,77
2025-02-07,Fish Patty,110,62,55
2025-02-07,Mini Pizza,220,49,43
2025-02-07,Sausage Bun,140,69,66
2025-02-07,Vegetable Roti,100,58,56
2025-02-08,Chicken Bun,130,92,75
2025-02-08,Chicken Pastry,180,96,92
2025-02-08,Chicken Samosa,90,80,70
2025-02-08,Cream Bun,120,62,57
2025-02-08,Egg Roll,100,67,62
2025-02-08,Fish Bun,120,88,85
2025-02-08,Fish Patty,110,63,59
2025-02-08,Mini Pizza,220,54,51
2025-02-08,Sausage Bun,140,60,57
2025-02-08,Vegetable Roti,100,69,63
2025-02-09,Chicken Bun,130,75,68
2025-02-09,Chicken Pastry,180,114,106
2025-02-09,Chicken Samosa,90,70,63
2025-02-09,Cream Bun,120,55,52
2025-02-09,Egg Roll,100,64,63
2025-02-09,Fish Bun,120,80,71
2025-02-09,Fish Patty,110,48,46
2025-02-09,Mini Pizza,220,56,54
2025-02-09,Sausage Bun,140,71,67
2025-02-09,Vegetable Roti,100,68,61
2025-02-10,Chicken Bun,130,63,59
2025-02-10,Chicken Pastry,180,98,88
2025-02-10,Chicken Samosa,90,76,67
2025-02-10,Cream Bun,120,45,43
2025-02-10,Egg Roll,100,66,64
2025-02-10,Fish Bun,120,72,68
2025-02-10,Fish Patty,110,59,56
2025-02-10,Mini Pizza,220,44,40
2025-02-10,Sausage Bun,140,66,60
2025-02-10,Vegetable Roti,100,68,60
2025-02-11,Chicken Bun,130,68,63
2025-02-11,Chicken Pastry,180,99,89
2025-02-11,Chicken Samosa,90,69,64
2025-02-11,Cream Bun,120,49,44
2025-02-11,Egg Roll,100,56,52
2025-02-11,Fish Bun,120,80,72
2025-02-11,Fish Patty,110,58,53
2025-02-11,Mini Pizza,220,42,41
2025-02-11,Sausage Bun,140,61,58
2025-02-11,Vegetable Roti,100,58,54
2025-02-12,Chicken Bun,130,69,65
2025-02-12,Chicken Pastry,180,103,91
2025-02-12,Chicken Samosa,90,79,69
2025-02-12,Cream Bun,120,56,52
2025-02-12,Egg Roll,100,82,73
2025-02-12,Fish Bun,120,77,70
2025-02-12,Fish Patty,110,54,51
2025-02-12,Mini Pizza,220,50,47
2025-02-12,Sausage Bun,140,67,65
2025-02-12,Vegetable Roti,100,60,58
2025-02-13,Chicken Bun,130,74,65
2025-02-13,Chicken Pastry,180,90,88
2025-02-13,Chicken Samosa,90,64,59
2025-02-13,Cream Bun,120,52,49
2025-02-13,Egg Roll,100,60,58
2025-02-13,Fish Bun,120,80,73
2025-02-13,Fish Patty,110,60,55
2025-02-13,Mini Pizza,220,46,44
2025-02-13,Sausage Bun,140,66,62
2025-02-13,Vegetable Roti,100,64,61
2025-02-14,Chicken Bun,130,68,63
2025-02-14,Chicken Pastry,180,91,89
2025-02-14,Chicken Samosa,90,76,69
2025-02-14,Cream Bun,120,52,50
2025-02-14,Egg Roll,100,68,64
2025-02-14,Fish Bun,120,77,73
2025-02-14,Fish Patty,110,55,49
2025-02-14,Mini Pizza,220,42,40
2025-02-14,Sausage Bun,140,57,52
2025-02-14,Vegetable Roti,100,54,50
2025-02-15,Chicken Bun,130,76,71
2025-02-15,Chicken Pastry,180,93,88
2025-02-15,Chicken Samosa,90,78,72
2025-02-15,Cream Bun,120,60,55
2025-02-15,Egg Roll,100,71,67
2025-02-15,Fish Bun,120,82,72
2025-02-15,Fish Patty,110,59,54
2025-02-15,Mini Pizza,220,54,50
2025-02-15,Sausage Bun,140,66,62
2025-02-15,Vegetable Roti,100,63,61
2025-02-16,Chicken Bun,130,70,65
2025-02-16,Chicken Pastry,180,92,88
2025-02-16,Chicken Samosa,90,77,71
2025-02-16,Cream Bun,120,59,52
2025-02-16,Egg Roll,100,68,64
2025-02-16,Fish Bun,120,91,80
2025-02-16,Fish Patty,110,67,62
2025-02-16,Mini Pizza,220,57,54
2025-02-16,Sausage Bun,140,67,62
2025-02-16,Vegetable Roti,100,61,59
2025-02-17,Chicken Bun,130,69,63
2025-02-17,Chicken Pastry,180,82,75
2025-02-17,Chicken Samosa,90,73,67
2025-02-17,Cream Bun,120,62,56
2025-02-17,Egg Roll,100,63,58
2025-02-17,Fish Bun,120,75,69
2025-02-17,Fish Patty,110,55,50
2025-02-17,Mini Pizza,220,42,39
2025-02-17,Sausage Bun,140,65,61
2025-02-17,Vegetable Roti,100,61,59
2025-02-18,Chicken Bun,130,68,60
2025-02-18,Chicken Pastry,180,93,87
2025-02-18,Chicken Samosa,90,65,61
2025-02-18,Cream Bun,120,48,44
2025-02-18,Egg Roll,100,67,60
2025-02-18,Fish Bun,120,72,67
2025-02-18,Fish Patty,110,54,49
2025-02-18,Mini Pizza,220,45,42
2025-02-18,Sausage Bun,140,62,59
2025-02-18,Vegetable Roti,100,54,49
2025-02-19,Chicken Bun,130,61,56
2025-02-19,Chicken Pastry,180,98,93
2025-02-19,Chicken Samosa,90,80,73
2025-02-19,Cream Bun,120,53,50
2025-02-19,Egg Roll,100,57,52
2025-02-19,Fish Bun,120,80,73
2025-02-19,Fish Patty,110,54,50
2025-02-19,Mini Pizza,220,44,44
2025-02-19,Sausage Bun,140,59,54
2025-02-19,Vegetable Roti,100,53,48
2025-02-20,Chicken Bun,130,65,56
2025-02-20,Chicken Pastry,180,97,90
2025-02-20,Chicken Samosa,90,63,56
2025-02-20,Cream Bun,120,63,55
2025-02-20,Egg Roll,100,60,55
2025-02-20,Fish Bun,120,66,60
2025-02-20,Fish Patty,110,54,49
2025-02-20,Mini Pizza,220,51,47
2025-02-20,Sausage Bun,140,67,62
2025-02-20,Vegetable Roti,100,58,53
2025-02-21,Chicken Bun,130,67,63
2025-02-21,Chicken Pastry,180,100,93
2025-02-21,Chicken Samosa,90,80,74
2025-02-21,Cream Bun,120,52,50
2025-02-21,Egg Roll,100,56,50
2025-02-21,Fish Bun,120,67,63
2025-02-21,Fish Patty,110,50,49
2025-02-21,Mini Pizza,220,41,36
2025-02-21,Sausage Bun,140,54,54
2025-02-21,Vegetable Roti,100,51,47
2025-02-22,Chicken Bun,130,76,71
2025-02-22,Chicken Pastry,180,96,90
2025-02-22,Chicken Samosa,90,80,70
2025-02-22,Cream Bun,120,61,54
2025-02-22,Egg Roll,100,69,64
2025-02-22,Fish Bun,120,87,82
2025-02-22,Fish Patty,110,60,57
2025-02-22,Mini Pizza,220,48,45
2025-02-22,Sausage Bun,140,69,62
2025-02-22,Vegetable Roti,100,58,55
2025-02-23,Chicken Bun,130,70,66
2025-02-23,Chicken Pastry,180,88,82
2025-02-23,Chicken Samosa,90,71,64
2025-02-23,Cream Bun,120,55,53
2025-02-23,Egg Roll,100,68,62
2025-02-23,Fish Bun,120,91,86
2025-02-23,Fish Patty,110,65,58
2025-02-23,Mini Pizza,220,54,49
2025-02-23,Sausage Bun,140,69,65
2025-02-23,Vegetable Roti,100,67,59
2025-02-24,Chicken Bun,130,72,65
2025-02-24,Chicken Pastry,180,92,82
2025-02-24,Chicken Samosa,90,76,69
2025-02-24,Cream Bun,120,46,44
2025-02-24,Egg Roll,100,64,58
2025-02-24,Fish Bun,120,75,68
2025-02-24,Fish Patty,110,60,56
2025-02-24,Mini Pizza,220,49,46
2025-02-24,Sausage Bun,140,63,59
2025-02-24,Vegetable Roti,100,55,54
2025-02-25,Chicken Bun,130,66,61
2025-02-25,Chicken Pastry,180,92,86
2025-02-25,Chicken Samosa,90,73,68
2025-02-25,Cream Bun,120,46,43
2025-02-25,Egg Roll,100,63,57
2025-02-25,Fish Bun,120,79,70
2025-02-25,Fish Patty,110,65,58
2025-02-25,Mini Pizza,220,46,44
2025-02-25,Sausage Bun,140,63,57
2025-02-25,Vegetable Roti,100,59,54
2025-02-26,Chicken Bun,130,74,70
2025-02-26,Chicken Pastry,180,94,83
2025-02-26,Chicken Samosa,90,68,62
2025-02-26,Cream Bun,120,49,45
2025-02-26,Egg Roll,100,70,63
2025-02-26,Fish Bun,120,89,82
2025-02-26,Fish Patty,110,56,49
2025-02-26,Mini Pizza,220,49,46
2025-02-26,Sausage Bun,140,63,58
2025-02-26,Vegetable Roti,100,69,62
2025-02-27,Chicken Bun,130,62,58
2025-02-27,Chicken Pastry,180,79,73
2025-02-27,Chicken Samosa,90,59,55
2025-02-27,Cream Bun,120,46,41
2025-02-27,Egg Roll,100,62,56
2025-02-27,Fish Bun,120,63,59
2025-02-27,Fish Patty,110,53,48
2025-02-27,Mini Pizza,220,40,35
2025-02-27,Sausage Bun,140,53,52
2025-02-27,Vegetable Roti,100,50,48
2025-02-28,Chicken Bun,130,70,61
2025-02-28,Chicken Pastry,180,87,80
2025-02-28,Chicken Samosa,90,78,70
2025-02-28,Cream Bun,120,50,45
2025-02-28,Egg Roll,100,63,56
2025-02-28,Fish Bun,120,77,69
2025-02-28,Fish Patty,110,49,48
2025-02-28,Mini Pizza,220,48,42
2025-02-28,Sausage Bun,140,57,53
2025-02-28,Vegetable Roti,100,56,52
2025-03-01,Chicken Bun,130,49,46
2025-03-01,Chicken Pastry,180,77,71
2025-03-01,Chicken Samosa,90,65,59
2025-03-01,Cream Bun,120,41,39
2025-03-01,Egg Roll,100,45,42
2025-03-01,Fish Bun,120,58,56
2025-03-01,Fish Patty,110,45,42
2025-03-01,Mini Pizza,220,35,32
2025-03-01,Sausage Bun,140,50,49
2025-03-01,Vegetable Roti,100,46,45
2025-03-02,Chicken Bun,130,75,68
2025-03-02,Chicken Pastry,180,91,87
2025-03-02,Chicken Samosa,90,82,75
2025-03-02,Cream Bun,120,54,50
2025-03-02,Egg Roll,100,72,67
2025-03-02,Fish Bun,120,80,75
2025-03-02,Fish Patty,110,59,54
2025-03-02,Mini Pizza,220,53,46
2025-03-02,Sausage Bun,140,64,60
2025-03-02,Vegetable Roti,100,65,56
2025-03-03,Chicken Bun,130,69,63
2025-03-03,Chicken Pastry,180,96,91
2025-03-03,Chicken Samosa,90,68,64
2025-03-03,Cream Bun,120,50,45
2025-03-03,Egg Roll,100,68,65
2025-03-03,Fish Bun,120,77,69
2025-03-03,Fish Patty,110,61,53
2025-03-03,Mini Pizza,220,46,41
2025-03-03,Sausage Bun,140,66,63
2025-03-03,Vegetable Roti,100,61,53
2025-03-04,Chicken Bun,130,64,58
2025-03-04,Chicken Pastry,180,106,95
2025-03-04,Chicken Samosa,90,84,74
2025-03-04,Cream Bun,120,43,41
2025-03-04,Egg Roll,100,57,54
2025-03-04,Fish Bun,120,75,69
2025-03-04,Fish Patty,110,52,49
2025-03-04,Mini Pizza,220,41,38
2025-03-04,Sausage Bun,140,55,50
2025-03-04,Vegetable Roti,100,61,56
2025-03-05,Chicken Bun,130,63,60
2025-03-05,Chicken Pastry,180,83,76
2025-03-05,Chicken Samosa,90,71,66
2025-03-05,Cream Bun,120,51,48
2025-03-05,Egg Roll,100,66,59
2025-03-05,Fish Bun,120,69,66
2025-03-05,Fish Patty,110,56,56
2025-03-05,Mini Pizza,220,48,44
2025-03-05,Sausage Bun,140,62,58
2025-03-05,Vegetable Roti,100,61,58
2025-03-06,Chicken Bun,130,79,74
2025-03-06,Chicken Pastry,180,101,91
2025-03-06,Chicken Samosa,90,71,66
2025-03-06,Cream Bun,120,49,46
2025-03-06,Egg Roll,100,68,65
2025-03-06,Fish Bun,120,74,69
2025-03-06,Fish Patty,110,54,52
2025-03-06,Mini Pizza,220,44,44
2025-03-06,Sausage Bun,140,63,59
2025-03-06,Vegetable Roti,100,65,63
2025-03-07,Chicken Bun,130,72,64
2025-03-07,Chicken Pastry,180,107,95
2025-03-07,Chicken Samosa,90,71,67
2025-03-07,Cream Bun,120,50,45
2025-03-07,Egg Roll,100,60,54
2025-03-07,Fish Bun,120,78,70
2025-03-07,Fish Patty,110,59,52
2025-03-07,Mini Pizza,220,50,45
2025-03-07,Sausage Bun,140,60,55
2025-03-07,Vegetable Roti,100,55,53
2025-03-08,Chicken Bun,130,78,69
2025-03-08,Chicken Pastry,180,120,105
2025-03-08,Chicken Samosa,90,83,75
2025-03-08,Cream Bun,120,57,55
2025-03-08,Egg Roll,100,72,67
2025-03-08,Fish Bun,120,76,75
2025-03-08,Fish Patty,110,60,56
2025-03-08,Mini Pizza,220,49,48
2025-03-08,Sausage Bun,140,63,58
2025-03-08,Vegetable Roti,100,65,59
2025-03-09,Chicken Bun,130,80,74
2025-03-09,Chicken Pastry,180,105,96
2025-03-09,Chicken Samosa,90,70,64
2025-03-09,Cream Bun,120,68,61
2025-03-09,Egg Roll,100,67,67
2025-03-09,Fish Bun,120,88,80
2025-03-09,Fish Patty,110,61,56
2025-03-09,Mini Pizza,220,45,42
2025-03-09,Sausage Bun,140,69,64
2025-03-09,Vegetable Roti,100,64,58
2025-03-10,Chicken Bun,130,62,58
2025-03-10,Chicken Pastry,180,97,88
2025-03-10,Chicken Samosa,90,73,71
2025-03-10,Cream Bun,120,50,47
2025-03-10,Egg Roll,100,75,69
2025-03-10,Fish Bun,120,84,78
2025-03-10,Fish Patty,110,56,51
2025-03-10,Mini Pizza,220,50,47
2025-03-10,Sausage Bun,140,67,61
2025-03-10,Vegetable Roti,100,52,49
2025-03-11,Chicken Bun,130,43,41
2025-03-11,Chicken Pastry,180,59,57
2025-03-11,Chicken Samosa,90,56,52
2025-03-11,Cream Bun,120,41,38
2025-03-11,Egg Roll,100,44,41
2025-03-11,Fish Bun,120,58,52
2025-03-11,Fish Patty,110,39,37
2025-03-11,Mini Pizza,220,34,30
2025-03-11,Sausage Bun,140,45,40
2025-03-11,Vegetable Roti,100,43,39
2025-03-12,Chicken Bun,130,67,62
2025-03-12,Chicken Pastry,180,82,71
2025-03-12,Chicken Samosa,90,66,60
2025-03-12,Cream Bun,120,46,43
2025-03-12,Egg Roll,100,65,59
2025-03-12,Fish Bun,120,75,70
2025-03-12,Fish Patty,110,53,51
2025-03-12,Mini Pizza,220,44,39
2025-03-12,Sausage Bun,140,56,53
2025-03-12,Vegetable Roti,100,61,58
2025-03-13,Chicken Bun,130,62,57
2025-03-13,Chicken Pastry,180,103,95
2025-03-13,Chicken Samosa,90,72,68
2025-03-13,Cream Bun,120,61,58
2025-03-13,Egg Roll,100,57,57
2025-03-13,Fish Bun,120,69,67
2025-03-13,Fish Patty,110,55,55
2025-03-13,Mini Pizza,220,51,45
2025-03-13,Sausage Bun,140,68,64
2025-03-13,Vegetable Roti,100,69,63
2025-03-14,Chicken Bun,130,67,60
2025-03-14,Chicken Pastry,180,103,95
2025-03-14,Chicken Samosa,90,72,66
2025-03-14,Cream Bun,120,47,46
2025-03-14,Egg Roll,100,70,64
2025-03-14,Fish Bun,120,80,76
2025-03-14,Fish Patty,110,54,50
2025-03-14,Mini Pizza,220,46,44
2025-03-14,Sausage Bun,140,51,50
2025-03-14,Vegetable Roti,100,61,56
2025-03-15,Chicken Bun,130,65,57
2025-03-15,Chicken Pastry,180,97,89
2025-03-15,Chicken Samosa,90,76,71
2025-03-15,Cream Bun,120,57,52
2025-03-15,Egg Roll,100,64,58
2025-03-15,Fish Bun,120,75,75
2025-03-15,Fish Patty,110,51,48
2025-03-15,Mini Pizza,220,54,48
2025-03-15,Sausage Bun,140,68,60
2025-03-15,Vegetable Roti,100,72,63
2025-03-16,Chicken Bun,130,61,53
2025-03-16,Chicken Pastry,180,85,77
2025-03-16,Chicken Samosa,90,65,63
2025-03-16,Cream Bun,120,45,41
2025-03-16,Egg Roll,100,65,57
2025-03-16,Fish Bun,120,70,66
2025-03-16,Fish Patty,110,54,49
2025-03-16,Mini Pizza,220,39,38
2025-03-16,Sausage Bun,140,60,56
2025-03-16,Vegetable Roti,100,51,48
2025-03-17,Chicken Bun,130,58,54
2025-03-17,Chicken Pastry,180,99,90
2025-03-17,Chicken Samosa,90,63,57
2025-03-17,Cream Bun,120,47,42
2025-03-17,Egg Roll,100,63,61
2025-03-17,Fish Bun,120,74,69
2025-03-17,Fish Patty,110,50,45
2025-03-17,Mini Pizza,220,45,42
2025-03-17,Sausage Bun,140,53,52
2025-03-17,Vegetable Roti,100,61,55
2025-03-18,Chicken Bun,130,75,68
2025-03-18,Chicken Pastry,180,76,73
2025-03-18,Chicken Samosa,90,64,62
2025-03-18,Cream Bun,120,45,42
2025-03-18,Egg Roll,100,72,64
2025-03-18,Fish Bun,120,74,67
2025-03-18,Fish Patty,110,61,54
2025-03-18,Mini Pizza,220,43,39
2025-03-18,Sausage Bun,140,67,65
2025-03-18,Vegetable Roti,100,54,54
2025-03-19,Chicken Bun,130,69,61
2025-03-19,Chicken Pastry,180,90,82
2025-03-19,Chicken Samosa,90,62,59
2025-03-19,Cream Bun,120,36,33
2025-03-19,Egg Roll,100,66,61
2025-03-19,Fish Bun,120,66,63
2025-03-19,Fish Patty,110,49,46
2025-03-19,Mini Pizza,220,33,32
2025-03-19,Sausage Bun,140,52,50
2025-03-19,Vegetable Roti,100,62,56
2025-03-20,Chicken Bun,130,63,57
2025-03-20,Chicken Pastry,180,82,76
2025-03-20,Chicken Samosa,90,65,62
2025-03-20,Cream Bun,120,42,38
2025-03-20,Egg Roll,100,65,57
2025-03-20,Fish Bun,120,70,62
2025-03-20,Fish Patty,110,59,56
2025-03-20,Mini Pizza,220,44,39
2025-03-20,Sausage Bun,140,63,56
2025-03-20,Vegetable Roti,100,55,52
2025-03-21,Chicken Bun,130,67,65
2025-03-21,Chicken Pastry,180,102,99
2025-03-21,Chicken Samosa,90,66,63
2025-03-21,Cream Bun,120,46,42
2025-03-21,Egg Roll,100,71,65
2025-03-21,Fish Bun,120,69,63
2025-03-21,Fish Patty,110,51,50
2025-03-21,Mini Pizza,220,48,44
2025-03-21,Sausage Bun,140,66,61
2025-03-21,Vegetable Roti,100,59,58
2025-03-22,Chicken Bun,130,74,72
2025-03-22,Chicken Pastry,180,109,99
2025-03-22,Chicken Samosa,90,80,77
2025-03-22,Cream Bun,120,51,48
2025-03-22,Egg Roll,100,63,57
2025-03-22,Fish Bun,120,89,82
2025-03-22,Fish Patty,110,58,55
2025-03-22,Mini Pizza,220,50,44
2025-03-22,Sausage Bun,140,78,70
2025-03-22,Vegetable Roti,100,62,58
2025-03-23,Chicken Bun,130,82,74
2025-03-23,Chicken Pastry,180,83,77
2025-03-23,Chicken Samosa,90,71,69
2025-03-23,Cream Bun,120,52,47
2025-03-23,Egg Roll,100,66,58
2025-03-23,Fish Bun,120,94,83
2025-03-23,Fish Patty,110,60,54
2025-03-23,Mini Pizza,220,47,42
2025-03-23,Sausage Bun,140,66,65
2025-03-23,Vegetable Roti,100,51,48
2025-03-24,Chicken Bun,130,65,63
2025-03-24,Chicken Pastry,180,91,83
2025-03-24,Chicken Samosa,90,57,54
2025-03-24,Cream Bun,120,48,46
2025-03-24,Egg Roll,100,74,66
2025-03-24,Fish Bun,120,71,69
2025-03-24,Fish Patty,110,55,53
2025-03-24,Mini Pizza,220,46,42
2025-03-24,Sausage Bun,140,59,52
2025-03-24,Vegetable Roti,100,57,53
2025-03-25,Chicken Bun,130,48,48
2025-03-25,Chicken Pastry,180,71,65
2025-03-25,Chicken Samosa,90,63,58
2025-03-25,Cream Bun,120,37,33
2025-03-25,Egg Roll,100,49,44
2025-03-25,Fish Bun,120,48,44
2025-03-25,Fish Patty,110,36,35
2025-03-25,Mini Pizza,220,29,28
2025-03-25,Sausage Bun,140,47,42
2025-03-25,Vegetable Roti,100,40,40
2025-03-26,Chicken Bun,130,66,63
2025-03-26,Chicken Pastry,180,79,76
2025-03-26,Chicken Samosa,90,63,59
2025-03-26,Cream Bun,120,42,38
2025-03-26,Egg Roll,100,68,58
2025-03-26,Fish Bun,120,69,66
2025-03-26,Fish Patty,110,40,39
2025-03-26,Mini Pizza,220,36,33
2025-03-26,Sausage Bun,140,61,57
2025-03-26,Vegetable Roti,100,56,53
2025-03-27,Chicken Bun,130,62,53
2025-03-27,Chicken Pastry,180,79,73
2025-03-27,Chicken Samosa,90,58,55
2025-03-27,Cream Bun,120,45,40
2025-03-27,Egg Roll,100,57,55
2025-03-27,Fish Bun,120,81,74
2025-03-27,Fish Patty,110,53,48
2025-03-27,Mini Pizza,220,32,28
2025-03-27,Sausage Bun,140,58,51
2025-03-27,Vegetable Roti,100,54,51
2025-03-28,Chicken Bun,130,60,56
2025-03-28,Chicken Pastry,180,101,90
2025-03-28,Chicken Samosa,90,71,64
2025-03-28,Cream Bun,120,48,44
2025-03-28,Egg Roll,100,63,59
2025-03-28,Fish Bun,120,69,65
2025-03-28,Fish Patty,110,57,54
2025-03-28,Mini Pizza,220,52,49
2025-03-28,Sausage Bun,140,63,59
2025-03-28,Vegetable Roti,100,70,58
2025-03-29,Chicken Bun,130,71,71
2025-03-29,Chicken Pastry,180,114,101
2025-03-29,Chicken Samosa,90,71,67
2025-03-29,Cream Bun,120,60,54
2025-03-29,Egg Roll,100,66,59
2025-03-29,Fish Bun,120,88,79
2025-03-29,Fish Patty,110,51,49
2025-03-29,Mini Pizza,220,48,45
2025-03-29,Sausage Bun,140,63,59
2025-03-29,Vegetable Roti,100,69,61
2025-03-30,Chicken Bun,130,68,63
2025-03-30,Chicken Pastry,180,98,92
2025-03-30,Chicken Samosa,90,73,68
2025-03-30,Cream Bun,120,60,59
2025-03-30,Egg Roll,100,68,62
2025-03-30,Fish Bun,120,87,76
2025-03-30,Fish Patty,110,51,50
2025-03-30,Mini Pizza,220,57,51
2025-03-30,Sausage Bun,140,63,61
2025-03-30,Vegetable Roti,100,59,56
2025-03-31,Chicken Bun,130,79,71
2025-03-31,Chicken Pastry,180,115,105
2025-03-31,Chicken Samosa,90,74,70
2025-03-31,Cream Bun,120,58,54
2025-03-31,Egg Roll,100,63,58
2025-03-31,Fish Bun,120,78,72
2025-03-31,Fish Patty,110,61,57
2025-03-31,Mini Pizza,220,43,43
2025-03-31,Sausage Bun,140,69,66
2025-03-31,Vegetable Roti,100,62,60
2025-04-01,Chicken Bun,130,64,61
2025-04-01,Chicken Pastry,180,86,85
2025-04-01,Chicken Samosa,90,62,61
2025-04-01,Cream Bun,120,46,42
2025-04-01,Egg Roll,100,58,53
2025-04-01,Fish Bun,120,73,67
2025-04-01,Fish Patty,110,60,54
2025-04-01,Mini Pizza,220,39,36
2025-04-01,Sausage Bun,140,55,51
2025-04-01,Vegetable Roti,100,57,53
2025-04-02,Chicken Bun,130,67,62
2025-04-02,Chicken Pastry,180,97,87
2025-04-02,Chicken Samosa,90,71,63
2025-04-02,Cream Bun,120,45,41
2025-04-02,Egg Roll,100,69,63
2025-04-02,Fish Bun,120,68,62
2025-04-02,Fish Patty,110,58,53
2025-04-02,Mini Pizza,220,44,39
2025-04-02,Sausage Bun,140,63,58
2025-04-02,Vegetable Roti,100,57,54
2025-04-03,Chicken Bun,130,48,45
2025-04-03,Chicken Pastry,180,72,64
2025-04-03,Chicken Samosa,90,64,57
2025-04-03,Cream Bun,120,39,37
2025-04-03,Egg Roll,100,57,52
2025-04-03,Fish Bun,120,71,66
2025-04-03,Fish Patty,110,52,47
2025-04-03,Mini Pizza,220,38,34
2025-04-03,Sausage Bun,140,58,53
2025-04-03,Vegetable Roti,100,47,44
2025-04-04,Chicken Bun,130,48,47
2025-04-04,Chicken Pastry,180,63,59
2025-04-04,Chicken Samosa,90,60,58
2025-04-04,Cream Bun,120,36,33
2025-04-04,Egg Roll,100,45,43
2025-04-04,Fish Bun,120,67,59
2025-04-04,Fish Patty,110,44,40
2025-04-04,Mini Pizza,220,34,30
2025-04-04,Sausage Bun,140,41,38
2025-04-04,Vegetable Roti,100,47,44
2025-04-05,Chicken Bun,130,63,60
2025-04-05,Chicken Pastry,180,85,81
2025-04-05,Chicken Samosa,90,73,69
2025-04-05,Cream Bun,120,50,45
2025-04-05,Egg Roll,100,58,54
2025-04-05,Fish Bun,120,81,71
2025-04-05,Fish Patty,110,44,41
2025-04-05,Mini Pizza,220,41,36
2025-04-05,Sausage Bun,140,55,48
2025-04-05,Vegetable Roti,100,57,51
2025-04-06,Chicken Bun,130,60,55
2025-04-06,Chicken Pastry,180,79,73
2025-04-06,Chicken Samosa,90,67,62
2025-04-06,Cream Bun,120,48,48
2025-04-06,Egg Roll,100,51,48
2025-04-06,Fish Bun,120,68,65
2025-04-06,Fish Patty,110,44,41
2025-04-06,Mini Pizza,220,48,43
2025-04-06,Sausage Bun,140,55,51
2025-04-06,Vegetable Roti,100,47,45
2025-04-07,Chicken Bun,130,56,53
2025-04-07,Chicken Pastry,180,69,63
2025-04-07,Chicken Samosa,90,53,50
2025-04-07,Cream Bun,120,42,38
2025-04-07,Egg Roll,100,48,45
2025-04-07,Fish Bun,120,54,49
2025-04-07,Fish Patty,110,54,45
2025-04-07,Mini Pizza,220,37,33
2025-04-07,Sausage Bun,140,42,41
2025-04-07,Vegetable Roti,100,48,45
2025-04-08,Chicken Bun,130,70,65
2025-04-08,Chicken Pastry,180,103,95
2025-04-08,Chicken Samosa,90,64,60
2025-04-08,Cream Bun,120,50,46
2025-04-08,Egg Roll,100,74,72
2025-04-08,Fish Bun,120,86,83
2025-04-08,Fish Patty,110,55,51
2025-04-08,Mini Pizza,220,46,44
2025-04-08,Sausage Bun,140,66,59
2025-04-08,Vegetable Roti,100,53,49
2025-04-09,Chicken Bun,130,64,59
2025-04-09,Chicken Pastry,180,78,76
2025-04-09,Chicken Samosa,90,68,62
2025-04-09,Cream Bun,120,40,39
2025-04-09,Egg Roll,100,71,65
2025-04-09,Fish Bun,120,76,75
2025-04-09,Fish Patty,110,60,56
2025-04-09,Mini Pizza,220,44,39
2025-04-09,Sausage Bun,140,57,52
2025-04-09,Vegetable Roti,100,58,56
2025-04-10,Chicken Bun,130,65,62
2025-04-10,Chicken Pastry,180,86,82
2025-04-10,Chicken Samosa,90,69,69
2025-04-10,Cream Bun,120,43,40
2025-04-10,Egg Roll,100,59,55
2025-04-10,Fish Bun,120,79,73
2025-04-10,Fish Patty,110,53,51
2025-04-10,Mini Pizza,220,38,36
2025-04-10,Sausage Bun,140,64,59
2025-04-10,Vegetable Roti,100,59,55
2025-04-11,Chicken Bun,130,58,55
2025-04-11,Chicken Pastry,180,82,81
2025-04-11,Chicken Samosa,90,68,62
2025-04-11,Cream Bun,120,43,40
2025-04-11,Egg Roll,100,73,64
2025-04-11,Fish Bun,120,65,61
2025-04-11,Fish Patty,110,47,43
2025-04-11,Mini Pizza,220,36,34
2025-04-11,Sausage Bun,140,57,56
2025-04-11,Vegetable Roti,100,61,56
2025-04-12,Chicken Bun,130,114,104
2025-04-12,Chicken Pastry,180,130,120
2025-04-12,Chicken Samosa,90,104,98
2025-04-12,Cream Bun,120,78,72
2025-04-12,Egg Roll,100,86,80
2025-04-12,Fish Bun,120,109,103
2025-04-12,Fish Patty,110,78,74
2025-04-12,Mini Pizza,220,72,69
2025-04-12,Sausage Bun,140,83,78
2025-04-12,Vegetable Roti,100,78,72
2025-04-13,Chicken Bun,130,101,94
2025-04-13,Chicken Pastry,180,129,122
2025-04-13,Chicken Samosa,90,117,107
2025-04-13,Cream Bun,120,74,68
2025-04-13,Egg Roll,100,70,68
2025-04-13,Fish Bun,120,132,125
2025-04-13,Fish Patty,110,79,70
2025-04-13,Mini Pizza,220,67,62
2025-04-13,Sausage Bun,140,94,86
2025-04-13,Vegetable Roti,100,89,79
2025-04-14,Chicken Bun,130,89,76
2025-04-14,Chicken Pastry,180,123,112
2025-04-14,Chicken Samosa,90,85,79
2025-04-14,Cream Bun,120,55,49
2025-04-14,Egg Roll,100,84,76
2025-04-14,Fish Bun,120,100,92
2025-04-14,Fish Patty,110,72,67
2025-04-14,Mini Pizza,220,60,57
2025-04-14,Sausage Bun,140,70,65
2025-04-14,Vegetable Roti,100,73,69
2025-04-15,Chicken Bun,130,63,58
2025-04-15,Chicken Pastry,180,91,82
2025-04-15,Chicken Samosa,90,80,73
2025-04-15,Cream Bun,120,48,47
2025-04-15,Egg Roll,100,52,51
2025-04-15,Fish Bun,120,74,67
2025-04-15,Fish Patty,110,60,58
2025-04-15,Mini Pizza,220,48,45
2025-04-15,Sausage Bun,140,69,66
2025-04-15,Vegetable Roti,100,54,53
2025-04-16,Chicken Bun,130,62,59
2025-04-16,Chicken Pastry,180,87,81
2025-04-16,Chicken Samosa,90,78,72
2025-04-16,Cream Bun,120,46,44
2025-04-16,Egg Roll,100,62,54
2025-04-16,Fish Bun,120,79,71
2025-04-16,Fish Patty,110,51,49
2025-04-16,Mini Pizza,220,41,38
2025-04-16,Sausage Bun,140,64,61
2025-04-16,Vegetable Roti,100,57,53
2025-04-17,Chicken Bun,130,66,62
2025-04-17,Chicken Pastry,180,81,79
2025-04-17,Chicken Samosa,90,72,63
2025-04-17,Cream Bun,120,54,48
2025-04-17,Egg Roll,100,68,62
2025-04-17,Fish Bun,120,66,64
2025-04-17,Fish Patty,110,50,48
2025-04-17,Mini Pizza,220,37,34
2025-04-17,Sausage Bun,140,66,60
2025-04-17,Vegetable Roti,100,54,51
2025-04-18,Chicken Bun,130,76,73
2025-04-18,Chicken Pastry,180,107,98
2025-04-18,Chicken Samosa,90,96,87
2025-04-18,Cream Bun,120,59,53
2025-04-18,Egg Roll,100,65,57
2025-04-18,Fish Bun,120,91,80
2025-04-18,Fish Patty,110,56,55
2025-04-18,Mini Pizza,220,45,42
2025-04-18,Sausage Bun,140,64,60
2025-04-18,Vegetable Roti,100,61,59
2025-04-19,Chicken Bun,130,82,76
2025-04-19,Chicken Pastry,180,105,99
2025-04-19,Chicken Samosa,90,83,80
2025-04-19,Cream Bun,120,52,48
2025-04-19,Egg Roll,100,70,64
2025-04-19,Fish Bun,120,88,81
2025-04-19,Fish Patty,110,63,61
2025-04-19,Mini Pizza,220,60,52
2025-04-19,Sausage Bun,140,64,58
2025-04-19,Vegetable Roti,100,60,57
2025-04-20,Chicken Bun,130,75,72
2025-04-20,Chicken Pastry,180,89,84
2025-04-20,Chicken Samosa,90,79,74
2025-04-20,Cream Bun,120,64,60
2025-04-20,Egg Roll,100,72,65
2025-04-20,Fish Bun,120,84,73
2025-04-20,Fish Patty,110,66,59
2025-04-20,Mini Pizza,220,57,53
2025-04-20,Sausage Bun,140,62,62
2025-04-20,Vegetable Roti,100,63,59
2025-04-21,Chicken Bun,130,68,66
2025-04-21,Chicken Pastry,180,92,86
2025-04-21,Chicken Samosa,90,88,80
2025-04-21,Cream Bun,120,45,45
2025-04-21,Egg Roll,100,67,60
2025-04-21,Fish Bun,120,85,77
2025-04-21,Fish Patty,110,58,56
2025-04-21,Mini Pizza,220,47,43
2025-04-21,Sausage Bun,140,67,59
2025-04-21,Vegetable Roti,100,61,57
2025-04-22,Chicken Bun,130,77,69
2025-04-22,Chicken Pastry,180,92,87
2025-04-22,Chicken Samosa,90,67,67
2025-04-22,Cream Bun,120,64,60
2025-04-22,Egg Roll,100,67,60
2025-04-22,Fish Bun,120,79,75
2025-04-22,Fish Patty,110,55,52
2025-04-22,Mini Pizza,220,46,43
2025-04-22,Sausage Bun,140,65,59
2025-04-22,Vegetable Roti,100,64,63
2025-04-23,Chicken Bun,130,69,68
2025-04-23,Chicken Pastry,180,94,88
2025-04-23,Chicken Samosa,90,73,65
2025-04-23,Cream Bun,120,49,46
2025-04-23,Egg Roll,100,58,54
2025-04-23,Fish Bun,120,86,80
2025-04-23,Fish Patty,110,61,57
2025-04-23,Mini Pizza,220,49,43
2025-04-23,Sausage Bun,140,68,62
2025-04-23,Vegetable Roti,100,50,48
2025-04-24,Chicken Bun,130,65,62
2025-04-24,Chicken Pastry,180,87,83
2025-04-24,Chicken Samosa,90,67,66
2025-04-24,Cream Bun,120,54,50
2025-04-24,Egg Roll,100,69,64
2025-04-24,Fish Bun,120,80,78
2025-04-24,Fish Patty,110,60,55
2025-04-24,Mini Pizza,220,52,49
2025-04-24,Sausage Bun,140,62,58
2025-04-24,Vegetable Roti,100,67,62
2025-04-25,Chicken Bun,130,56,51
2025-04-25,Chicken Pastry,180,83,75
2025-04-25,Chicken Samosa,90,62,57
2025-04-25,Cream Bun,120,47,41
2025-04-25,Egg Roll,100,64,58
2025-04-25,Fish Bun,120,78,72
2025-04-25,Fish Patty,110,59,55
2025-04-25,Mini Pizza,220,38,35
2025-04-25,Sausage Bun,140,65,57
2025-04-25,Vegetable Roti,100,64,57
2025-04-26,Chicken Bun,130,76,67
2025-04-26,Chicken Pastry,180,89,82
2025-04-26,Chicken Samosa,90,70,64
2025-04-26,Cream Bun,120,49,45
2025-04-26,Egg Roll,100,66,59
2025-04-26,Fish Bun,120,82,75
2025-04-26,Fish Patty,110,68,59
2025-04-26,Mini Pizza,220,40,38
2025-04-26,Sausage Bun,140,65,60
2025-04-26,Vegetable Roti,100,49,45
2025-04-27,Chicken Bun,130,77,68
2025-04-27,Chicken Pastry,180,86,81
2025-04-27,Chicken Samosa,90,75,67
2025-04-27,Cream Bun,120,49,44
2025-04-27,Egg Roll,100,63,61
2025-04-27,Fish Bun,120,77,70
2025-04-27,Fish Patty,110,52,47
2025-04-27,Mini Pizza,220,43,39
2025-04-27,Sausage Bun,140,64,64
2025-04-27,Vegetable Roti,100,56,50
2025-04-28,Chicken Bun,130,52,51
2025-04-28,Chicken Pastry,180,79,73
2025-04-28,Chicken Samosa,90,63,56
2025-04-28,Cream Bun,120,44,37
2025-04-28,Egg Roll,100,56,51
2025-04-28,Fish Bun,120,69,65
2025-04-28,Fish Patty,110,57,51
2025-04-28,Mini Pizza,220,39,35
2025-04-28,Sausage Bun,140,58,55
2025-04-28,Vegetable Roti,100,55,49
2025-04-29,Chicken Bun,130,58,52
2025-04-29,Chicken Pastry,180,71,66
2025-04-29,Chicken Samosa,90,67,59
2025-04-29,Cream Bun,120,44,38
2025-04-29,Egg Roll,100,47,46
2025-04-29,Fish Bun,120,69,62
2025-04-29,Fish Patty,110,49,44
2025-04-29,Mini Pizza,220,36,32
2025-04-29,Sausage Bun,140,47,43
2025-04-29,Vegetable Roti,100,50,50
2025-04-30,Chicken Bun,130,54,49
2025-04-30,Chicken Pastry,180,80,71
2025-04-30,Chicken Samosa,90,70,65
2025-04-30,Cream Bun,120,36,34
2025-04-30,Egg Roll,100,61,56
2025-04-30,Fish Bun,120,76,70
2025-04-30,Fish Patty,110,49,46
2025-04-30,Mini Pizza,220,31,29
2025-04-30,Sausage Bun,140,59,53
2025-04-30,Vegetable Roti,100,58,54
2025-05-01,Chicken Bun,130,71,66
2025-05-01,Chicken Pastry,180,112,107
2025-05-01,Chicken Samosa,90,77,69
2025-05-01,Cream Bun,120,53,49
2025-05-01,Egg Roll,100,62,61
2025-05-01,Fish Bun,120,74,67
2025-05-01,Fish Patty,110,62,53
2025-05-01,Mini Pizza,220,64,60
2025-05-01,Sausage Bun,140,65,63
2025-05-01,Vegetable Roti,100,66,59
2025-05-02,Chicken Bun,130,68,60
2025-05-02,Chicken Pastry,180,107,96
2025-05-02,Chicken Samosa,90,82,75
2025-05-02,Cream Bun,120,53,48
2025-05-02,Egg Roll,100,56,50
2025-05-02,Fish Bun,120,70,64
2025-05-02,Fish Patty,110,57,52
2025-05-02,Mini Pizza,220,43,38
2025-05-02,Sausage Bun,140,58,51
2025-05-02,Vegetable Roti,100,50,48
2025-05-03,Chicken Bun,130,78,70
2025-05-03,Chicken Pastry,180,95,95
2025-05-03,Chicken Samosa,90,62,61
2025-05-03,Cream Bun,120,51,46
2025-05-03,Egg Roll,100,66,64
2025-05-03,Fish Bun,120,83,74
2025-05-03,Fish Patty,110,57,56
2025-05-03,Mini Pizza,220,43,39
2025-05-03,Sausage Bun,140,63,58
2025-05-03,Vegetable Roti,100,55,55
2025-05-04,Chicken Bun,130,80,72
2025-05-04,Chicken Pastry,180,104,97
2025-05-04,Chicken Samosa,90,78,75
2025-05-04,Cream Bun,120,48,47
2025-05-04,Egg Roll,100,79,73
2025-05-04,Fish Bun,120,86,81
2025-05-04,Fish Patty,110,68,62
2025-05-04,Mini Pizza,220,58,54
2025-05-04,Sausage Bun,140,68,63
2025-05-04,Vegetable Roti,100,65,60
2025-05-05,Chicken Bun,130,57,55
2025-05-05,Chicken Pastry,180,82,79
2025-05-05,Chicken Samosa,90,65,62
2025-05-05,Cream Bun,120,39,36
2025-05-05,Egg Roll,100,59,57
2025-05-05,Fish Bun,120,71,70
2025-05-05,Fish Patty,110,52,51
2025-05-05,Mini Pizza,220,40,37
2025-05-05,Sausage Bun,140,60,55
2025-05-05,Vegetable Roti,100,57,51
2025-05-06,Chicken Bun,130,69,62
2025-05-06,Chicken Pastry,180,87,84
2025-05-06,Chicken Samosa,90,73,66
2025-05-06,Cream Bun,120,49,46
2025-05-06,Egg Roll,100,70,59
2025-05-06,Fish Bun,120,73,67
2025-05-06,Fish Patty,110,51,48
2025-05-06,Mini Pizza,220,44,41
2025-05-06,Sausage Bun,140,58,56
2025-05-06,Vegetable Roti,100,54,50
2025-05-07,Chicken Bun,130,66,62
2025-05-07,Chicken Pastry,180,86,80
2025-05-07,Chicken Samosa,90,66,61
2025-05-07,Cream Bun,120,45,41
2025-05-07,Egg Roll,100,60,54
2025-05-07,Fish Bun,120,66,60
2025-05-07,Fish Patty,110,51,47
2025-05-07,Mini Pizza,220,36,33
2025-05-07,Sausage Bun,140,61,57
2025-05-07,Vegetable Roti,100,63,59
2025-05-08,Chicken Bun,130,63,58
2025-05-08,Chicken Pastry,180,86,85
2025-05-08,Chicken Samosa,90,69,61
2025-05-08,Cream Bun,120,50,47
2025-05-08,Egg Roll,100,66,61
2025-05-08,Fish Bun,120,78,71
2025-05-08,Fish Patty,110,56,54
2025-05-08,Mini Pizza,220,37,37
2025-05-08,Sausage Bun,140,61,60
2025-05-08,Vegetable Roti,100,52,46
2025-05-09,Chicken Bun,130,70,64
2025-05-09,Chicken Pastry,180,111,102
2025-05-09,Chicken Samosa,90,78,74
2025-05-09,Cream Bun,120,50,46
2025-05-09,Egg Roll,100,64,62
2025-05-09,Fish Bun,120,74,69
2025-05-09,Fish Patty,110,53,50
2025-05-09,Mini Pizza,220,47,44
2025-05-09,Sausage Bun,140,71,62
2025-05-09,Vegetable Roti,100,60,53
2025-05-10,Chicken Bun,130,70,66
2025-05-10,Chicken Pastry,180,94,86
2025-05-10,Chicken Samosa,90,78,68
2025-05-10,Cream Bun,120,58,53
2025-05-10,Egg Roll,100,64,62
2025-05-10,Fish Bun,120,92,84
2025-05-10,Fish Patty,110,55,51
2025-05-10,Mini Pizza,220,47,43
2025-05-10,Sausage Bun,140,67,64
2025-05-10,Vegetable Roti,100,65,58
2025-05-11,Chicken Bun,130,68,62
2025-05-11,Chicken Pastry,180,129,112
2025-05-11,Chicken Samosa,90,73,71
2025-05-11,Cream Bun,120,58,53
2025-05-11,Egg Roll,100,75,68
2025-05-11,Fish Bun,120,80,73
2025-05-11,Fish Patty,110,63,58
2025-05-11,Mini Pizza,220,56,51
2025-05-11,Sausage Bun,140,71,65
2025-05-11,Vegetable Roti,100,65,58
2025-05-12,Chicken Bun,130,75,67
2025-05-12,Chicken Pastry,180,102,97
2025-05-12,Chicken Samosa,90,68,67
2025-05-12,Cream Bun,120,60,54
2025-05-12,Egg Roll,100,69,64
2025-05-12,Fish Bun,120,73,70
2025-05-12,Fish Patty,110,66,62
2025-05-12,Mini Pizza,220,56,48
2025-05-12,Sausage Bun,140,56,49
2025-05-12,Vegetable Roti,100,52,49
2025-05-13,Chicken Bun,130,84,75
2025-05-13,Chicken Pastry,180,101,94
2025-05-13,Chicken Samosa,90,74,71
2025-05-13,Cream Bun,120,51,51
2025-05-13,Egg Roll,100,66,62
2025-05-13,Fish Bun,120,91,81
2025-05-13,Fish Patty,110,61,55
2025-05-13,Mini Pizza,220,49,46
2025-05-13,Sausage Bun,140,64,61
2025-05-13,Vegetable Roti,100,65,61
2025-05-14,Chicken Bun,130,63,62
2025-05-14,Chicken Pastry,180,83,74
2025-05-14,Chicken Samosa,90,75,70
2025-05-14,Cream Bun,120,46,42
2025-05-14,Egg Roll,100,68,61
2025-05-14,Fish Bun,120,69,64
2025-05-14,Fish Patty,110,61,54
2025-05-14,Mini Pizza,220,42,39
2025-05-14,Sausage Bun,140,60,53
2025-05-14,Vegetable Roti,100,62,57
2025-05-15,Chicken Bun,130,69,64
2025-05-15,Chicken Pastry,180,92,83
2025-05-15,Chicken Samosa,90,63,59
2025-05-15,Cream Bun,120,50,45
2025-05-15,Egg Roll,100,65,60
2025-05-15,Fish Bun,120,66,62
2025-05-15,Fish Patty,110,50,45
2025-05-15,Mini Pizza,220,43,39
2025-05-15,Sausage Bun,140,55,52
2025-05-15,Vegetable Roti,100,61,60
2025-05-16,Chicken Bun,130,68,62
2025-05-16,Chicken Pastry,180,90,82
2025-05-16,Chicken Samosa,90,65,60
2025-05-16,Cream Bun,120,53,46
2025-05-16,Egg Roll,100,67,63
2025-05-16,Fish Bun,120,74,70
2025-05-16,Fish Patty,110,54,49
2025-05-16,Mini Pizza,220,38,36
2025-05-16,Sausage Bun,140,54,53
2025-05-16,Vegetable Roti,100,54,53
2025-05-17,Chicken Bun,130,64,60
2025-05-17,Chicken Pastry,180,102,90
2025-05-17,Chicken Samosa,90,69,63
2025-05-17,Cream Bun,120,42,39
2025-05-17,Egg Roll,100,56,55
2025-05-17,Fish Bun,120,87,75
2025-05-17,Fish Patty,110,54,49
2025-05-17,Mini Pizza,220,37,36
2025-05-17,Sausage Bun,140,64,59
2025-05-17,Vegetable Roti,100,60,59
2025-05-18,Chicken Bun,130,59,54
2025-05-18,Chicken Pastry,180,78,74
2025-05-18,Chicken Samosa,90,61,56
2025-05-18,Cream Bun,120,42,41
2025-05-18,Egg Roll,100,49,44
2025-05-18,Fish Bun,120,53,48
2025-05-18,Fish Patty,110,50,43
2025-05-18,Mini Pizza,220,50,44
2025-05-18,Sausage Bun,140,43,43
2025-05-18,Vegetable Roti,100,43,41
2025-05-19,Chicken Bun,130,54,50
2025-05-19,Chicken Pastry,180,70,65
2025-05-19,Chicken Samosa,90,81,76
2025-05-19,Cream Bun,120,40,38
2025-05-19,Egg Roll,100,52,51
2025-05-19,Fish Bun,120,80,74
2025-05-19,Fish Patty,110,44,42
2025-05-19,Mini Pizza,220,37,35
2025-05-19,Sausage Bun,140,57,53
2025-05-19,Vegetable Roti,100,60,56
2025-05-20,Chicken Bun,130,74,71
2025-05-20,Chicken Pastry,180,80,77
2025-05-20,Chicken Samosa,90,82,75
2025-05-20,Cream Bun,120,45,43
2025-05-20,Egg Roll,100,59,58
2025-05-20,Fish Bun,120,69,68
2025-05-20,Fish Patty,110,55,50
2025-05-20,Mini Pizza,220,44,41
2025-05-20,Sausage Bun,140,55,52
2025-05-20,Vegetable Roti,100,57,55
2025-05-21,Chicken Bun,130,67,62
2025-05-21,Chicken Pastry,180,80,75
2025-05-21,Chicken Samosa,90,70,64
2025-05-21,Cream Bun,120,47,45
2025-05-21,Egg Roll,100,51,49
2025-05-21,Fish Bun,120,72,65
2025-05-21,Fish Patty,110,63,56
2025-05-21,Mini Pizza,220,37,34
2025-05-21,Sausage Bun,140,51,47
2025-05-21,Vegetable Roti,100,56,51
2025-05-22,Chicken Bun,130,64,57
2025-05-22,Chicken Pastry,180,96,87
2025-05-22,Chicken Samosa,90,70,63
2025-05-22,Cream Bun,120,51,46
2025-05-22,Egg Roll,100,60,57
2025-05-22,Fish Bun,120,75,70
2025-05-22,Fish Patty,110,57,52
2025-05-22,Mini Pizza,220,46,42
2025-05-22,Sausage Bun,140,63,56
2025-05-22,Vegetable Roti,100,62,53
2025-05-23,Chicken Bun,130,67,62
2025-05-23,Chicken Pastry,180,84,80
2025-05-23,Chicken Samosa,90,69,67
2025-05-23,Cream Bun,120,47,45
2025-05-23,Egg Roll,100,65,62
2025-05-23,Fish Bun,120,72,71
2025-05-23,Fish Patty,110,57,53
2025-05-23,Mini Pizza,220,44,41
2025-05-23,Sausage Bun,140,62,62
2025-05-23,Vegetable Roti,100,57,53
2025-05-24,Chicken Bun,130,73,62
2025-05-24,Chicken Pastry,180,90,84
2025-05-24,Chicken Samosa,90,71,68
2025-05-24,Cream Bun,120,49,45
2025-05-24,Egg Roll,100,57,54
2025-05-24,Fish Bun,120,87,80
2025-05-24,Fish Patty,110,57,53
2025-05-24,Mini Pizza,220,48,45
2025-05-24,Sausage Bun,140,60,55
2025-05-24,Vegetable Roti,100,62,60
2025-05-25,Chicken Bun,130,64,63
2025-05-25,Chicken Pastry,180,99,89
2025-05-25,Chicken Samosa,90,80,74
2025-05-25,Cream Bun,120,58,53
2025-05-25,Egg Roll,100,76,72
2025-05-25,Fish Bun,120,75,75
2025-05-25,Fish Patty,110,61,57
2025-05-25,Mini Pizza,220,52,51
2025-05-25,Sausage Bun,140,69,65
2025-05-25,Vegetable Roti,100,66,58
2025-05-26,Chicken Bun,130,61,56
2025-05-26,Chicken Pastry,180,81,75
2025-05-26,Chicken Samosa,90,67,61
2025-05-26,Cream Bun,120,41,37
2025-05-26,Egg Roll,100,53,48
2025-05-26,Fish Bun,120,61,57
2025-05-26,Fish Patty,110,42,39
2025-05-26,Mini Pizza,220,37,33
2025-05-26,Sausage Bun,140,48,46
2025-05-26,Vegetable Roti,100,51,49
2025-05-27,Chicken Bun,130,58,54
2025-05-27,Chicken Pastry,180,79,74
2025-05-27,Chicken Samosa,90,70,66
2025-05-27,Cream Bun,120,50,45
2025-05-27,Egg Roll,100,59,59
2025-05-27,Fish Bun,120,71,66
2025-05-27,Fish Patty,110,49,44
2025-05-27,Mini Pizza,220,38,33
2025-05-27,Sausage Bun,140,59,54
2025-05-27,Vegetable Roti,100,56,52
2025-05-28,Chicken Bun,130,56,53
2025-05-28,Chicken Pastry,180,71,65
2025-05-28,Chicken Samosa,90,55,49
2025-05-28,Cream Bun,120,40,36
2025-05-28,Egg Roll,100,58,54
2025-05-28,Fish Bun,120,67,65
2025-05-28,Fish Patty,110,51,46
2025-05-28,Mini Pizza,220,38,36
2025-05-28,Sausage Bun,140,55,49
2025-05-28,Vegetable Roti,100,58,53
2025-05-29,Chicken Bun,130,62,56
2025-05-29,Chicken Pastry,180,73,70
2025-05-29,Chicken Samosa,90,61,57
2025-05-29,Cream Bun,120,42,39
2025-05-29,Egg Roll,100,62,57
2025-05-29,Fish Bun,120,66,62
2025-05-29,Fish Patty,110,49,46
2025-05-29,Mini Pizza,220,32,31
2025-05-29,Sausage Bun,140,55,50
2025-05-29,Vegetable Roti,100,60,55
2025-05-30,Chicken Bun,130,49,46
2025-05-30,Chicken Pastry,180,76,68
2025-05-30,Chicken Samosa,90,58,53
2025-05-30,Cream Bun,120,39,35
2025-05-30,Egg Roll,100,48,43
2025-05-30,Fish Bun,120,51,48
2025-05-30,Fish Patty,110,38,35
2025-05-30,Mini Pizza,220,39,36
2025-05-30,Sausage Bun,140,42,40
2025-05-30,Vegetable Roti,100,42,39
2025-05-31,Chicken Bun,130,66,60
2025-05-31,Chicken Pastry,180,79,74
2025-05-31,Chicken Samosa,90,66,64
2025-05-31,Cream Bun,120,44,40
2025-05-31,Egg Roll,100,60,58
2025-05-31,Fish Bun,120,82,73
2025-05-31,Fish Patty,110,49,46
2025-05-31,Mini Pizza,220,40,37
2025-05-31,Sausage Bun,140,54,51
2025-05-31,Vegetable Roti,100,61,57
2025-06-01,Chicken Bun,130,56,55
2025-06-01,Chicken Pastry,180,90,85
2025-06-01,Chicken Samosa,90,80,70
2025-06-01,Cream Bun,120,38,36
2025-06-01,Egg Roll,100,57,54
2025-06-01,Fish Bun,120,80,78
2025-06-01,Fish Patty,110,62,57
2025-06-01,Mini Pizza,220,33,31
2025-06-01,Sausage Bun,140,55,51
2025-06-01,Vegetable Roti,100,52,49
2025-06-02,Chicken Bun,130,65,62
2025-06-02,Chicken Pastry,180,75,71
2025-06-02,Chicken Samosa,90,69,67
2025-06-02,Cream Bun,120,42,40
2025-06-02,Egg Roll,100,58,51
2025-06-02,Fish Bun,120,69,64
2025-06-02,Fish Patty,110,62,57
2025-06-02,Mini Pizza,220,43,41
2025-06-02,Sausage Bun,140,71,64
2025-06-02,Vegetable Roti,100,57,53
2025-06-03,Chicken Bun,130,65,61
2025-06-03,Chicken Pastry,180,72,68
2025-06-03,Chicken Samosa,90,69,62
2025-06-03,Cream Bun,120,44,42
2025-06-03,Egg Roll,100,55,52
2025-06-03,Fish Bun,120,87,76
2025-06-03,Fish Patty,110,54,49
2025-06-03,Mini Pizza,220,40,37
2025-06-03,Sausage Bun,140,57,54
2025-06-03,Vegetable Roti,100,49,45
2025-06-04,Chicken Bun,130,63,58
2025-06-04,Chicken Pastry,180,76,73
2025-06-04,Chicken Samosa,90,59,52
2025-06-04,Cream Bun,120,53,47
2025-06-04,Egg Roll,100,59,55
2025-06-04,Fish Bun,120,69,67
2025-06-04,Fish Patty,110,60,55
2025-06-04,Mini Pizza,220,37,35
2025-06-04,Sausage Bun,140,56,55
2025-06-04,Vegetable Roti,100,63,58
2025-06-05,Chicken Bun,130,69,64
2025-06-05,Chicken Pastry,180,89,84
2025-06-05,Chicken Samosa,90,62,58
2025-06-05,Cream Bun,120,50,47
2025-06-05,Egg Roll,100,53,51
2025-06-05,Fish Bun,120,69,62
2025-06-05,Fish Patty,110,58,52
2025-06-05,Mini Pizza,220,38,36
2025-06-05,Sausage Bun,140,50,47
2025-06-05,Vegetable Roti,100,53,49
2025-06-06,Chicken Bun,130,65,62
2025-06-06,Chicken Pastry,180,103,90
2025-06-06,Chicken Samosa,90,78,69
2025-06-06,Cream Bun,120,51,48
2025-06-06,Egg Roll,100,61,55
2025-06-06,Fish Bun,120,63,61
2025-06-06,Fish Patty,110,61,55
2025-06-06,Mini Pizza,220,50,46
2025-06-06,Sausage Bun,140,59,56
2025-06-06,Vegetable Roti,100,56,53
2025-06-07,Chicken Bun,130,86,78
2025-06-07,Chicken Pastry,180,119,112
2025-06-07,Chicken Samosa,90,82,74
2025-06-07,Cream Bun,120,73,67
2025-06-07,Egg Roll,100,88,81
2025-06-07,Fish Bun,120,101,92
2025-06-07,Fish Patty,110,65,61
2025-06-07,Mini Pizza,220,61,54
2025-06-07,Sausage Bun,140,72,67
2025-06-07,Vegetable Roti,100,72,66
2025-06-08,Chicken Bun,130,76,70
2025-06-08,Chicken Pastry,180,107,98
2025-06-08,Chicken Samosa,90,82,81
2025-06-08,Cream Bun,120,53,49
2025-06-08,Egg Roll,100,66,58
2025-06-08,Fish Bun,120,80,76
2025-06-08,Fish Patty,110,66,62
2025-06-08,Mini Pizza,220,54,50
2025-06-08,Sausage Bun,140,70,66
2025-06-08,Vegetable Roti,100,65,58
2025-06-09,Chicken Bun,130,63,57
2025-06-09,Chicken Pastry,180,91,85
2025-06-09,Chicken Samosa,90,64,57
2025-06-09,Cream Bun,120,48,46
2025-06-09,Egg Roll,100,65,59
2025-06-09,Fish Bun,120,70,65
2025-06-09,Fish Patty,110,61,55
2025-06-09,Mini Pizza,220,44,40
2025-06-09,Sausage Bun,140,48,48
2025-06-09,Vegetable Roti,100,59,53
2025-06-10,Chicken Bun,130,59,55
2025-06-10,Chicken Pastry,180,80,71
2025-06-10,Chicken Samosa,90,59,56
2025-06-10,Cream Bun,120,45,45
2025-06-10,Egg Roll,100,52,47
2025-06-10,Fish Bun,120,64,61
2025-06-10,Fish Patty,110,44,42
2025-06-10,Mini Pizza,220,37,34
2025-06-10,Sausage Bun,140,52,46
2025-06-10,Vegetable Roti,100,45,44
2025-06-11,Chicken Bun,130,46,42
2025-06-11,Chicken Pastry,180,66,64
2025-06-11,Chicken Samosa,90,48,47
2025-06-11,Cream Bun,120,39,35
2025-06-11,Egg Roll,100,44,42
2025-06-11,Fish Bun,120,55,50
2025-06-11,Fish Patty,110,36,35
2025-06-11,Mini Pizza,220,35,33
2025-06-11,Sausage Bun,140,42,40
2025-06-11,Vegetable Roti,100,46,42
2025-06-12,Chicken Bun,130,53,50
2025-06-12,Chicken Pastry,180,67,60
2025-06-12,Chicken Samosa,90,60,55
2025-06-12,Cream Bun,120,36,33
2025-06-12,Egg Roll,100,39,37
2025-06-12,Fish Bun,120,60,54
2025-06-12,Fish Patty,110,42,38
2025-06-12,Mini Pizza,220,37,34
2025-06-12,Sausage Bun,140,39,37
2025-06-12,Vegetable Roti,100,51,45
2025-06-13,Chicken Bun,130,45,41
2025-06-13,Chicken Pastry,180,72,65
2025-06-13,Chicken Samosa,90,64,58
2025-06-13,Cream Bun,120,41,37
2025-06-13,Egg Roll,100,55,50
2025-06-13,Fish Bun,120,63,56
2025-06-13,Fish Patty,110,44,41
2025-06-13,Mini Pizza,220,34,32
2025-06-13,Sausage Bun,140,42,40
2025-06-13,Vegetable Roti,100,45,43
2025-06-14,Chicken Bun,130,50,49
2025-06-14,Chicken Pastry,180,79,76
2025-06-14,Chicken Samosa,90,73,67
2025-06-14,Cream Bun,120,46,43
2025-06-14,Egg Roll,100,52,47
2025-06-14,Fish Bun,120,68,64
2025-06-14,Fish Patty,110,50,46
2025-06-14,Mini Pizza,220,36,34
2025-06-14,Sausage Bun,140,52,47
2025-06-14,Vegetable Roti,100,59,52
2025-06-15,Chicken Bun,130,52,51
2025-06-15,Chicken Pastry,180,72,67
2025-06-15,Chicken Samosa,90,64,57
2025-06-15,Cream Bun,120,45,38
2025-06-15,Egg Roll,100,47,41
2025-06-15,Fish Bun,120,67,60
2025-06-15,Fish Patty,110,41,37
2025-06-15,Mini Pizza,220,40,35
2025-06-15,Sausage Bun,140,48,46
2025-06-15,Vegetable Roti,100,48,45
2025-06-16,Chicken Bun,130,41,37
2025-06-16,Chicken Pastry,180,71,63
2025-06-16,Chicken Samosa,90,61,56
2025-06-16,Cream Bun,120,35,33
2025-06-16,Egg Roll,100,50,44
2025-06-16,Fish Bun,120,56,52
2025-06-16,Fish Patty,110,41,40
2025-06-16,Mini Pizza,220,37,32
2025-06-16,Sausage Bun,140,50,44
2025-06-16,Vegetable Roti,100,48,45
2025-06-17,Chicken Bun,130,63,59
2025-06-17,Chicken Pastry,180,90,87
2025-06-17,Chicken Samosa,90,74,69
2025-06-17,Cream Bun,120,46,42
2025-06-17,Egg Roll,100,59,55
2025-06-17,Fish Bun,120,75,75
2025-06-17,Fish Patty,110,66,59
2025-06-17,Mini Pizza,220,47,43
2025-06-17,Sausage Bun,140,57,56
2025-06-17,Vegetable Roti,100,54,51
2025-06-18,Chicken Bun,130,68,64
2025-06-18,Chicken Pastry,180,90,78
2025-06-18,Chicken Samosa,90,76,66
2025-06-18,Cream Bun,120,51,45
2025-06-18,Egg Roll,100,59,53
2025-06-18,Fish Bun,120,74,67
2025-06-18,Fish Patty,110,48,45
2025-06-18,Mini Pizza,220,43,40
2025-06-18,Sausage Bun,140,60,54
2025-06-18,Vegetable Roti,100,49,46
2025-06-19,Chicken Bun,130,63,59
2025-06-19,Chicken Pastry,180,80,76
2025-06-19,Chicken Samosa,90,63,58
2025-06-19,Cream Bun,120,50,46
2025-06-19,Egg Roll,100,64,60
2025-06-19,Fish Bun,120,69,62
2025-06-19,Fish Patty,110,56,52
2025-06-19,Mini Pizza,220,43,39
2025-06-19,Sausage Bun,140,61,56
2025-06-19,Vegetable Roti,100,46,44
2025-06-20,Chicken Bun,130,49,49
2025-06-20,Chicken Pastry,180,93,83
2025-06-20,Chicken Samosa,90,58,56
2025-06-20,Cream Bun,120,48,41
2025-06-20,Egg Roll,100,54,51
2025-06-20,Fish Bun,120,72,69
2025-06-20,Fish Patty,110,47,45
2025-06-20,Mini Pizza,220,38,37
2025-06-20,Sausage Bun,140,63,60
2025-06-20,Vegetable Roti,100,56,52
2025-06-21,Chicken Bun,130,61,60
2025-06-21,Chicken Pastry,180,89,83
2025-06-21,Chicken Samosa,90,66,61
2025-06-21,Cream Bun,120,47,45
2025-06-21,Egg Roll,100,61,56
2025-06-21,Fish Bun,120,81,73
2025-06-21,Fish Patty,110,51,46
2025-06-21,Mini Pizza,220,47,42
2025-06-21,Sausage Bun,140,67,63
2025-06-21,Vegetable Roti,100,52,50
2025-06-22,Chicken Bun,130,73,66
2025-06-22,Chicken Pastry,180,98,90
2025-06-22,Chicken Samosa,90,74,69
2025-06-22,Cream Bun,120,56,52
2025-06-22,Egg Roll,100,65,61
2025-06-22,Fish Bun,120,78,75
2025-06-22,Fish Patty,110,60,55
2025-06-22,Mini Pizza,220,42,41
2025-06-22,Sausage Bun,140,65,58
2025-06-22,Vegetable Roti,100,62,56
2025-06-23,Chicken Bun,130,62,61
2025-06-23,Chicken Pastry,180,78,71
2025-06-23,Chicken Samosa,90,64,57
2025-06-23,Cream Bun,120,44,41
2025-06-23,Egg Roll,100,58,58
2025-06-23,Fish Bun,120,75,73
2025-06-23,Fish Patty,110,52,48
2025-06-23,Mini Pizza,220,37,35
2025-06-23,Sausage Bun,140,62,60
2025-06-23,Vegetable Roti,100,57,50
2025-06-24,Chicken Bun,130,58,55
2025-06-24,Chicken Pastry,180,76,72
2025-06-24,Chicken Samosa,90,68,64
2025-06-24,Cream Bun,120,42,36
2025-06-24,Egg Roll,100,51,49
2025-06-24,Fish Bun,120,65,61
2025-06-24,Fish Patty,110,48,44
2025-06-24,Mini Pizza,220,30,29
2025-06-24,Sausage Bun,140,58,56
2025-06-24,Vegetable Roti,100,51,48
2025-06-25,Chicken Bun,130,56,54
2025-06-25,Chicken Pastry,180,87,76
2025-06-25,Chicken Samosa,90,66,63
2025-06-25,Cream Bun,120,39,37
2025-06-25,Egg Roll,100,58,55
2025-06-25,Fish Bun,120,72,65
2025-06-25,Fish Patty,110,56,53
2025-06-25,Mini Pizza,220,35,32
2025-06-25,Sausage Bun,140,45,42
2025-06-25,Vegetable Roti,100,58,55
2025-06-26,Chicken Bun,130,74,64
2025-06-26,Chicken Pastry,180,84,78
2025-06-26,Chicken Samosa,90,62,57
2025-06-26,Cream Bun,120,46,43
2025-06-26,Egg Roll,100,54,52
2025-06-26,Fish Bun,120,79,75
2025-06-26,Fish Patty,110,57,51
2025-06-26,Mini Pizza,220,43,39
2025-06-26,Sausage Bun,140,54,49
2025-06-26,Vegetable Roti,100,51,47
2025-06-27,Chicken Bun,130,59,57
2025-06-27,Chicken Pastry,180,90,83
2025-06-27,Chicken Samosa,90,68,65
2025-06-27,Cream Bun,120,48,43
2025-06-27,Egg Roll,100,68,65
2025-06-27,Fish Bun,120,73,65
2025-06-27,Fish Patty,110,54,53
2025-06-27,Mini Pizza,220,43,38
2025-06-27,Sausage Bun,140,50,47
2025-06-27,Vegetable Roti,100,56,56
2025-06-28,Chicken Bun,130,69,64
2025-06-28,Chicken Pastry,180,101,89
2025-06-28,Chicken Samosa,90,73,69
2025-06-28,Cream Bun,120,59,51
2025-06-28,Egg Roll,100,63,59
2025-06-28,Fish Bun,120,83,79
2025-06-28,Fish Patty,110,59,52
2025-06-28,Mini Pizza,220,48,45
2025-06-28,Sausage Bun,140,67,60
2025-06-28,Vegetable Roti,100,55,54
2025-06-29,Chicken Bun,130,72,66
2025-06-29,Chicken Pastry,180,106,95
2025-06-29,Chicken Samosa,90,72,65
2025-06-29,Cream Bun,120,67,61
2025-06-29,Egg Roll,100,69,66
2025-06-29,Fish Bun,120,78,72
2025-06-29,Fish Patty,110,56,55
2025-06-29,Mini Pizza,220,57,51
2025-06-29,Sausage Bun,140,71,68
2025-06-29,Vegetable Roti,100,67,62
2025-06-30,Chicken Bun,130,70,63
2025-06-30,Chicken Pastry,180,98,90
2025-06-30,Chicken Samosa,90,76,66
2025-06-30,Cream Bun,120,45,44
2025-06-30,Egg Roll,100,72,65
2025-06-30,Fish Bun,120,71,68
2025-06-30,Fish Patty,110,56,52
2025-06-30,Mini Pizza,220,44,41
2025-06-30,Sausage Bun,140,58,57
2025-06-30,Vegetable Roti,100,59,55
2025-07-01,Chicken Bun,130,71,66
2025-07-01,Chicken Pastry,180,86,74
2025-07-01,Chicken Samosa,90,70,65
2025-07-01,Cream Bun,120,57,51
2025-07-01,Egg Roll,100,58,52
2025-07-01,Fish Bun,120,75,69
2025-07-01,Fish Patty,110,49,45
2025-07-01,Mini Pizza,220,47,43
2025-07-01,Sausage Bun,140,62,55
2025-07-01,Vegetable Roti,100,59,55
2025-07-02,Chicken Bun,130,58,58
2025-07-02,Chicken Pastry,180,72,67
2025-07-02,Chicken Samosa,90,58,54
2025-07-02,Cream Bun,120,55,49
2025-07-02,Egg Roll,100,71,64
2025-07-02,Fish Bun,120,70,62
2025-07-02,Fish Patty,110,56,49
2025-07-02,Mini Pizza,220,48,44
2025-07-02,Sausage Bun,140,70,63
2025-07-02,Vegetable Roti,100,55,53
2025-07-03,Chicken Bun,130,72,63
2025-07-03,Chicken Pastry,180,92,86
2025-07-03,Chicken Samosa,90,68,62
2025-07-03,Cream Bun,120,43,39
2025-07-03,Egg Roll,100,60,52
2025-07-03,Fish Bun,120,71,68
2025-07-03,Fish Patty,110,54,52
2025-07-03,Mini Pizza,220,51,44
2025-07-03,Sausage Bun,140,63,57
2025-07-03,Vegetable Roti,100,66,61
2025-07-04,Chicken Bun,130,72,65
2025-07-04,Chicken Pastry,180,92,87
2025-07-04,Chicken Samosa,90,78,70
2025-07-04,Cream Bun,120,47,44
2025-07-04,Egg Roll,100,63,60
2025-07-04,Fish Bun,120,79,72
2025-07-04,Fish Patty,110,53,49
2025-07-04,Mini Pizza,220,46,43
2025-07-04,Sausage Bun,140,69,64
2025-07-04,Vegetable Roti,100,56,53
2025-07-05,Chicken Bun,130,70,64
2025-07-05,Chicken Pastry,180,113,105
2025-07-05,Chicken Samosa,90,76,70
2025-07-05,Cream Bun,120,67,57
2025-07-05,Egg Roll,100,71,67
2025-07-05,Fish Bun,120,84,73
2025-07-05,Fish Patty,110,71,63
2025-07-05,Mini Pizza,220,53,51
2025-07-05,Sausage Bun,140,68,60
2025-07-05,Vegetable Roti,100,69,65
2025-07-06,Chicken Bun,130,59,56
2025-07-06,Chicken Pastry,180,86,79
2025-07-06,Chicken Samosa,90,66,60
2025-07-06,Cream Bun,120,51,46
2025-07-06,Egg Roll,100,60,56
2025-07-06,Fish Bun,120,85,78
2025-07-06,Fish Patty,110,62,57
2025-07-06,Mini Pizza,220,45,41
2025-07-06,Sausage Bun,140,71,62
2025-07-06,Vegetable Roti,100,60,55
2025-07-07,Chicken Bun,130,67,63
2025-07-07,Chicken Pastry,180,84,78
2025-07-07,Chicken Samosa,90,74,66
2025-07-07,Cream Bun,120,51,45
2025-07-07,Egg Roll,100,59,54
2025-07-07,Fish Bun,120,94,86
2025-07-07,Fish Patty,110,67,60
2025-07-07,Mini Pizza,220,53,49
2025-07-07,Sausage Bun,140,58,58
2025-07-07,Vegetable Roti,100,54,52
2025-07-08,Chicken Bun,130,63,59
2025-07-08,Chicken Pastry,180,95,86
2025-07-08,Chicken Samosa,90,83,73
2025-07-08,Cream Bun,120,46,45
2025-07-08,Egg Roll,100,66,58
2025-07-08,Fish Bun,120,69,67
2025-07-08,Fish Patty,110,60,56
2025-07-08,Mini Pizza,220,46,41
2025-07-08,Sausage Bun,140,58,53
2025-07-08,Vegetable Roti,100,54,51
2025-07-09,Chicken Bun,130,70,65
2025-07-09,Chicken Pastry,180,97,90
2025-07-09,Chicken Samosa,90,67,62
2025-07-09,Cream Bun,120,45,43
2025-07-09,Egg Roll,100,67,60
2025-07-09,Fish Bun,120,71,66
2025-07-09,Fish Patty,110,62,55
2025-07-09,Mini Pizza,220,43,42
2025-07-09,Sausage Bun,140,58,53
2025-07-09,Vegetable Roti,100,60,56
2025-07-10,Chicken Bun,130,58,57
2025-07-10,Chicken Pastry,180,91,83
2025-07-10,Chicken Samosa,90,86,79
2025-07-10,Cream Bun,120,48,46
2025-07-10,Egg Roll,100,66,60
2025-07-10,Fish Bun,120,77,73
2025-07-10,Fish Patty,110,59,56
2025-07-10,Mini Pizza,220,41,38
2025-07-10,Sausage Bun,140,65,57
2025-07-10,Vegetable Roti,100,57,53
2025-07-11,Chicken Bun,130,63,56
2025-07-11,Chicken Pastry,180,86,80
2025-07-11,Chicken Samosa,90,82,74
2025-07-11,Cream Bun,120,46,42
2025-07-11,Egg Roll,100,57,54
2025-07-11,Fish Bun,120,81,71
2025-07-11,Fish Patty,110,49,46
2025-07-11,Mini Pizza,220,37,35
2025-07-11,Sausage Bun,140,52,48
2025-07-11,Vegetable Roti,100,52,48
2025-07-12,Chicken Bun,130,74,70
2025-07-12,Chicken Pastry,180,106,89
2025-07-12,Chicken Samosa,90,82,76
2025-07-12,Cream Bun,120,55,50
2025-07-12,Egg Roll,100,57,53
2025-07-12,Fish Bun,120,78,70
2025-07-12,Fish Patty,110,58,54
2025-07-12,Mini Pizza,220,50,45
2025-07-12,Sausage Bun,140,56,53
2025-07-12,Vegetable Roti,100,56,51
2025-07-13,Chicken Bun,130,54,51
2025-07-13,Chicken Pastry,180,89,85
2025-07-13,Chicken Samosa,90,72,66
2025-07-13,Cream Bun,120,48,43
2025-07-13,Egg Roll,100,62,58
2025-07-13,Fish Bun,120,80,75
2025-07-13,Fish Patty,110,55,50
2025-07-13,Mini Pizza,220,46,43
2025-07-13,Sausage Bun,140,59,56
2025-07-13,Vegetable Roti,100,61,58
2025-07-14,Chicken Bun,130,65,59
2025-07-14,Chicken Pastry,180,81,76
2025-07-14,Chicken Samosa,90,61,58
2025-07-14,Cream Bun,120,51,48
2025-07-14,Egg Roll,100,60,55
2025-07-14,Fish Bun,120,64,62
2025-07-14,Fish Patty,110,58,52
2025-07-14,Mini Pizza,220,46,40
2025-07-14,Sausage Bun,140,50,49
2025-07-14,Vegetable Roti,100,52,47
2025-07-15,Chicken Bun,130,55,51
2025-07-15,Chicken Pastry,180,79,70
2025-07-15,Chicken Samosa,90,56,52
2025-07-15,Cream Bun,120,33,31
2025-07-15,Egg Roll,100,65,60
2025-07-15,Fish Bun,120,59,58
2025-07-15,Fish Patty,110,50,49
2025-07-15,Mini Pizza,220,31,30
2025-07-15,Sausage Bun,140,51,48
2025-07-15,Vegetable Roti,100,56,52
2025-07-16,Chicken Bun,130,49,44
2025-07-16,Chicken Pastry,180,64,62
2025-07-16,Chicken Samosa,90,58,52
2025-07-16,Cream Bun,120,40,36
2025-07-16,Egg Roll,100,41,41
2025-07-16,Fish Bun,120,58,54
2025-07-16,Fish Patty,110,41,39
2025-07-16,Mini Pizza,220,30,28
2025-07-16,Sausage Bun,140,47,43
2025-07-16,Vegetable Roti,100,47,45
2025-07-17,Chicken Bun,130,70,63
2025-07-17,Chicken Pastry,180,86,79
2025-07-17,Chicken Samosa,90,73,65
2025-07-17,Cream Bun,120,45,42
2025-07-17,Egg Roll,100,62,56
2025-07-17,Fish Bun,120,78,70
2025-07-17,Fish Patty,110,47,42
2025-07-17,Mini Pizza,220,49,44
2025-07-17,Sausage Bun,140,62,55
2025-07-17,Vegetable Roti,100,48,47
2025-07-18,Chicken Bun,130,57,56
2025-07-18,Chicken Pastry,180,66,62
2025-07-18,Chicken Samosa,90,58,52
2025-07-18,Cream Bun,120,34,32
2025-07-18,Egg Roll,100,49,47
2025-07-18,Fish Bun,120,63,60
2025-07-18,Fish Patty,110,50,49
2025-07-18,Mini Pizza,220,33,31
2025-07-18,Sausage Bun,140,53,49
2025-07-18,Vegetable Roti,100,56,51
2025-07-19,Chicken Bun,130,57,52
2025-07-19,Chicken Pastry,180,86,76
2025-07-19,Chicken Samosa,90,59,51
2025-07-19,Cream Bun,120,41,38
2025-07-19,Egg Roll,100,46,42
2025-07-19,Fish Bun,120,59,59
2025-07-19,Fish Patty,110,42,38
2025-07-19,Mini Pizza,220,32,31
2025-07-19,Sausage Bun,140,45,42
2025-07-19,Vegetable Roti,100,45,42
2025-07-20,Chicken Bun,130,55,54
2025-07-20,Chicken Pastry,180,64,62
2025-07-20,Chicken Samosa,90,56,51
2025-07-20,Cream Bun,120,46,43
2025-07-20,Egg Roll,100,52,47
2025-07-20,Fish Bun,120,66,58
2025-07-20,Fish Patty,110,44,42
2025-07-20,Mini Pizza,220,40,36
2025-07-20,Sausage Bun,140,47,46
2025-07-20,Vegetable Roti,100,45,42
2025-07-21,Chicken Bun,130,52,45
2025-07-21,Chicken Pastry,180,65,60
2025-07-21,Chicken Samosa,90,47,46
2025-07-21,Cream Bun,120,36,32
2025-07-21,Egg Roll,100,48,44
2025-07-21,Fish Bun,120,51,47
2025-07-21,Fish Patty,110,43,40
2025-07-21,Mini Pizza,220,36,34
2025-07-21,Sausage Bun,140,43,39
2025-07-21,Vegetable Roti,100,40,37
2025-07-22,Chicken Bun,130,46,44
2025-07-22,Chicken Pastry,180,67,61
2025-07-22,Chicken Samosa,90,57,50
2025-07-22,Cream Bun,120,35,31
2025-07-22,Egg Roll,100,41,38
2025-07-22,Fish Bun,120,54,50
2025-07-22,Fish Patty,110,38,37
2025-07-22,Mini Pizza,220,33,30
2025-07-22,Sausage Bun,140,41,41
2025-07-22,Vegetable Roti,100,42,39
2025-07-23,Chicken Bun,130,47,46
2025-07-23,Chicken Pastry,180,66,60
2025-07-23,Chicken Samosa,90,55,51
2025-07-23,Cream Bun,120,35,33
2025-07-23,Egg Roll,100,41,39
2025-07-23,Fish Bun,120,67,61
2025-07-23,Fish Patty,110,47,44
2025-07-23,Mini Pizza,220,35,33
2025-07-23,Sausage Bun,140,47,43
2025-07-23,Vegetable Roti,100,52,49
2025-07-24,Chicken Bun,130,44,40
2025-07-24,Chicken Pastry,180,66,59
2025-07-24,Chicken Samosa,90,54,48
2025-07-24,Cream Bun,120,35,33
2025-07-24,Egg Roll,100,48,45
2025-07-24,Fish Bun,120,56,52
2025-07-24,Fish Patty,110,45,42
2025-07-24,Mini Pizza,220,28,27
2025-07-24,Sausage Bun,140,43,39
2025-07-24,Vegetable Roti,100,36,35
2025-07-25,Chicken Bun,130,55,50
2025-07-25,Chicken Pastry,180,86,82
2025-07-25,Chicken Samosa,90,73,66
2025-07-25,Cream Bun,120,45,40
2025-07-25,Egg Roll,100,61,56
2025-07-25,Fish Bun,120,77,75
2025-07-25,Fish Patty,110,53,48
2025-07-25,Mini Pizza,220,40,37
2025-07-25,Sausage Bun,140,60,53
2025-07-25,Vegetable Roti,100,54,49
2025-07-26,Chicken Bun,130,61,58
2025-07-26,Chicken Pastry,180,74,74
2025-07-26,Chicken Samosa,90,66,63
2025-07-26,Cream Bun,120,39,37
2025-07-26,Egg Roll,100,47,42
2025-07-26,Fish Bun,120,64,57
2025-07-26,Fish Patty,110,39,37
2025-07-26,Mini Pizza,220,41,36
2025-07-26,Sausage Bun,140,55,51
2025-07-26,Vegetable Roti,100,53,50
2025-07-27,Chicken Bun,130,76,67
2025-07-27,Chicken Pastry,180,99,88
2025-07-27,Chicken Samosa,90,85,72
2025-07-27,Cream Bun,120,57,53
2025-07-27,Egg Roll,100,57,55
2025-07-27,Fish Bun,120,80,78
2025-07-27,Fish Patty,110,54,52
2025-07-27,Mini Pizza,220,58,53
2025-07-27,Sausage Bun,140,71,66
2025-07-27,Vegetable Roti,100,53,53
2025-07-28,Chicken Bun,130,73,67
2025-07-28,Chicken Pastry,180,98,94
2025-07-28,Chicken Samosa,90,79,73
2025-07-28,Cream Bun,120,52,49
2025-07-28,Egg Roll,100,63,61
2025-07-28,Fish Bun,120,78,74
2025-07-28,Fish Patty,110,63,57
2025-07-28,Mini Pizza,220,47,44
2025-07-28,Sausage Bun,140,69,62
2025-07-28,Vegetable Roti,100,56,51
2025-07-29,Chicken Bun,130,72,64
2025-07-29,Chicken Pastry,180,95,87
2025-07-29,Chicken Samosa,90,75,67
2025-07-29,Cream Bun,120,49,45
2025-07-29,Egg Roll,100,65,60
2025-07-29,Fish Bun,120,74,70
2025-07-29,Fish Patty,110,55,50
2025-07-29,Mini Pizza,220,44,40
2025-07-29,Sausage Bun,140,62,57
2025-07-29,Vegetable Roti,100,69,62
2025-07-30,Chicken Bun,130,69,65
2025-07-30,Chicken Pastry,180,93,87
2025-07-30,Chicken Samosa,90,69,61
2025-07-30,Cream Bun,120,57,52
2025-07-30,Egg Roll,100,72,64
2025-07-30,Fish Bun,120,79,75
2025-07-30,Fish Patty,110,55,51
2025-07-30,Mini Pizza,220,45,43
2025-07-30,Sausage Bun,140,62,54
2025-07-30,Vegetable Roti,100,66,60
2025-07-31,Chicken Bun,130,73,68
2025-07-31,Chicken Pastry,180,106,95
2025-07-31,Chicken Samosa,90,68,64
2025-07-31,Cream Bun,120,48,44
2025-07-31,Egg Roll,100,65,60
2025-07-31,Fish Bun,120,85,76
2025-07-31,Fish Patty,110,54,49
2025-07-31,Mini Pizza,220,47,44
2025-07-31,Sausage Bun,140,55,53
2025-07-31,Vegetable Roti,100,62,56
2025-08-01,Chicken Bun,130,61,56
2025-08-01,Chicken Pastry,180,91,82
2025-08-01,Chicken Samosa,90,66,61
2025-08-01,Cream Bun,120,42,36
2025-08-01,Egg Roll,100,57,52
2025-08-01,Fish Bun,120,66,64
2025-08-01,Fish Patty,110,54,49
2025-08-01,Mini Pizza,220,37,35
2025-08-01,Sausage Bun,140,54,50
2025-08-01,Vegetable Roti,100,56,52
2025-08-02,Chicken Bun,130,80,72
2025-08-02,Chicken Pastry,180,94,86
2025-08-02,Chicken Samosa,90,80,74
2025-08-02,Cream Bun,120,56,53
2025-08-02,Egg Roll,100,72,65
2025-08-02,Fish Bun,120,75,66
2025-08-02,Fish Patty,110,75,61
2025-08-02,Mini Pizza,220,45,43
2025-08-02,Sausage Bun,140,68,65
2025-08-02,Vegetable Roti,100,53,50
2025-08-03,Chicken Bun,130,53,50
2025-08-03,Chicken Pastry,180,79,73
2025-08-03,Chicken Samosa,90,66,61
2025-08-03,Cream Bun,120,47,45
2025-08-03,Egg Roll,100,51,49
2025-08-03,Fish Bun,120,64,61
2025-08-03,Fish Patty,110,55,50
2025-08-03,Mini Pizza,220,45,41
2025-08-03,Sausage Bun,140,55,51
2025-08-03,Vegetable Roti,100,51,49
2025-08-04,Chicken Bun,130,63,59
2025-08-04,Chicken Pastry,180,93,86
2025-08-04,Chicken Samosa,90,74,68
2025-08-04,Cream Bun,120,45,41
2025-08-04,Egg Roll,100,66,63
2025-08-04,Fish Bun,120,71,63
2025-08-04,Fish Patty,110,49,48
2025-08-04,Mini Pizza,220,43,42
2025-08-04,Sausage Bun,140,69,62
2025-08-04,Vegetable Roti,100,57,53
2025-08-05,Chicken Bun,130,58,53
2025-08-05,Chicken Pastry,180,94,82
2025-08-05,Chicken Samosa,90,68,63
2025-08-05,Cream Bun,120,43,41
2025-08-05,Egg Roll,100,56,51
2025-08-05,Fish Bun,120,63,63
2025-08-05,Fish Patty,110,48,45
2025-08-05,Mini Pizza,220,40,37
2025-08-05,Sausage Bun,140,56,51
2025-08-05,Vegetable Roti,100,55,53
2025-08-06,Chicken Bun,130,68,61
2025-08-06,Chicken Pastry,180,84,80
2025-08-06,Chicken Samosa,90,68,61
2025-08-06,Cream Bun,120,61,54
2025-08-06,Egg Roll,100,56,53
2025-08-06,Fish Bun,120,80,69
2025-08-06,Fish Patty,110,61,57
2025-08-06,Mini Pizza,220,47,43
2025-08-06,Sausage Bun,140,61,57
2025-08-06,Vegetable Roti,100,59,55
2025-08-07,Chicken Bun,130,73,66
2025-08-07,Chicken Pastry,180,90,83
2025-08-07,Chicken Samosa,90,69,64
2025-08-07,Cream Bun,120,54,47
2025-08-07,Egg Roll,100,51,48
2025-08-07,Fish Bun,120,67,62
2025-08-07,Fish Patty,110,64,58
2025-08-07,Mini Pizza,220,44,41
2025-08-07,Sausage Bun,140,55,52
2025-08-07,Vegetable Roti,100,56,51
2025-08-08,Chicken Bun,130,71,69
2025-08-08,Chicken Pastry,180,105,92
2025-08-08,Chicken Samosa,90,66,61
2025-08-08,Cream Bun,120,68,63
2025-08-08,Egg Roll,100,68,66
2025-08-08,Fish Bun,120,78,71
2025-08-08,Fish Patty,110,64,60
2025-08-08,Mini Pizza,220,54,47
2025-08-08,Sausage Bun,140,69,65
2025-08-08,Vegetable Roti,100,58,55
2025-08-09,Chicken Bun,130,70,65
2025-08-09,Chicken Pastry,180,93,87
2025-08-09,Chicken Samosa,90,86,79
2025-08-09,Cream Bun,120,55,51
2025-08-09,Egg Roll,100,63,63
2025-08-09,Fish Bun,120,77,74
2025-08-09,Fish Patty,110,58,51
2025-08-09,Mini Pizza,220,59,53
2025-08-09,Sausage Bun,140,80,69
2025-08-09,Vegetable Roti,100,61,57
2025-08-10,Chicken Bun,130,75,69
2025-08-10,Chicken Pastry,180,120,108
2025-08-10,Chicken Samosa,90,78,70
2025-08-10,Cream Bun,120,57,54
2025-08-10,Egg Roll,100,59,54
2025-08-10,Fish Bun,120,85,78
2025-08-10,Fish Patty,110,59,57
2025-08-10,Mini Pizza,220,55,53
2025-08-10,Sausage Bun,140,72,67
2025-08-10,Vegetable Roti,100,53,52
2025-08-11,Chicken Bun,130,67,60
2025-08-11,Chicken Pastry,180,94,89
2025-08-11,Chicken Samosa,90,72,64
2025-08-11,Cream Bun,120,46,43
2025-08-11,Egg Roll,100,56,54
2025-08-11,Fish Bun,120,70,67
2025-08-11,Fish Patty,110,52,48
2025-08-11,Mini Pizza,220,45,42
2025-08-11,Sausage Bun,140,54,52
2025-08-11,Vegetable Roti,100,58,53
2025-08-12,Chicken Bun,130,56,55
2025-08-12,Chicken Pastry,180,87,85
2025-08-12,Chicken Samosa,90,67,61
2025-08-12,Cream Bun,120,43,40
2025-08-12,Egg Roll,100,57,52
2025-08-12,Fish Bun,120,76,70
2025-08-12,Fish Patty,110,54,51
2025-08-12,Mini Pizza,220,42,39
2025-08-12,Sausage Bun,140,52,47
2025-08-12,Vegetable Roti,100,51,45
2025-08-13,Chicken Bun,130,65,61
2025-08-13,Chicken Pastry,180,69,66
2025-08-13,Chicken Samosa,90,58,53
2025-08-13,Cream Bun,120,41,35
2025-08-13,Egg Roll,100,54,50
2025-08-13,Fish Bun,120,63,59
2025-08-13,Fish Patty,110,51,47
2025-08-13,Mini Pizza,220,33,29
2025-08-13,Sausage Bun,140,51,47
2025-08-13,Vegetable Roti,100,50,49
2025-08-14,Chicken Bun,130,61,61
2025-08-14,Chicken Pastry,180,83,77
2025-08-14,Chicken Samosa,90,60,56
2025-08-14,Cream Bun,120,48,45
2025-08-14,Egg Roll,100,56,54
2025-08-14,Fish Bun,120,68,60
2025-08-14,Fish Patty,110,57,51
2025-08-14,Mini Pizza,220,36,33
2025-08-14,Sausage Bun,140,56,52
2025-08-14,Vegetable Roti,100,61,57
2025-08-15,Chicken Bun,130,63,60
2025-08-15,Chicken Pastry,180,83,74
2025-08-15,Chicken Samosa,90,66,61
2025-08-15,Cream Bun,120,38,35
2025-08-15,Egg Roll,100,60,56
2025-08-15,Fish Bun,120,69,61
2025-08-15,Fish Patty,110,52,49
2025-08-15,Mini Pizza,220,37,34
2025-08-15,Sausage Bun,140,52,48
2025-08-15,Vegetable Roti,100,47,46
2025-08-16,Chicken Bun,130,67,63
2025-08-16,Chicken Pastry,180,79,72
2025-08-16,Chicken Samosa,90,70,65
2025-08-16,Cream Bun,120,56,49
2025-08-16,Egg Roll,100,63,59
2025-08-16,Fish Bun,120,80,72
2025-08-16,Fish Patty,110,56,52
2025-08-16,Mini Pizza,220,35,34
2025-08-16,Sausage Bun,140,67,59
2025-08-16,Vegetable Roti,100,62,58
2025-08-17,Chicken Bun,130,61,57
2025-08-17,Chicken Pastry,180,79,77
2025-08-17,Chicken Samosa,90,74,70
2025-08-17,Cream Bun,120,49,44
2025-08-17,Egg Roll,100,67,60
2025-08-17,Fish Bun,120,87,75
2025-08-17,Fish Patty,110,58,50
2025-08-17,Mini Pizza,220,39,36
2025-08-17,Sausage Bun,140,52,49
2025-08-17,Vegetable Roti,100,57,54
2025-08-18,Chicken Bun,130,53,49
2025-08-18,Chicken Pastry,180,87,80
2025-08-18,Chicken Samosa,90,62,57
2025-08-18,Cream Bun,120,34,32
2025-08-18,Egg Roll,100,57,52
2025-08-18,Fish Bun,120,83,76
2025-08-18,Fish Patty,110,50,47
2025-08-18,Mini Pizza,220,33,31
2025-08-18,Sausage Bun,140,55,51
2025-08-18,Vegetable Roti,100,50,49
2025-08-19,Chicken Bun,130,70,66
2025-08-19,Chicken Pastry,180,91,87
2025-08-19,Chicken Samosa,90,75,66
2025-08-19,Cream Bun,120,48,45
2025-08-19,Egg Roll,100,68,58
2025-08-19,Fish Bun,120,78,72
2025-08-19,Fish Patty,110,53,51
2025-08-19,Mini Pizza,220,47,42
2025-08-19,Sausage Bun,140,54,53
2025-08-19,Vegetable Roti,100,58,54
2025-08-20,Chicken Bun,130,65,59
2025-08-20,Chicken Pastry,180,101,92
2025-08-20,Chicken Samosa,90,86,79
2025-08-20,Cream Bun,120,53,49
2025-08-20,Egg Roll,100,64,59
2025-08-20,Fish Bun,120,87,81
2025-08-20,Fish Patty,110,55,50
2025-08-20,Mini Pizza,220,47,44
2025-08-20,Sausage Bun,140,62,60
2025-08-20,Vegetable Roti,100,66,61
2025-08-21,Chicken Bun,130,70,64
2025-08-21,Chicken Pastry,180,86,83
2025-08-21,Chicken Samosa,90,57,56
2025-08-21,Cream Bun,120,55,49
2025-08-21,Egg Roll,100,60,55
2025-08-21,Fish Bun,120,83,78
2025-08-21,Fish Patty,110,58,53
2025-08-21,Mini Pizza,220,48,43
2025-08-21,Sausage Bun,140,61,58
2025-08-21,Vegetable Roti,100,63,57
2025-08-22,Chicken Bun,130,62,60
2025-08-22,Chicken Pastry,180,100,88
2025-08-22,Chicken Samosa,90,61,59
2025-08-22,Cream Bun,120,50,47
2025-08-22,Egg Roll,100,59,55
2025-08-22,Fish Bun,120,67,62
2025-08-22,Fish Patty,110,50,47
2025-08-22,Mini Pizza,220,44,40
2025-08-22,Sausage Bun,140,58,53
2025-08-22,Vegetable Roti,100,56,54
2025-08-23,Chicken Bun,130,71,65
2025-08-23,Chicken Pastry,180,96,89
2025-08-23,Chicken Samosa,90,71,68
2025-08-23,Cream Bun,120,49,49
2025-08-23,Egg Roll,100,64,61
2025-08-23,Fish Bun,120,70,68
2025-08-23,Fish Patty,110,58,52
2025-08-23,Mini Pizza,220,48,47
2025-08-23,Sausage Bun,140,59,55
2025-08-23,Vegetable Roti,100,56,50
2025-08-24,Chicken Bun,130,81,73
2025-08-24,Chicken Pastry,180,107,99
2025-08-24,Chicken Samosa,90,65,60
2025-08-24,Cream Bun,120,62,56
2025-08-24,Egg Roll,100,72,65
2025-08-24,Fish Bun,120,92,82
2025-08-24,Fish Patty,110,54,51
2025-08-24,Mini Pizza,220,57,51
2025-08-24,Sausage Bun,140,60,53
2025-08-24,Vegetable Roti,100,67,57
2025-08-25,Chicken Bun,130,61,56
2025-08-25,Chicken Pastry,180,91,83
2025-08-25,Chicken Samosa,90,66,62
2025-08-25,Cream Bun,120,64,56
2025-08-25,Egg Roll,100,58,54
2025-08-25,Fish Bun,120,79,72
2025-08-25,Fish Patty,110,61,56
2025-08-25,Mini Pizza,220,49,46
2025-08-25,Sausage Bun,140,50,46
2025-08-25,Vegetable Roti,100,59,54
2025-08-26,Chicken Bun,130,59,59
2025-08-26,Chicken Pastry,180,93,89
2025-08-26,Chicken Samosa,90,68,60
2025-08-26,Cream Bun,120,49,45
2025-08-26,Egg Roll,100,60,54
2025-08-26,Fish Bun,120,82,76
2025-08-26,Fish Patty,110,58,50
2025-08-26,Mini Pizza,220,51,47
2025-08-26,Sausage Bun,140,70,60
2025-08-26,Vegetable Roti,100,51,48
2025-08-27,Chicken Bun,130,64,59
2025-08-27,Chicken Pastry,180,80,76
2025-08-27,Chicken Samosa,90,71,67
2025-08-27,Cream Bun,120,43,40
2025-08-27,Egg Roll,100,57,53
2025-08-27,Fish Bun,120,67,65
2025-08-27,Fish Patty,110,46,45
2025-08-27,Mini Pizza,220,37,34
2025-08-27,Sausage Bun,140,61,54
2025-08-27,Vegetable Roti,100,59,55
2025-08-28,Chicken Bun,130,59,57
2025-08-28,Chicken Pastry,180,73,68
2025-08-28,Chicken Samosa,90,68,62
2025-08-28,Cream Bun,120,38,36
2025-08-28,Egg Roll,100,55,50
2025-08-28,Fish Bun,120,61,56
2025-08-28,Fish Patty,110,58,50
2025-08-28,Mini Pizza,220,29,27
2025-08-28,Sausage Bun,140,51,48
2025-08-28,Vegetable Roti,100,48,44
2025-08-29,Chicken Bun,130,53,50
2025-08-29,Chicken Pastry,180,74,68
2025-08-29,Chicken Samosa,90,58,57
2025-08-29,Cream Bun,120,37,35
2025-08-29,Egg Roll,100,51,47
2025-08-29,Fish Bun,120,69,63
2025-08-29,Fish Patty,110,49,45
2025-08-29,Mini Pizza,220,35,32
2025-08-29,Sausage Bun,140,47,45
2025-08-29,Vegetable Roti,100,59,54
2025-08-30,Chicken Bun,130,60,57
2025-08-30,Chicken Pastry,180,91,84
2025-08-30,Chicken Samosa,90,66,60
2025-08-30,Cream Bun,120,44,41
2025-08-30,Egg Roll,100,56,50
2025-08-30,Fish Bun,120,72,65
2025-08-30,Fish Patty,110,54,51
2025-08-30,Mini Pizza,220,39,37
2025-08-30,Sausage Bun,140,52,46
2025-08-30,Vegetable Roti,100,53,53
2025-08-31,Chicken Bun,130,72,70
2025-08-31,Chicken Pastry,180,90,83
2025-08-31,Chicken Samosa,90,85,76
2025-08-31,Cream Bun,120,52,50
2025-08-31,Egg Roll,100,59,56
2025-08-31,Fish Bun,120,76,72
2025-08-31,Fish Patty,110,56,52
2025-08-31,Mini Pizza,220,47,45
2025-08-31,Sausage Bun,140,61,56
2025-08-31,Vegetable Roti,100,62,57
2025-09-01,Chicken Bun,130,63,58
2025-09-01,Chicken Pastry,180,63,61
2025-09-01,Chicken Samosa,90,62,60
2025-09-01,Cream Bun,120,38,34
2025-09-01,Egg Roll,100,62,56
2025-09-01,Fish Bun,120,71,66
2025-09-01,Fish Patty,110,50,48
2025-09-01,Mini Pizza,220,34,32
2025-09-01,Sausage Bun,140,61,57
2025-09-01,Vegetable Roti,100,52,50
2025-09-02,Chicken Bun,130,56,53
2025-09-02,Chicken Pastry,180,91,84
2025-09-02,Chicken Samosa,90,64,61
2025-09-02,Cream Bun,120,46,42
2025-09-02,Egg Roll,100,63,56
2025-09-02,Fish Bun,120,80,79
2025-09-02,Fish Patty,110,50,48
2025-09-02,Mini Pizza,220,43,40
2025-09-02,Sausage Bun,140,56,53
2025-09-02,Vegetable Roti,100,56,52
2025-09-03,Chicken Bun,130,60,54
2025-09-03,Chicken Pastry,180,84,75
2025-09-03,Chicken Samosa,90,67,61
2025-09-03,Cream Bun,120,44,42
2025-09-03,Egg Roll,100,52,52
2025-09-03,Fish Bun,120,69,65
2025-09-03,Fish Patty,110,46,44
2025-09-03,Mini Pizza,220,38,35
2025-09-03,Sausage Bun,140,52,49
2025-09-03,Vegetable Roti,100,53,50
2025-09-04,Chicken Bun,130,67,64
2025-09-04,Chicken Pastry,180,91,81
2025-09-04,Chicken Samosa,90,78,73
2025-09-04,Cream Bun,120,54,49
2025-09-04,Egg Roll,100,63,56
2025-09-04,Fish Bun,120,72,69
2025-09-04,Fish Patty,110,52,49
2025-09-04,Mini Pizza,220,44,40
2025-09-04,Sausage Bun,140,56,52
2025-09-04,Vegetable Roti,100,58,52
2025-09-05,Chicken Bun,130,76,67
2025-09-05,Chicken Pastry,180,106,98
2025-09-05,Chicken Samosa,90,87,76
2025-09-05,Cream Bun,120,51,45
2025-09-05,Egg Roll,100,63,58
2025-09-05,Fish Bun,120,82,76
2025-09-05,Fish Patty,110,65,60
2025-09-05,Mini Pizza,220,48,46
2025-09-05,Sausage Bun,140,63,58
2025-09-05,Vegetable Roti,100,59,56
2025-09-06,Chicken Bun,130,66,60
2025-09-06,Chicken Pastry,180,94,86
2025-09-06,Chicken Samosa,90,73,67
2025-09-06,Cream Bun,120,56,52
2025-09-06,Egg Roll,100,54,49
2025-09-06,Fish Bun,120,83,73
2025-09-06,Fish Patty,110,60,52
2025-09-06,Mini Pizza,220,46,41
2025-09-06,Sausage Bun,140,59,58
2025-09-06,Vegetable Roti,100,52,52
2025-09-07,Chicken Bun,130,91,83
2025-09-07,Chicken Pastry,180,127,110
2025-09-07,Chicken Samosa,90,80,71
2025-09-07,Cream Bun,120,72,68
2025-09-07,Egg Roll,100,79,69
2025-09-07,Fish Bun,120,94,83
2025-09-07,Fish Patty,110,65,60
2025-09-07,Mini Pizza,220,65,61
2025-09-07,Sausage Bun,140,70,65
2025-09-07,Vegetable Roti,100,62,57
2025-09-08,Chicken Bun,130,51,47
2025-09-08,Chicken Pastry,180,68,60
2025-09-08,Chicken Samosa,90,55,49
2025-09-08,Cream Bun,120,37,34
2025-09-08,Egg Roll,100,46,44
2025-09-08,Fish Bun,120,56,51
2025-09-08,Fish Patty,110,42,38
2025-09-08,Mini Pizza,220,34,32
2025-09-08,Sausage Bun,140,44,43
2025-09-08,Vegetable Roti,100,48,42
2025-09-09,Chicken Bun,130,44,41
2025-09-09,Chicken Pastry,180,61,59
2025-09-09,Chicken Samosa,90,51,48
2025-09-09,Cream Bun,120,34,31
2025-09-09,Egg Roll,100,40,36
2025-09-09,Fish Bun,120,56,54
2025-09-09,Fish Patty,110,37,36
2025-09-09,Mini Pizza,220,34,31
2025-09-09,Sausage Bun,140,43,40
2025-09-09,Vegetable Roti,100,43,39
2025-09-10,Chicken Bun,130,46,44
2025-09-10,Chicken Pastry,180,70,64
2025-09-10,Chicken Samosa,90,65,61
2025-09-10,Cream Bun,120,37,35
2025-09-10,Egg Roll,100,53,48
2025-09-10,Fish Bun,120,54,49
2025-09-10,Fish Patty,110,44,40
2025-09-10,Mini Pizza,220,36,33
2025-09-10,Sausage Bun,140,46,41
2025-09-10,Vegetable Roti,100,45,42
2025-09-11,Chicken Bun,130,56,51
2025-09-11,Chicken Pastry,180,84,79
2025-09-11,Chicken Samosa,90,66,61
2025-09-11,Cream Bun,120,44,41
2025-09-11,Egg Roll,100,59,54
2025-09-11,Fish Bun,120,73,69
2025-09-11,Fish Patty,110,60,57
2025-09-11,Mini Pizza,220,36,34
2025-09-11,Sausage Bun,140,49,47
2025-09-11,Vegetable Roti,100,62,57
2025-09-12,Chicken Bun,130,71,67
2025-09-12,Chicken Pastry,180,102,92
2025-09-12,Chicken Samosa,90,68,63
2025-09-12,Cream Bun,120,45,42
2025-09-12,Egg Roll,100,62,58
2025-09-12,Fish Bun,120,67,61
2025-09-12,Fish Patty,110,53,49
2025-09-12,Mini Pizza,220,46,41
2025-09-12,Sausage Bun,140,52,51
2025-09-12,Vegetable Roti,100,58,53
2025-09-13,Chicken Bun,130,68,63
2025-09-13,Chicken Pastry,180,87,79
2025-09-13,Chicken Samosa,90,75,66
2025-09-13,Cream Bun,120,57,55
2025-09-13,Egg Roll,100,67,62
2025-09-13,Fish Bun,120,81,77
2025-09-13,Fish Patty,110,64,60
2025-09-13,Mini Pizza,220,53,50
2025-09-13,Sausage Bun,140,68,64
2025-09-13,Vegetable Roti,100,58,53
2025-09-14,Chicken Bun,130,65,62
2025-09-14,Chicken Pastry,180,92,84
2025-09-14,Chicken Samosa,90,72,69
2025-09-14,Cream Bun,120,59,51
2025-09-14,Egg Roll,100,57,55
2025-09-14,Fish Bun,120,95,86
2025-09-14,Fish Patty,110,58,56
2025-09-14,Mini Pizza,220,50,45
2025-09-14,Sausage Bun,140,60,57
2025-09-14,Vegetable Roti,100,59,54
2025-09-15,Chicken Bun,130,64,57
2025-09-15,Chicken Pastry,180,82,78
2025-09-15,Chicken Samosa,90,70,66
2025-09-15,Cream Bun,120,48,43
2025-09-15,Egg Roll,100,62,58
2025-09-15,Fish Bun,120,81,69
2025-09-15,Fish Patty,110,59,53
2025-09-15,Mini Pizza,220,38,35
2025-09-15,Sausage Bun,140,59,55
2025-09-15,Vegetable Roti,100,52,50
2025-09-16,Chicken Bun,130,74,70
2025-09-16,Chicken Pastry,180,89,85
2025-09-16,Chicken Samosa,90,59,55
2025-09-16,Cream Bun,120,50,46
2025-09-16,Egg Roll,100,55,51
2025-09-16,Fish Bun,120,79,72
2025-09-16,Fish Patty,110,51,47
2025-09-16,Mini Pizza,220,41,38
2025-09-16,Sausage Bun,140,58,53
2025-09-16,Vegetable Roti,100,59,57
2025-09-17,Chicken Bun,130,68,62
2025-09-17,Chicken Pastry,180,84,78
2025-09-17,Chicken Samosa,90,65,59
2025-09-17,Cream Bun,120,36,35
2025-09-17,Egg Roll,100,55,52
2025-09-17,Fish Bun,120,76,69
2025-09-17,Fish Patty,110,50,46
2025-09-17,Mini Pizza,220,34,31
2025-09-17,Sausage Bun,140,54,49
2025-09-17,Vegetable Roti,100,49,48
2025-09-18,Chicken Bun,130,71,65
2025-09-18,Chicken Pastry,180,81,71
2025-09-18,Chicken Samosa,90,70,65
2025-09-18,Cream Bun,120,53,49
2025-09-18,Egg Roll,100,58,54
2025-09-18,Fish Bun,120,69,62
2025-09-18,Fish Patty,110,58,52
2025-09-18,Mini Pizza,220,40,37
2025-09-18,Sausage Bun,140,64,58
2025-09-18,Vegetable Roti,100,56,51
2025-09-19,Chicken Bun,130,60,57
2025-09-19,Chicken Pastry,180,95,86
2025-09-19,Chicken Samosa,90,69,65
2025-09-19,Cream Bun,120,54,47
2025-09-19,Egg Roll,100,68,64
2025-09-19,Fish Bun,120,69,69
2025-09-19,Fish Patty,110,53,50
2025-09-19,Mini Pizza,220,42,39
2025-09-19,Sausage Bun,140,66,59
2025-09-19,Vegetable Roti,100,52,50
2025-09-20,Chicken Bun,130,74,68
2025-09-20,Chicken Pastry,180,101,91
2025-09-20,Chicken Samosa,90,80,72
2025-09-20,Cream Bun,120,55,53
2025-09-20,Egg Roll,100,60,56
2025-09-20,Fish Bun,120,89,82
2025-09-20,Fish Patty,110,60,56
2025-09-20,Mini Pizza,220,59,55
2025-09-20,Sausage Bun,140,66,60
2025-09-20,Vegetable Roti,100,55,51
2025-09-21,Chicken Bun,130,63,57
2025-09-21,Chicken Pastry,180,86,77
2025-09-21,Chicken Samosa,90,74,63
2025-09-21,Cream Bun,120,47,45
2025-09-21,Egg Roll,100,65,56
2025-09-21,Fish Bun,120,85,75
2025-09-21,Fish Patty,110,59,52
2025-09-21,Mini Pizza,220,39,37
2025-09-21,Sausage Bun,140,52,52
2025-09-21,Vegetable Roti,100,58,50
2025-09-22,Chicken Bun,130,61,58
2025-09-22,Chicken Pastry,180,92,89
2025-09-22,Chicken Samosa,90,67,63
2025-09-22,Cream Bun,120,42,39
2025-09-22,Egg Roll,100,58,53
2025-09-22,Fish Bun,120,76,69
2025-09-22,Fish Patty,110,49,45
2025-09-22,Mini Pizza,220,43,41
2025-09-22,Sausage Bun,140,60,56
2025-09-22,Vegetable Roti,100,55,53
2025-09-23,Chicken Bun,130,72,63
2025-09-23,Chicken Pastry,180,92,87
2025-09-23,Chicken Samosa,90,58,54
2025-09-23,Cream Bun,120,48,42
2025-09-23,Egg Roll,100,69,64
2025-09-23,Fish Bun,120,81,79
2025-09-23,Fish Patty,110,57,54
2025-09-23,Mini Pizza,220,41,38
2025-09-23,Sausage Bun,140,61,57
2025-09-23,Vegetable Roti,100,62,55
2025-09-24,Chicken Bun,130,59,57
2025-09-24,Chicken Pastry,180,79,76
2025-09-24,Chicken Samosa,90,61,57
2025-09-24,Cream Bun,120,44,40
2025-09-24,Egg Roll,100,56,52
2025-09-24,Fish Bun,120,75,70
2025-09-24,Fish Patty,110,50,46
2025-09-24,Mini Pizza,220,40,38
2025-09-24,Sausage Bun,140,59,55
2025-09-24,Vegetable Roti,100,57,53
2025-09-25,Chicken Bun,130,53,45
2025-09-25,Chicken Pastry,180,75,69
2025-09-25,Chicken Samosa,90,55,51
2025-09-25,Cream Bun,120,38,35
2025-09-25,Egg Roll,100,52,45
2025-09-25,Fish Bun,120,65,57
2025-09-25,Fish Patty,110,45,42
2025-09-25,Mini Pizza,220,35,34
2025-09-25,Sausage Bun,140,43,41
2025-09-25,Vegetable Roti,100,46,44
2025-09-26,Chicken Bun,130,48,45
2025-09-26,Chicken Pastry,180,74,69
2025-09-26,Chicken Samosa,90,43,40
2025-09-26,Cream Bun,120,33,32
2025-09-26,Egg Roll,100,47,46
2025-09-26,Fish Bun,120,57,53
2025-09-26,Fish Patty,110,42,40
2025-09-26,Mini Pizza,220,32,30
2025-09-26,Sausage Bun,140,43,40
2025-09-26,Vegetable Roti,100,44,41
2025-09-27,Chicken Bun,130,61,58
2025-09-27,Chicken Pastry,180,106,96
2025-09-27,Chicken Samosa,90,78,73
2025-09-27,Cream Bun,120,56,48
2025-09-27,Egg Roll,100,64,56
2025-09-27,Fish Bun,120,81,74
2025-09-27,Fish Patty,110,68,64
2025-09-27,Mini Pizza,220,47,42
2025-09-27,Sausage Bun,140,61,58
2025-09-27,Vegetable Roti,100,69,64
2025-09-28,Chicken Bun,130,65,63
2025-09-28,Chicken Pastry,180,80,77
2025-09-28,Chicken Samosa,90,82,77
2025-09-28,Cream Bun,120,44,43
2025-09-28,Egg Roll,100,69,60
2025-09-28,Fish Bun,120,93,84
2025-09-28,Fish Patty,110,57,54
2025-09-28,Mini Pizza,220,55,52
2025-09-28,Sausage Bun,140,66,64
2025-09-28,Vegetable Roti,100,69,64
2025-09-29,Chicken Bun,130,61,55
2025-09-29,Chicken Pastry,180,78,69
2025-09-29,Chicken Samosa,90,70,65
2025-09-29,Cream Bun,120,44,41
2025-09-29,Egg Roll,100,56,53
2025-09-29,Fish Bun,120,78,74
2025-09-29,Fish Patty,110,49,48
2025-09-29,Mini Pizza,220,42,40
2025-09-29,Sausage Bun,140,52,49
2025-09-29,Vegetable Roti,100,55,51
2025-09-30,Chicken Bun,130,72,67
2025-09-30,Chicken Pastry,180,92,87
2025-09-30,Chicken Samosa,90,75,67
2025-09-30,Cream Bun,120,61,54
2025-09-30,Egg Roll,100,61,56
2025-09-30,Fish Bun,120,73,68
2025-09-30,Fish Patty,110,54,53
2025-09-30,Mini Pizza,220,44,41
2025-09-30,Sausage Bun,140,61,55
2025-09-30,Vegetable Roti,100,65,56
2025-10-01,Chicken Bun,130,64,61
2025-10-01,Chicken Pastry,180,102,94
2025-10-01,Chicken Samosa,90,69,58
2025-10-01,Cream Bun,120,54,50
2025-10-01,Egg Roll,100,54,52
2025-10-01,Fish Bun,120,91,85
2025-10-01,Fish Patty,110,57,54
2025-10-01,Mini Pizza,220,43,42
2025-10-01,Sausage Bun,140,66,60
2025-10-01,Vegetable Roti,100,66,61
2025-10-02,Chicken Bun,130,69,62
2025-10-02,Chicken Pastry,180,110,98
2025-10-02,Chicken Samosa,90,66,63
2025-10-02,Cream Bun,120,50,46
2025-10-02,Egg Roll,100,58,56
2025-10-02,Fish Bun,120,73,68
2025-10-02,Fish Patty,110,60,57
2025-10-02,Mini Pizza,220,48,45
2025-10-02,Sausage Bun,140,66,60
2025-10-02,Vegetable Roti,100,60,53
2025-10-03,Chicken Bun,130,60,54
2025-10-03,Chicken Pastry,180,83,77
2025-10-03,Chicken Samosa,90,68,63
2025-10-03,Cream Bun,120,50,45
2025-10-03,Egg Roll,100,66,60
2025-10-03,Fish Bun,120,78,76
2025-10-03,Fish Patty,110,66,60
2025-10-03,Mini Pizza,220,44,41
2025-10-03,Sausage Bun,140,59,55
2025-10-03,Vegetable Roti,100,51,48
2025-10-04,Chicken Bun,130,67,60
2025-10-04,Chicken Pastry,180,83,76
2025-10-04,Chicken Samosa,90,69,64
2025-10-04,Cream Bun,120,48,44
2025-10-04,Egg Roll,100,67,62
2025-10-04,Fish Bun,120,75,73
2025-10-04,Fish Patty,110,59,53
2025-10-04,Mini Pizza,220,44,41
2025-10-04,Sausage Bun,140,65,58
2025-10-04,Vegetable Roti,100,62,56
2025-10-05,Chicken Bun,130,77,67
2025-10-05,Chicken Pastry,180,93,89
2025-10-05,Chicken Samosa,90,86,79
2025-10-05,Cream Bun,120,62,57
2025-10-05,Egg Roll,100,76,72
2025-10-05,Fish Bun,120,67,65
2025-10-05,Fish Patty,110,58,56
2025-10-05,Mini Pizza,220,51,45
2025-10-05,Sausage Bun,140,59,56
2025-10-05,Vegetable Roti,100,72,66
2025-10-06,Chicken Bun,130,75,70
2025-10-06,Chicken Pastry,180,107,94
2025-10-06,Chicken Samosa,90,76,71
2025-10-06,Cream Bun,120,55,51
2025-10-06,Egg Roll,100,69,66
2025-10-06,Fish Bun,120,79,73
2025-10-06,Fish Patty,110,73,64
2025-10-06,Mini Pizza,220,53,50
2025-10-06,Sausage Bun,140,66,61
2025-10-06,Vegetable Roti,100,59,56
2025-10-07,Chicken Bun,130,62,58
2025-10-07,Chicken Pastry,180,92,86
2025-10-07,Chicken Samosa,90,68,65
2025-10-07,Cream Bun,120,53,50
2025-10-07,Egg Roll,100,72,66
2025-10-07,Fish Bun,120,77,76
2025-10-07,Fish Patty,110,52,50
2025-10-07,Mini Pizza,220,47,42
2025-10-07,Sausage Bun,140,61,61
2025-10-07,Vegetable Roti,100,64,58
2025-10-08,Chicken Bun,130,52,49
2025-10-08,Chicken Pastry,180,69,69
2025-10-08,Chicken Samosa,90,67,65
2025-10-08,Cream Bun,120,38,37
2025-10-08,Egg Roll,100,53,50
2025-10-08,Fish Bun,120,67,60
2025-10-08,Fish Patty,110,57,52
2025-10-08,Mini Pizza,220,36,33
2025-10-08,Sausage Bun,140,45,42
2025-10-08,Vegetable Roti,100,43,42
2025-10-09,Chicken Bun,130,64,60
2025-10-09,Chicken Pastry,180,92,86
2025-10-09,Chicken Samosa,90,72,65
2025-10-09,Cream Bun,120,48,44
2025-10-09,Egg Roll,100,56,56
2025-10-09,Fish Bun,120,76,71
2025-10-09,Fish Patty,110,52,47
2025-10-09,Mini Pizza,220,49,46
2025-10-09,Sausage Bun,140,56,54
2025-10-09,Vegetable Roti,100,65,60
2025-10-10,Chicken Bun,130,57,55
2025-10-10,Chicken Pastry,180,74,70
2025-10-10,Chicken Samosa,90,59,57
2025-10-10,Cream Bun,120,37,37
2025-10-10,Egg Roll,100,56,53
2025-10-10,Fish Bun,120,69,67
2025-10-10,Fish Patty,110,50,49
2025-10-10,Mini Pizza,220,35,33
2025-10-10,Sausage Bun,140,49,44
2025-10-10,Vegetable Roti,100,59,54
2025-10-11,Chicken Bun,130,78,69
2025-10-11,Chicken Pastry,180,103,96
2025-10-11,Chicken Samosa,90,77,70
2025-10-11,Cream Bun,120,58,52
2025-10-11,Egg Roll,100,65,63
2025-10-11,Fish Bun,120,92,86
2025-10-11,Fish Patty,110,58,55
2025-10-11,Mini Pizza,220,49,46
2025-10-11,Sausage Bun,140,73,65
2025-10-11,Vegetable Roti,100,62,57
2025-10-12,Chicken Bun,130,74,68
2025-10-12,Chicken Pastry,180,108,100
2025-10-12,Chicken Samosa,90,77,71
2025-10-12,Cream Bun,120,50,46
2025-10-12,Egg Roll,100,74,66
2025-10-12,Fish Bun,120,87,82
2025-10-12,Fish Patty,110,62,59
2025-10-12,Mini Pizza,220,52,49
2025-10-12,Sausage Bun,140,60,56
2025-10-12,Vegetable Roti,100,66,61
2025-10-13,Chicken Bun,130,52,49
2025-10-13,Chicken Pastry,180,66,60
2025-10-13,Chicken Samosa,90,54,47
2025-10-13,Cream Bun,120,41,37
2025-10-13,Egg Roll,100,45,43
2025-10-13,Fish Bun,120,57,49
2025-10-13,Fish Patty,110,39,38
2025-10-13,Mini Pizza,220,29,28
2025-10-13,Sausage Bun,140,50,43
2025-10-13,Vegetable Roti,100,41,37
2025-10-14,Chicken Bun,130,51,47
2025-10-14,Chicken Pastry,180,90,80
2025-10-14,Chicken Samosa,90,64,59
2025-10-14,Cream Bun,120,35,33
2025-10-14,Egg Roll,100,51,48
2025-10-14,Fish Bun,120,63,60
2025-10-14,Fish Patty,110,51,46
2025-10-14,Mini Pizza,220,35,32
2025-10-14,Sausage Bun,140,49,46
2025-10-14,Vegetable Roti,100,59,55
2025-10-15,Chicken Bun,130,49,45
2025-10-15,Chicken Pastry,180,66,60
2025-10-15,Chicken Samosa,90,58,53
2025-10-15,Cream Bun,120,37,33
2025-10-15,Egg Roll,100,44,41
2025-10-15,Fish Bun,120,54,51
2025-10-15,Fish Patty,110,39,35
2025-10-15,Mini Pizza,220,32,30
2025-10-15,Sausage Bun,140,46,41
2025-10-15,Vegetable Roti,100,50,46
2025-10-16,Chicken Bun,130,55,48
2025-10-16,Chicken Pastry,180,80,75
2025-10-16,Chicken Samosa,90,50,46
2025-10-16,Cream Bun,120,42,38
2025-10-16,Egg Roll,100,39,38
2025-10-16,Fish Bun,120,61,53
2025-10-16,Fish Patty,110,37,34
2025-10-16,Mini Pizza,220,32,31
2025-10-16,Sausage Bun,140,52,47
2025-10-16,Vegetable Roti,100,42,38
2025-10-17,Chicken Bun,130,48,43
2025-10-17,Chicken Pastry,180,65,65
2025-10-17,Chicken Samosa,90,49,47
2025-10-17,Cream Bun,120,40,39
2025-10-17,Egg Roll,100,51,45
2025-10-17,Fish Bun,120,55,51
2025-10-17,Fish Patty,110,36,33
2025-10-17,Mini Pizza,220,34,34
2025-10-17,Sausage Bun,140,50,44
2025-10-17,Vegetable Roti,100,43,41
2025-10-18,Chicken Bun,130,56,51
2025-10-18,Chicken Pastry,180,82,75
2025-10-18,Chicken Samosa,90,63,57
2025-10-18,Cream Bun,120,45,42
2025-10-18,Egg Roll,100,54,50
2025-10-18,Fish Bun,120,49,46
2025-10-18,Fish Patty,110,42,39
2025-10-18,Mini Pizza,220,37,34
2025-10-18,Sausage Bun,140,54,51
2025-10-18,Vegetable Roti,100,48,45
2025-10-19,Chicken Bun,130,57,50
2025-10-19,Chicken Pastry,180,74,65
2025-10-19,Chicken Samosa,90,60,53
2025-10-19,Cream Bun,120,41,38
2025-10-19,Egg Roll,100,49,44
2025-10-19,Fish Bun,120,65,61
2025-10-19,Fish Patty,110,46,40
2025-10-19,Mini Pizza,220,45,42
2025-10-19,Sausage Bun,140,55,50
2025-10-19,Vegetable Roti,100,46,40
2025-10-20,Chicken Bun,130,66,61
2025-10-20,Chicken Pastry,180,83,75
2025-10-20,Chicken Samosa,90,59,56
2025-10-20,Cream Bun,120,44,42
2025-10-20,Egg Roll,100,55,52
2025-10-20,Fish Bun,120,67,62
2025-10-20,Fish Patty,110,52,46
2025-10-20,Mini Pizza,220,46,42
2025-10-20,Sausage Bun,140,62,59
2025-10-20,Vegetable Roti,100,50,46
2025-10-21,Chicken Bun,130,47,42
2025-10-21,Chicken Pastry,180,65,61
2025-10-21,Chicken Samosa,90,52,50
2025-10-21,Cream Bun,120,38,35
2025-10-21,Egg Roll,100,47,44
2025-10-21,Fish Bun,120,56,50
2025-10-21,Fish Patty,110,42,38
2025-10-21,Mini Pizza,220,29,28
2025-10-21,Sausage Bun,140,43,41
2025-10-21,Vegetable Roti,100,45,41
2025-10-22,Chicken Bun,130,66,62
2025-10-22,Chicken Pastry,180,73,70
2025-10-22,Chicken Samosa,90,67,63
2025-10-22,Cream Bun,120,48,44
2025-10-22,Egg Roll,100,61,55
2025-10-22,Fish Bun,120,70,66
2025-10-22,Fish Patty,110,46,44
2025-10-22,Mini Pizza,220,42,39
2025-10-22,Sausage Bun,140,67,60
2025-10-22,Vegetable Roti,100,67,58
2025-10-23,Chicken Bun,130,69,63
2025-10-23,Chicken Pastry,180,85,75
2025-10-23,Chicken Samosa,90,75,73
2025-10-23,Cream Bun,120,53,48
2025-10-23,Egg Roll,100,68,64
2025-10-23,Fish Bun,120,79,74
2025-10-23,Fish Patty,110,50,47
2025-10-23,Mini Pizza,220,42,41
2025-10-23,Sausage Bun,140,62,59
2025-10-23,Vegetable Roti,100,52,47
2025-10-24,Chicken Bun,130,57,55
2025-10-24,Chicken Pastry,180,68,66
2025-10-24,Chicken Samosa,90,71,65
2025-10-24,Cream Bun,120,36,33
2025-10-24,Egg Roll,100,54,48
2025-10-24,Fish Bun,120,64,59
2025-10-24,Fish Patty,110,51,45
2025-10-24,Mini Pizza,220,36,34
2025-10-24,Sausage Bun,140,50,48
2025-10-24,Vegetable Roti,100,53,50
2025-10-25,Chicken Bun,130,64,60
2025-10-25,Chicken Pastry,180,76,72
2025-10-25,Chicken Samosa,90,79,71
2025-10-25,Cream Bun,120,48,41
2025-10-25,Egg Roll,100,56,54
2025-10-25,Fish Bun,120,73,67
2025-10-25,Fish Patty,110,56,52
2025-10-25,Mini Pizza,220,37,37
2025-10-25,Sausage Bun,140,62,58
2025-10-25,Vegetable Roti,100,53,48
2025-10-26,Chicken Bun,130,62,60
2025-10-26,Chicken Pastry,180,99,96
2025-10-26,Chicken Samosa,90,82,77
2025-10-26,Cream Bun,120,60,54
2025-10-26,Egg Roll,100,72,65
2025-10-26,Fish Bun,120,80,73
2025-10-26,Fish Patty,110,67,60
2025-10-26,Mini Pizza,220,52,51
2025-10-26,Sausage Bun,140,79,74
2025-10-26,Vegetable Roti,100,67,60
2025-10-27,Chicken Bun,130,70,65
2025-10-27,Chicken Pastry,180,111,105
2025-10-27,Chicken Samosa,90,63,59
2025-10-27,Cream Bun,120,45,42
2025-10-27,Egg Roll,100,59,54
2025-10-27,Fish Bun,120,91,82
2025-10-27,Fish Patty,110,62,56
2025-10-27,Mini Pizza,220,45,42
2025-10-27,Sausage Bun,140,59,58
2025-10-27,Vegetable Roti,100,62,58
2025-10-28,Chicken Bun,130,65,58
2025-10-28,Chicken Pastry,180,86,75
2025-10-28,Chicken Samosa,90,69,65
2025-10-28,Cream Bun,120,49,43
2025-10-28,Egg Roll,100,55,54
2025-10-28,Fish Bun,120,76,68
2025-10-28,Fish Patty,110,50,48
2025-10-28,Mini Pizza,220,32,31
2025-10-28,Sausage Bun,140,59,59
2025-10-28,Vegetable Roti,100,58,55
2025-10-29,Chicken Bun,130,73,69
2025-10-29,Chicken Pastry,180,92,86
2025-10-29,Chicken Samosa,90,72,67
2025-10-29,Cream Bun,120,45,44
2025-10-29,Egg Roll,100,58,54
2025-10-29,Fish Bun,120,76,74
2025-10-29,Fish Patty,110,51,51
2025-10-29,Mini Pizza,220,46,44
2025-10-29,Sausage Bun,140,54,52
2025-10-29,Vegetable Roti,100,66,61
2025-10-30,Chicken Bun,130,67,59
2025-10-30,Chicken Pastry,180,104,102
2025-10-30,Chicken Samosa,90,74,63
2025-10-30,Cream Bun,120,56,51
2025-10-30,Egg Roll,100,60,55
2025-10-30,Fish Bun,120,79,73
2025-10-30,Fish Patty,110,59,59
2025-10-30,Mini Pizza,220,51,46
2025-10-30,Sausage Bun,140,65,64
2025-10-30,Vegetable Roti,100,64,59
2025-10-31,Chicken Bun,130,75,68
2025-10-31,Chicken Pastry,180,97,97
2025-10-31,Chicken Samosa,90,64,61
2025-10-31,Cream Bun,120,54,51
2025-10-31,Egg Roll,100,77,70
2025-10-31,Fish Bun,120,84,80
2025-10-31,Fish Patty,110,65,62
2025-10-31,Mini Pizza,220,44,40
2025-10-31,Sausage Bun,140,67,64
2025-10-31,Vegetable Roti,100,65,57
2025-11-01,Chicken Bun,130,81,76
2025-11-01,Chicken Pastry,180,89,87
2025-11-01,Chicken Samosa,90,91,86
2025-11-01,Cream Bun,120,51,48
2025-11-01,Egg Roll,100,66,64
2025-11-01,Fish Bun,120,89,83
2025-11-01,Fish Patty,110,64,58
2025-11-01,Mini Pizza,220,54,50
2025-11-01,Sausage Bun,140,68,65
2025-11-01,Vegetable Roti,100,62,57
2025-11-02,Chicken Bun,130,64,58
2025-11-02,Chicken Pastry,180,101,98
2025-11-02,Chicken Samosa,90,81,74
2025-11-02,Cream Bun,120,58,52
2025-11-02,Egg Roll,100,77,68
2025-11-02,Fish Bun,120,97,87
2025-11-02,Fish Patty,110,72,65
2025-11-02,Mini Pizza,220,57,52
2025-11-02,Sausage Bun,140,67,66
2025-11-02,Vegetable Roti,100,62,58
2025-11-03,Chicken Bun,130,80,76
2025-11-03,Chicken Pastry,180,111,101
2025-11-03,Chicken Samosa,90,71,68
2025-11-03,Cream Bun,120,58,54
2025-11-03,Egg Roll,100,79,71
2025-11-03,Fish Bun,120,83,74
2025-11-03,Fish Patty,110,61,56
2025-11-03,Mini Pizza,220,47,43
2025-11-03,Sausage Bun,140,57,53
2025-11-03,Vegetable Roti,100,64,58
2025-11-04,Chicken Bun,130,67,63
2025-11-04,Chicken Pastry,180,107,96
2025-11-04,Chicken Samosa,90,66,62
2025-11-04,Cream Bun,120,50,46
2025-11-04,Egg Roll,100,65,59
2025-11-04,Fish Bun,120,87,80
2025-11-04,Fish Patty,110,54,52
2025-11-04,Mini Pizza,220,43,41
2025-11-04,Sausage Bun,140,66,63
2025-11-04,Vegetable Roti,100,57,53
2025-11-05,Chicken Bun,130,77,71
2025-11-05,Chicken Pastry,180,102,93
2025-11-05,Chicken Samosa,90,83,76
2025-11-05,Cream Bun,120,59,54
2025-11-05,Egg Roll,100,77,69
2025-11-05,Fish Bun,120,83,80
2025-11-05,Fish Patty,110,63,59
2025-11-05,Mini Pizza,220,52,49
2025-11-05,Sausage Bun,140,62,61
2025-11-05,Vegetable Roti,100,62,55
2025-11-06,Chicken Bun,130,56,53
2025-11-06,Chicken Pastry,180,79,71
2025-11-06,Chicken Samosa,90,75,66
2025-11-06,Cream Bun,120,39,36
2025-11-06,Egg Roll,100,59,52
2025-11-06,Fish Bun,120,73,67
2025-11-06,Fish Patty,110,49,44
2025-11-06,Mini Pizza,220,34,34
2025-11-06,Sausage Bun,140,46,46
2025-11-06,Vegetable Roti,100,52,49
2025-11-07,Chicken Bun,130,65,58
2025-11-07,Chicken Pastry,180,83,74
2025-11-07,Chicken Samosa,90,68,61
2025-11-07,Cream Bun,120,45,38
2025-11-07,Egg Roll,100,52,52
2025-11-07,Fish Bun,120,75,66
2025-11-07,Fish Patty,110,54,51
2025-11-07,Mini Pizza,220,37,35
2025-11-07,Sausage Bun,140,55,49
2025-11-07,Vegetable Roti,100,59,52
2025-11-08,Chicken Bun,130,58,50
2025-11-08,Chicken Pastry,180,81,74
2025-11-08,Chicken Samosa,90,48,45
2025-11-08,Cream Bun,120,46,44
2025-11-08,Egg Roll,100,53,49
2025-11-08,Fish Bun,120,57,52
2025-11-08,Fish Patty,110,44,41
2025-11-08,Mini Pizza,220,43,39
2025-11-08,Sausage Bun,140,59,55
2025-11-08,Vegetable Roti,100,48,45
2025-11-09,Chicken Bun,130,76,72
2025-11-09,Chicken Pastry,180,104,96
2025-11-09,Chicken Samosa,90,73,70
2025-11-09,Cream Bun,120,49,48
2025-11-09,Egg Roll,100,73,65
2025-11-09,Fish Bun,120,89,83
2025-11-09,Fish Patty,110,68,59
2025-11-09,Mini Pizza,220,56,51
2025-11-09,Sausage Bun,140,68,63
2025-11-09,Vegetable Roti,100,67,62
2025-11-10,Chicken Bun,130,66,61
2025-11-10,Chicken Pastry,180,97,86
2025-11-10,Chicken Samosa,90,81,71
2025-11-10,Cream Bun,120,47,41
2025-11-10,Egg Roll,100,50,49
2025-11-10,Fish Bun,120,70,64
2025-11-10,Fish Patty,110,52,49
2025-11-10,Mini Pizza,220,41,37
2025-11-10,Sausage Bun,140,60,55
2025-11-10,Vegetable Roti,100,58,52
2025-11-11,Chicken Bun,130,53,53
2025-11-11,Chicken Pastry,180,73,65
2025-11-11,Chicken Samosa,90,66,59
2025-11-11,Cream Bun,120,34,32
2025-11-11,Egg Roll,100,54,50
2025-11-11,Fish Bun,120,75,67
2025-11-11,Fish Patty,110,57,52
2025-11-11,Mini Pizza,220,32,30
2025-11-11,Sausage Bun,140,49,44
2025-11-11,Vegetable Roti,100,60,54
2025-11-12,Chicken Bun,130,50,45
2025-11-12,Chicken Pastry,180,68,62
2025-11-12,Chicken Samosa,90,51,48
2025-11-12,Cream Bun,120,38,36
2025-11-12,Egg Roll,100,51,47
2025-11-12,Fish Bun,120,60,54
2025-11-12,Fish Patty,110,43,39
2025-11-12,Mini Pizza,220,38,34
2025-11-12,Sausage Bun,140,48,42
2025-11-12,Vegetable Roti,100,39,36
2025-11-13,Chicken Bun,130,64,60
2025-11-13,Chicken Pastry,180,75,69
2025-11-13,Chicken Samosa,90,63,61
2025-11-13,Cream Bun,120,39,35
2025-11-13,Egg Roll,100,54,51
2025-11-13,Fish Bun,120,68,64
2025-11-13,Fish Patty,110,46,42
2025-11-13,Mini Pizza,220,30,30
2025-11-13,Sausage Bun,140,50,46
2025-11-13,Vegetable Roti,100,56,50
2025-11-14,Chicken Bun,130,62,56
2025-11-14,Chicken Pastry,180,74,66
2025-11-14,Chicken Samosa,90,64,60
2025-11-14,Cream Bun,120,36,33
2025-11-14,Egg Roll,100,58,53
2025-11-14,Fish Bun,120,77,71
2025-11-14,Fish Patty,110,53,51
2025-11-14,Mini Pizza,220,33,31
2025-11-14,Sausage Bun,140,60,53
2025-11-14,Vegetable Roti,100,49,48
2025-11-15,Chicken Bun,130,59,55
2025-11-15,Chicken Pastry,180,88,80
2025-11-15,Chicken Samosa,90,69,66
2025-11-15,Cream Bun,120,39,36
2025-11-15,Egg Roll,100,55,51
2025-11-15,Fish Bun,120,65,59
2025-11-15,Fish Patty,110,55,52
2025-11-15,Mini Pizza,220,42,39
2025-11-15,Sausage Bun,140,57,56
2025-11-15,Vegetable Roti,100,59,53
2025-11-16,Chicken Bun,130,63,60
2025-11-16,Chicken Pastry,180,86,83
2025-11-16,Chicken Samosa,90,79,75
2025-11-16,Cream Bun,120,60,52
2025-11-16,Egg Roll,100,69,60
2025-11-16,Fish Bun,120,89,85
2025-11-16,Fish Patty,110,68,61
2025-11-16,Mini Pizza,220,53,48
2025-11-16,Sausage Bun,140,62,58
2025-11-16,Vegetable Roti,100,60,55
2025-11-17,Chicken Bun,130,49,48
2025-11-17,Chicken Pastry,180,69,63
2025-11-17,Chicken Samosa,90,60,53
2025-11-17,Cream Bun,120,34,30
2025-11-17,Egg Roll,100,46,44
2025-11-17,Fish Bun,120,63,59
2025-11-17,Fish Patty,110,46,43
2025-11-17,Mini Pizza,220,31,30
2025-11-17,Sausage Bun,140,48,44
2025-11-17,Vegetable Roti,100,51,47
2025-11-18,Chicken Bun,130,66,61
2025-11-18,Chicken Pastry,180,86,78
2025-11-18,Chicken Samosa,90,70,64
2025-11-18,Cream Bun,120,53,47
2025-11-18,Egg Roll,100,69,65
2025-11-18,Fish Bun,120,76,71
2025-11-18,Fish Patty,110,58,51
2025-11-18,Mini Pizza,220,42,39
2025-11-18,Sausage Bun,140,60,60
2025-11-18,Vegetable Roti,100,65,59
2025-11-19,Chicken Bun,130,73,67
2025-11-19,Chicken Pastry,180,96,87
2025-11-19,Chicken Samosa,90,72,63
2025-11-19,Cream Bun,120,59,53
2025-11-19,Egg Roll,100,68,62
2025-11-19,Fish Bun,120,79,70
2025-11-19,Fish Patty,110,61,57
2025-11-19,Mini Pizza,220,39,35
2025-11-19,Sausage Bun,140,64,55
2025-11-19,Vegetable Roti,100,64,57
2025-11-20,Chicken Bun,130,57,52
2025-11-20,Chicken Pastry,180,86,82
2025-11-20,Chicken Samosa,90,80,79
2025-11-20,Cream Bun,120,49,44
2025-11-20,Egg Roll,100,59,55
2025-11-20,Fish Bun,120,72,68
2025-11-20,Fish Patty,110,54,52
2025-11-20,Mini Pizza,220,46,39
2025-11-20,Sausage Bun,140,64,56
2025-11-20,Vegetable Roti,100,56,51
2025-11-21,Chicken Bun,130,56,52
2025-11-21,Chicken Pastry,180,64,59
2025-11-21,Chicken Samosa,90,66,63
2025-11-21,Cream Bun,120,40,37
2025-11-21,Egg Roll,100,58,54
2025-11-21,Fish Bun,120,72,67
2025-11-21,Fish Patty,110,51,46
2025-11-21,Mini Pizza,220,33,30
2025-11-21,Sausage Bun,140,54,52
2025-11-21,Vegetable Roti,100,51,48
2025-11-22,Chicken Bun,130,53,49
2025-11-22,Chicken Pastry,180,93,81
2025-11-22,Chicken Samosa,90,55,52
2025-11-22,Cream Bun,120,51,47
2025-11-22,Egg Roll,100,44,39
2025-11-22,Fish Bun,120,63,56
2025-11-22,Fish Patty,110,43,40
2025-11-22,Mini Pizza,220,45,44
2025-11-22,Sausage Bun,140,60,56
2025-11-22,Vegetable Roti,100,46,41
2025-11-23,Chicken Bun,130,53,48
2025-11-23,Chicken Pastry,180,89,82
2025-11-23,Chicken Samosa,90,73,65
2025-11-23,Cream Bun,120,45,42
2025-11-23,Egg Roll,100,51,46
2025-11-23,Fish Bun,120,57,55
2025-11-23,Fish Patty,110,49,44
2025-11-23,Mini Pizza,220,42,41
2025-11-23,Sausage Bun,140,53,49
2025-11-23,Vegetable Roti,100,57,53
2025-11-24,Chicken Bun,130,50,46
2025-11-24,Chicken Pastry,180,74,67
2025-11-24,Chicken Samosa,90,58,51
2025-11-24,Cream Bun,120,37,34
2025-11-24,Egg Roll,100,47,45
2025-11-24,Fish Bun,120,59,53
2025-11-24,Fish Patty,110,44,41
2025-11-24,Mini Pizza,220,39,36
2025-11-24,Sausage Bun,140,47,44
2025-11-24,Vegetable Roti,100,45,44
2025-11-25,Chicken Bun,130,52,47
2025-11-25,Chicken Pastry,180,80,73
2025-11-25,Chicken Samosa,90,50,46
2025-11-25,Cream Bun,120,40,38
2025-11-25,Egg Roll,100,50,45
2025-11-25,Fish Bun,120,55,53
2025-11-25,Fish Patty,110,48,43
2025-11-25,Mini Pizza,220,35,33
2025-11-25,Sausage Bun,140,50,48
2025-11-25,Vegetable Roti,100,43,43
2025-11-26,Chicken Bun,130,55,49
2025-11-26,Chicken Pastry,180,81,72
2025-11-26,Chicken Samosa,90,55,52
2025-11-26,Cream Bun,120,42,36
2025-11-26,Egg Roll,100,43,40
2025-11-26,Fish Bun,120,58,57
2025-11-26,Fish Patty,110,50,46
2025-11-26,Mini Pizza,220,35,31
2025-11-26,Sausage Bun,140,43,41
2025-11-26,Vegetable Roti,100,44,41
2025-11-27,Chicken Bun,130,55,50
2025-11-27,Chicken Pastry,180,70,62
2025-11-27,Chicken Samosa,90,59,55
2025-11-27,Cream Bun,120,43,39
2025-11-27,Egg Roll,100,49,45
2025-11-27,Fish Bun,120,62,55
2025-11-27,Fish Patty,110,42,40
2025-11-27,Mini Pizza,220,40,35
2025-11-27,Sausage Bun,140,50,44
2025-11-27,Vegetable Roti,100,46,43
2025-11-28,Chicken Bun,130,60,52
2025-11-28,Chicken Pastry,180,76,69
2025-11-28,Chicken Samosa,90,52,48
2025-11-28,Cream Bun,120,40,38
2025-11-28,Egg Roll,100,44,41
2025-11-28,Fish Bun,120,52,50
2025-11-28,Fish Patty,110,44,41
2025-11-28,Mini Pizza,220,35,33
2025-11-28,Sausage Bun,140,50,46
2025-11-28,Vegetable Roti,100,42,41
2025-11-29,Chicken Bun,130,56,49
2025-11-29,Chicken Pastry,180,87,79
2025-11-29,Chicken Samosa,90,55,54
2025-11-29,Cream Bun,120,46,43
2025-11-29,Egg Roll,100,53,50
2025-11-29,Fish Bun,120,75,68
2025-11-29,Fish Patty,110,41,41
2025-11-29,Mini Pizza,220,46,41
2025-11-29,Sausage Bun,140,51,50
2025-11-29,Vegetable Roti,100,43,41
2025-11-30,Chicken Bun,130,86,76
2025-11-30,Chicken Pastry,180,112,100
2025-11-30,Chicken Samosa,90,80,74
2025-11-30,Cream Bun,120,57,55
2025-11-30,Egg Roll,100,82,79
2025-11-30,Fish Bun,120,87,84
2025-11-30,Fish Patty,110,59,55
2025-11-30,Mini Pizza,220,61,56
2025-11-30,Sausage Bun,140,76,69
2025-11-30,Vegetable Roti,100,63,60
2025-12-01,Chicken Bun,130,80,74
2025-12-01,Chicken Pastry,180,106,95
2025-12-01,Chicken Samosa,90,76,70
2025-12-01,Cream Bun,120,54,49
2025-12-01,Egg Roll,100,71,65
2025-12-01,Fish Bun,120,100,92
2025-12-01,Fish Patty,110,65,61
2025-12-01,Mini Pizza,220,54,50
2025-12-01,Sausage Bun,140,72,65
2025-12-01,Vegetable Roti,100,64,58
2025-12-02,Chicken Bun,130,79,74
2025-12-02,Chicken Pastry,180,110,100
2025-12-02,Chicken Samosa,90,75,71
2025-12-02,Cream Bun,120,49,47
2025-12-02,Egg Roll,100,75,71
2025-12-02,Fish Bun,120,87,81
2025-12-02,Fish Patty,110,59,54
2025-12-02,Mini Pizza,220,47,43
2025-12-02,Sausage Bun,140,68,67
2025-12-02,Vegetable Roti,100,81,73
2025-12-03,Chicken Bun,130,74,70
2025-12-03,Chicken Pastry,180,96,93
2025-12-03,Chicken Samosa,90,80,72
2025-12-03,Cream Bun,120,53,49
2025-12-03,Egg Roll,100,69,63
2025-12-03,Fish Bun,120,86,82
2025-12-03,Fish Patty,110,55,50
2025-12-03,Mini Pizza,220,60,54
2025-12-03,Sausage Bun,140,73,67
2025-12-03,Vegetable Roti,100,63,60
2025-12-04,Chicken Bun,130,96,88
2025-12-04,Chicken Pastry,180,116,107
2025-12-04,Chicken Samosa,90,68,66
2025-12-04,Cream Bun,120,62,57
2025-12-04,Egg Roll,100,79,70
2025-12-04,Fish Bun,120,99,94
2025-12-04,Fish Patty,110,55,55
2025-12-04,Mini Pizza,220,52,50
2025-12-04,Sausage Bun,140,69,65
2025-12-04,Vegetable Roti,100,70,66
2025-12-05,Chicken Bun,130,74,74
2025-12-05,Chicken Pastry,180,104,99
2025-12-05,Chicken Samosa,90,70,68
2025-12-05,Cream Bun,120,52,48
2025-12-05,Egg Roll,100,67,63
2025-12-05,Fish Bun,120,89,80
2025-12-05,Fish Patty,110,71,62
2025-12-05,Mini Pizza,220,44,39
2025-12-05,Sausage Bun,140,65,64
2025-12-05,Vegetable Roti,100,64,60
2025-12-06,Chicken Bun,130,85,77
2025-12-06,Chicken Pastry,180,95,87
2025-12-06,Chicken Samosa,90,78,71
2025-12-06,Cream Bun,120,58,55
2025-12-06,Egg Roll,100,60,59
2025-12-06,Fish Bun,120,83,76
2025-12-06,Fish Patty,110,61,57
2025-12-06,Mini Pizza,220,46,43
2025-12-06,Sausage Bun,140,69,63
2025-12-06,Vegetable Roti,100,73,67
2025-12-07,Chicken Bun,130,77,72
2025-12-07,Chicken Pastry,180,105,95
2025-12-07,Chicken Samosa,90,78,74
2025-12-07,Cream Bun,120,63,56
2025-12-07,Egg Roll,100,77,72
2025-12-07,Fish Bun,120,93,87
2025-12-07,Fish Patty,110,69,65
2025-12-07,Mini Pizza,220,58,52
2025-12-07,Sausage Bun,140,77,71
2025-12-07,Vegetable Roti,100,67,61
2025-12-08,Chicken Bun,130,71,71
2025-12-08,Chicken Pastry,180,112,102
2025-12-08,Chicken Samosa,90,82,76
2025-12-08,Cream Bun,120,50,49
2025-12-08,Egg Roll,100,70,66
2025-12-08,Fish Bun,120,69,64
2025-12-08,Fish Patty,110,49,47
2025-12-08,Mini Pizza,220,52,48
2025-12-08,Sausage Bun,140,72,63
2025-12-08,Vegetable Roti,100,62,61
2025-12-09,Chicken Bun,130,81,74
2025-12-09,Chicken Pastry,180,100,90
2025-12-09,Chicken Samosa,90,82,75
2025-12-09,Cream Bun,120,50,46
2025-12-09,Egg Roll,100,66,62
2025-12-09,Fish Bun,120,86,79
2025-12-09,Fish Patty,110,65,62
2025-12-09,Mini Pizza,220,45,42
2025-12-09,Sausage Bun,140,63,58
2025-12-09,Vegetable Roti,100,67,63
2025-12-10,Chicken Bun,130,55,49
2025-12-10,Chicken Pastry,180,67,64
2025-12-10,Chicken Samosa,90,65,59
2025-12-10,Cream Bun,120,44,41
2025-12-10,Egg Roll,100,51,45
2025-12-10,Fish Bun,120,63,58
2025-12-10,Fish Patty,110,43,40
2025-12-10,Mini Pizza,220,38,35
2025-12-10,Sausage Bun,140,54,49
2025-12-10,Vegetable Roti,100,50,47
2025-12-11,Chicken Bun,130,53,51
2025-12-11,Chicken Pastry,180,70,66
2025-12-11,Chicken Samosa,90,60,53
2025-12-11,Cream Bun,120,37,34
2025-12-11,Egg Roll,100,46,42
2025-12-11,Fish Bun,120,59,56
2025-12-11,Fish Patty,110,45,42
2025-12-11,Mini Pizza,220,37,34
2025-12-11,Sausage Bun,140,44,41
2025-12-11,Vegetable Roti,100,46,45
2025-12-12,Chicken Bun,130,56,53
2025-12-12,Chicken Pastry,180,69,62
2025-12-12,Chicken Samosa,90,68,64
2025-12-12,Cream Bun,120,43,40
2025-12-12,Egg Roll,100,52,45
2025-12-12,Fish Bun,120,61,54
2025-12-12,Fish Patty,110,56,53
2025-12-12,Mini Pizza,220,35,33
2025-12-12,Sausage Bun,140,51,46
2025-12-12,Vegetable Roti,100,57,51
2025-12-13,Chicken Bun,130,71,63
2025-12-13,Chicken Pastry,180,85,75
2025-12-13,Chicken Samosa,90,71,68
2025-12-13,Cream Bun,120,43,41
2025-12-13,Egg Roll,100,55,50
2025-12-13,Fish Bun,120,66,62
2025-12-13,Fish Patty,110,47,46
2025-12-13,Mini Pizza,220,49,46
2025-12-13,Sausage Bun,140,54,52
2025-12-13,Vegetable Roti,100,47,43
2025-12-14,Chicken Bun,130,87,81
2025-12-14,Chicken Pastry,180,118,105
2025-12-14,Chicken Samosa,90,73,69
2025-12-14,Cream Bun,120,52,52
2025-12-14,Egg Roll,100,80,75
2025-12-14,Fish Bun,120,92,84
2025-12-14,Fish Patty,110,71,65
2025-12-14,Mini Pizza,220,61,56
2025-12-14,Sausage Bun,140,92,84
2025-12-14,Vegetable Roti,100,60,58
2025-12-15,Chicken Bun,130,72,70
2025-12-15,Chicken Pastry,180,118,107
2025-12-15,Chicken Samosa,90,77,71
2025-12-15,Cream Bun,120,59,53
2025-12-15,Egg Roll,100,66,62
2025-12-15,Fish Bun,120,76,73
2025-12-15,Fish Patty,110,56,52
2025-12-15,Mini Pizza,220,45,44
2025-12-15,Sausage Bun,140,66,63
2025-12-15,Vegetable Roti,100,74,69
2025-12-16,Chicken Bun,130,69,67
2025-12-16,Chicken Pastry,180,101,88
2025-12-16,Chicken Samosa,90,74,63
2025-12-16,Cream Bun,120,57,53
2025-12-16,Egg Roll,100,59,56
2025-12-16,Fish Bun,120,83,82
2025-12-16,Fish Patty,110,70,65
2025-12-16,Mini Pizza,220,52,46
2025-12-16,Sausage Bun,140,70,62
2025-12-16,Vegetable Roti,100,74,67
2025-12-17,Chicken Bun,130,80,72
2025-12-17,Chicken Pastry,180,96,87
2025-12-17,Chicken Samosa,90,80,71
2025-12-17,Cream Bun,120,52,47
2025-12-17,Egg Roll,100,72,65
2025-12-17,Fish Bun,120,85,80
2025-12-17,Fish Patty,110,60,56
2025-12-17,Mini Pizza,220,48,43
2025-12-17,Sausage Bun,140,54,51
2025-12-17,Vegetable Roti,100,58,55
2025-12-18,Chicken Bun,130,57,53
2025-12-18,Chicken Pastry,180,80,75
2025-12-18,Chicken Samosa,90,79,68
2025-12-18,Cream Bun,120,44,41
2025-12-18,Egg Roll,100,58,51
2025-12-18,Fish Bun,120,72,66
2025-12-18,Fish Patty,110,55,51
2025-12-18,Mini Pizza,220,40,36
2025-12-18,Sausage Bun,140,50,45
2025-12-18,Vegetable Roti,100,52,48
2025-12-19,Chicken Bun,130,65,56
2025-12-19,Chicken Pastry,180,98,93
2025-12-19,Chicken Samosa,90,83,82
2025-12-19,Cream Bun,120,48,46
2025-12-19,Egg Roll,100,60,58
2025-12-19,Fish Bun,120,81,76
2025-12-19,Fish Patty,110,56,54
2025-12-19,Mini Pizza,220,41,41
2025-12-19,Sausage Bun,140,69,60
2025-12-19,Vegetable Roti,100,62,56
2025-12-20,Chicken Bun,130,79,75
2025-12-20,Chicken Pastry,180,109,105
2025-12-20,Chicken Samosa,90,83,76
2025-12-20,Cream Bun,120,58,53
2025-12-20,Egg Roll,100,65,60
2025-12-20,Fish Bun,120,92,84
2025-12-20,Fish Patty,110,62,58
2025-12-20,Mini Pizza,220,54,50
2025-12-20,Sausage Bun,140,77,74
2025-12-20,Vegetable Roti,100,77,73
2025-12-21,Chicken Bun,130,99,88
2025-12-21,Chicken Pastry,180,125,116
2025-12-21,Chicken Samosa,90,84,80
2025-12-21,Cream Bun,120,65,60
2025-12-21,Egg Roll,100,75,70
2025-12-21,Fish Bun,120,87,80
2025-12-21,Fish Patty,110,69,64
2025-12-21,Mini Pizza,220,55,52
2025-12-21,Sausage Bun,140,72,64
2025-12-21,Vegetable Roti,100,76,69
2025-12-22,Chicken Bun,130,86,80
2025-12-22,Chicken Pastry,180,125,113
2025-12-22,Chicken Samosa,90,81,79
2025-12-22,Cream Bun,120,66,63
2025-12-22,Egg Roll,100,67,67
2025-12-22,Fish Bun,120,93,86
2025-12-22,Fish Patty,110,64,59
2025-12-22,Mini Pizza,220,62,57
2025-12-22,Sausage Bun,140,74,69
2025-12-22,Vegetable Roti,100,62,59
2025-12-23,Chicken Bun,130,78,74
2025-12-23,Chicken Pastry,180,104,93
2025-12-23,Chicken Samosa,90,75,69
2025-12-23,Cream Bun,120,58,55
2025-12-23,Egg Roll,100,75,71
2025-12-23,Fish Bun,120,79,70
2025-12-23,Fish Patty,110,73,68
2025-12-23,Mini Pizza,220,50,48
2025-12-23,Sausage Bun,140,75,66
2025-12-23,Vegetable Roti,100,69,60
2025-12-24,Chicken Bun,130,85,75
2025-12-24,Chicken Pastry,180,102,94
2025-12-24,Chicken Samosa,90,84,75
2025-12-24,Cream Bun,120,58,53
2025-12-24,Egg Roll,100,68,63
2025-12-24,Fish Bun,120,81,73
2025-12-24,Fish Patty,110,71,62
2025-12-24,Mini Pizza,220,53,50
2025-12-24,Sausage Bun,140,80,72
2025-12-24,Vegetable Roti,100,71,62
2025-12-25,Chicken Bun,130,85,75
2025-12-25,Chicken Pastry,180,139,131
2025-12-25,Chicken Samosa,90,89,76
2025-12-25,Cream Bun,120,69,68
2025-12-25,Egg Roll,100,86,82
2025-12-25,Fish Bun,120,93,89
2025-12-25,Fish Patty,110,76,67
2025-12-25,Mini Pizza,220,63,60
2025-12-25,Sausage Bun,140,96,86
2025-12-25,Vegetable Roti,100,82,75
2025-12-26,Chicken Bun,130,79,75
2025-12-26,Chicken Pastry,180,102,98
2025-12-26,Chicken Samosa,90,76,71
2025-12-26,Cream Bun,120,58,55
2025-12-26,Egg Roll,100,74,66
2025-12-26,Fish Bun,120,89,87
2025-12-26,Fish Patty,110,68,64
2025-12-26,Mini Pizza,220,58,55
2025-12-26,Sausage Bun,140,74,66
2025-12-26,Vegetable Roti,100,73,68
2025-12-27,Chicken Bun,130,95,84
2025-12-27,Chicken Pastry,180,134,128
2025-12-27,Chicken Samosa,90,99,95
2025-12-27,Cream Bun,120,77,66
2025-12-27,Egg Roll,100,77,72
2025-12-27,Fish Bun,120,96,89
2025-12-27,Fish Patty,110,77,70
2025-12-27,Mini Pizza,220,66,60
2025-12-27,Sausage Bun,140,83,79
2025-12-27,Vegetable Roti,100,81,74
2025-12-28,Chicken Bun,130,86,79
2025-12-28,Chicken Pastry,180,127,120
2025-12-28,Chicken Samosa,90,84,82
2025-12-28,Cream Bun,120,70,64
2025-12-28,Egg Roll,100,80,78
2025-12-28,Fish Bun,120,103,96
2025-12-28,Fish Patty,110,78,68
2025-12-28,Mini Pizza,220,66,58
2025-12-28,Sausage Bun,140,95,88
2025-12-28,Vegetable Roti,100,80,74
2025-12-29,Chicken Bun,130,89,81
2025-12-29,Chicken Pastry,180,98,95
2025-12-29,Chicken Samosa,90,80,75
2025-12-29,Cream Bun,120,58,56
2025-12-29,Egg Roll,100,76,68
2025-12-29,Fish Bun,120,77,72
2025-12-29,Fish Patty,110,63,57
2025-12-29,Mini Pizza,220,53,50
2025-12-29,Sausage Bun,140,82,72
2025-12-29,Vegetable Roti,100,74,67
2025-12-30,Chicken Bun,130,89,80
2025-12-30,Chicken Pastry,180,101,92
2025-12-30,Chicken Samosa,90,81,77
2025-12-30,Cream Bun,120,53,51
2025-12-30,Egg Roll,100,71,68
2025-12-30,Fish Bun,120,91,82
2025-12-30,Fish Patty,110,67,59
2025-12-30,Mini Pizza,220,50,49
2025-12-30,Sausage Bun,140,68,65
2025-12-30,Vegetable Roti,100,64,60
2025-12-31,Chicken Bun,130,59,53
2025-12-31,Chicken Pastry,180,83,75
2025-12-31,Chicken Samosa,90,59,55
2025-12-31,Cream Bun,120,40,38
2025-12-31,Egg Roll,100,57,54
2025-12-31,Fish Bun,120,71,66
2025-12-31,Fish Patty,110,50,47
2025-12-31,Mini Pizza,220,38,34
2025-12-31,Sausage Bun,140,55,52
2025-12-31,Vegetable Roti,100,54,48
